SET FOREIGN_KEY_CHECKS = 0;
USE sale_tmdt;
INSERT INTO app_category (id, name, slug, is_sub) VALUES (1, 'bàn ghế ăn', 'ban-ghe-an', 0) ON DUPLICATE KEY UPDATE name=name;
INSERT INTO app_category (id, name, slug, is_sub) VALUES (2, 'combo nội thất', 'combo-noi-that', 0) ON DUPLICATE KEY UPDATE name=name;
INSERT INTO app_category (id, name, slug, is_sub) VALUES (3, 'giường ngủ', 'giuong-ngu', 0) ON DUPLICATE KEY UPDATE name=name;
INSERT INTO app_category (id, name, slug, is_sub) VALUES (4, 'nội thất khác', 'nem', 0) ON DUPLICATE KEY UPDATE name=name;
INSERT INTO app_category (id, name, slug, is_sub) VALUES (5, 'sofa & ghế', 'sofa-ghe', 0) ON DUPLICATE KEY UPDATE name=name;
INSERT INTO app_category (id, name, slug, is_sub) VALUES (6, 'tủ kệ', 'tu-ke', 0) ON DUPLICATE KEY UPDATE name=name;
REPLACE INTO app_product (id, name, price, sale_price, digital, image, description, material, size, origin, quality) VALUES (1, 'bàn ăn gỗ cao su moho oslo 901', 4490000.0, 3990000.0, 0, 'main/ban-an-go-cao-su-moho-oslo-901_1.jpg', 'bàn ăn gỗ cao su moho oslo 901 nổi bật với kiểu dáng tối giản nhưng vẫn đảm bảo công năng sử dụng. chất liệu gỗ công nghiệp (mdf/mfc) giúp sản phẩm chống cong vênh và dễ vệ sinh. kích thước dài 1m4 x rộng 75cm x cao 73cm, phù hợp với nhiều không gian. mang lại không gian ấm cúng cho bữa ăn gia đình. tạo điểm nhấn sang trọng cho phòng ăn.', 'gỗ công nghiệp (mdf/mfc)', 'dài 1m4 x rộng 75cm x cao 73cm ', 'Việt Nam', 'Loại 1');
INSERT IGNORE INTO app_product_category (product_id, category_id) VALUES (1, 1);
INSERT IGNORE INTO app_productimage (product_id, image, date_added) VALUES (1, 'multiple/ban-an-go-cao-su-moho-oslo-901/ban-an-go-cao-su-moho-oslo-901_2.jpg', NOW());
INSERT IGNORE INTO app_productimage (product_id, image, date_added) VALUES (1, 'multiple/ban-an-go-cao-su-moho-oslo-901/ban-an-go-cao-su-moho-oslo-901_3.jpg', NOW());
INSERT IGNORE INTO app_productimage (product_id, image, date_added) VALUES (1, 'multiple/ban-an-go-cao-su-moho-oslo-901/ban-an-go-cao-su-moho-oslo-901_4.jpg', NOW());
INSERT IGNORE INTO app_productimage (product_id, image, date_added) VALUES (1, 'multiple/ban-an-go-cao-su-moho-oslo-901/ban-an-go-cao-su-moho-oslo-901_5.jpg', NOW());
REPLACE INTO app_product (id, name, price, sale_price, digital, image, description, material, size, origin, quality) VALUES (2, 'bàn ăn gỗ cao su tự nhiên hobro 301 (màu nâu)', 5890000.0, 4490000.0, 0, 'main/ban-an-go-cao-su-tu-nhien-hobro-301-mau-nau_1.jpg', 'bàn ăn gỗ cao su tự nhiên hobro 301 (màu nâu) mang phong cách hiện đại, phù hợp với không gian sống ngày nay. sản phẩm sử dụng chất liệu gỗ công nghiệp (mdf/mfc), đảm bảo độ bền và tính thẩm mỹ cao. kích thước rộng 800 x dài 1400/ 1600 x cao 752, phù hợp với nhiều không gian. phù hợp cho gia đình 4–6 người. tạo điểm nhấn sang trọng cho phòng ăn.', 'gỗ công nghiệp (mdf/mfc)', 'rộng 800 x dài 1400/ 1600 x cao 752', 'Việt Nam', 'Loại 1');
INSERT IGNORE INTO app_product_category (product_id, category_id) VALUES (2, 1);
INSERT IGNORE INTO app_productimage (product_id, image, date_added) VALUES (2, 'multiple/ban-an-go-cao-su-tu-nhien-hobro-301-mau-nau/ban-an-go-cao-su-tu-nhien-hobro-301-mau-nau_2.jpg', NOW());
INSERT IGNORE INTO app_productimage (product_id, image, date_added) VALUES (2, 'multiple/ban-an-go-cao-su-tu-nhien-hobro-301-mau-nau/ban-an-go-cao-su-tu-nhien-hobro-301-mau-nau_3.jpg', NOW());
INSERT IGNORE INTO app_productimage (product_id, image, date_added) VALUES (2, 'multiple/ban-an-go-cao-su-tu-nhien-hobro-301-mau-nau/ban-an-go-cao-su-tu-nhien-hobro-301-mau-nau_4.jpg', NOW());
INSERT IGNORE INTO app_productimage (product_id, image, date_added) VALUES (2, 'multiple/ban-an-go-cao-su-tu-nhien-hobro-301-mau-nau/ban-an-go-cao-su-tu-nhien-hobro-301-mau-nau_5.jpg', NOW());
REPLACE INTO app_product (id, name, price, sale_price, digital, image, description, material, size, origin, quality) VALUES (3, 'bàn ăn gỗ cao su tự nhiên moho vline 601 1m6', 4990000.0, 3990000.0, 0, 'main/ban-an-go-cao-su-tu-nhien-moho-vline-601-1m6_1.jpg', 'với thiết kế tinh tế, bàn ăn gỗ cao su tự nhiên moho vline 601 1m6 là lựa chọn lý tưởng cho mọi gia đình. được hoàn thiện từ gỗ cao su, sản phẩm mang lại sự chắc chắn và bền bỉ. thiết kế kích thước dài 160cm x rộng 75cm x cao 65cm, đáp ứng nhu cầu sử dụng linh hoạt. phù hợp cho gia đình 4–6 người. mang lại không gian ấm cúng cho bữa ăn gia đình.', 'gỗ cao su', 'dài 160cm x rộng 75cm x cao 65cm', 'Việt Nam', 'Loại 1');
INSERT IGNORE INTO app_product_category (product_id, category_id) VALUES (3, 1);
INSERT IGNORE INTO app_productimage (product_id, image, date_added) VALUES (3, 'multiple/ban-an-go-cao-su-tu-nhien-moho-vline-601-1m6/ban-an-go-cao-su-tu-nhien-moho-vline-601-1m6_2.jpg', NOW());
INSERT IGNORE INTO app_productimage (product_id, image, date_added) VALUES (3, 'multiple/ban-an-go-cao-su-tu-nhien-moho-vline-601-1m6/ban-an-go-cao-su-tu-nhien-moho-vline-601-1m6_3.jpg', NOW());
INSERT IGNORE INTO app_productimage (product_id, image, date_added) VALUES (3, 'multiple/ban-an-go-cao-su-tu-nhien-moho-vline-601-1m6/ban-an-go-cao-su-tu-nhien-moho-vline-601-1m6_4.jpg', NOW());
INSERT IGNORE INTO app_productimage (product_id, image, date_added) VALUES (3, 'multiple/ban-an-go-cao-su-tu-nhien-moho-vline-601-1m6/ban-an-go-cao-su-tu-nhien-moho-vline-601-1m6_5.jpg', NOW());
REPLACE INTO app_product (id, name, price, sale_price, digital, image, description, material, size, origin, quality) VALUES (4, 'bàn ăn gỗ cao su tự nhiên moho vline 602', 5190000.0, 4490000.0, 0, 'main/ban-an-go-cao-su-tu-nhien-moho-vline-602_1.jpg', 'bàn ăn gỗ cao su tự nhiên moho vline 602 mang phong cách hiện đại, phù hợp với không gian sống ngày nay. chất liệu gỗ cao su giúp sản phẩm chống cong vênh và dễ vệ sinh. kích thước dài 160cm x rộng 75cm x cao 75cm, phù hợp với nhiều không gian. phù hợp cho gia đình 4–6 người. tạo điểm nhấn sang trọng cho phòng ăn.', 'gỗ cao su', 'dài 160cm x rộng 75cm x cao 75cm', 'Việt Nam', 'Loại 1');
INSERT IGNORE INTO app_product_category (product_id, category_id) VALUES (4, 1);
INSERT IGNORE INTO app_productimage (product_id, image, date_added) VALUES (4, 'multiple/ban-an-go-cao-su-tu-nhien-moho-vline-602/ban-an-go-cao-su-tu-nhien-moho-vline-602_2.jpg', NOW());
INSERT IGNORE INTO app_productimage (product_id, image, date_added) VALUES (4, 'multiple/ban-an-go-cao-su-tu-nhien-moho-vline-602/ban-an-go-cao-su-tu-nhien-moho-vline-602_3.jpg', NOW());
INSERT IGNORE INTO app_productimage (product_id, image, date_added) VALUES (4, 'multiple/ban-an-go-cao-su-tu-nhien-moho-vline-602/ban-an-go-cao-su-tu-nhien-moho-vline-602_4.jpg', NOW());
INSERT IGNORE INTO app_productimage (product_id, image, date_added) VALUES (4, 'multiple/ban-an-go-cao-su-tu-nhien-moho-vline-602/ban-an-go-cao-su-tu-nhien-moho-vline-602_5.jpg', NOW());
REPLACE INTO app_product (id, name, price, sale_price, digital, image, description, material, size, origin, quality) VALUES (5, 'bàn ăn gỗ moho koster màu nâu', 4390000.0, 3490000.0, 0, 'main/ban-an-go-moho-koster-mau-nau_1.png', 'với thiết kế tinh tế, bàn ăn gỗ moho koster màu nâu là lựa chọn lý tưởng cho mọi gia đình. sản phẩm sử dụng chất liệu gỗ cao su, đảm bảo độ bền và tính thẩm mỹ cao. với kích thước dài 140 x rộng 70 x cao 75 (cm), sản phẩm tối ưu diện tích hiệu quả. mang lại không gian ấm cúng cho bữa ăn gia đình. phù hợp cho gia đình 4–6 người.', 'gỗ cao su', 'dài 140 x rộng 70 x cao 75 (cm) ', 'Việt Nam', 'Loại 1');
INSERT IGNORE INTO app_product_category (product_id, category_id) VALUES (5, 1);
INSERT IGNORE INTO app_productimage (product_id, image, date_added) VALUES (5, 'multiple/ban-an-go-moho-koster-mau-nau/ban-an-go-moho-koster-mau-nau_2.jpg', NOW());
INSERT IGNORE INTO app_productimage (product_id, image, date_added) VALUES (5, 'multiple/ban-an-go-moho-koster-mau-nau/ban-an-go-moho-koster-mau-nau_3.png', NOW());
INSERT IGNORE INTO app_productimage (product_id, image, date_added) VALUES (5, 'multiple/ban-an-go-moho-koster-mau-nau/ban-an-go-moho-koster-mau-nau_4.png', NOW());
INSERT IGNORE INTO app_productimage (product_id, image, date_added) VALUES (5, 'multiple/ban-an-go-moho-koster-mau-nau/ban-an-go-moho-koster-mau-nau_5.png', NOW());
REPLACE INTO app_product (id, name, price, sale_price, digital, image, description, material, size, origin, quality) VALUES (6, 'bàn ăn gỗ moho milan 901 màu gỗ', 3990000.0, 3490000.0, 0, 'main/ban-an-go-moho-milan-901-mau-go_1.jpg', 'bàn ăn gỗ moho milan 901 màu gỗ mang phong cách hiện đại, phù hợp với không gian sống ngày nay. được hoàn thiện từ gỗ tự nhiên câm xe, sản phẩm mang lại sự chắc chắn và bền bỉ. với kích thước dài 140 x rộng 70 x cao 75 (cm), sản phẩm tối ưu diện tích hiệu quả. tạo điểm nhấn sang trọng cho phòng ăn. phù hợp cho gia đình 4–6 người.', 'gỗ tự nhiên câm xe', 'dài 140 x rộng 70 x cao 75 (cm) ', 'Việt Nam', 'Loại 1');
INSERT IGNORE INTO app_product_category (product_id, category_id) VALUES (6, 1);
INSERT IGNORE INTO app_productimage (product_id, image, date_added) VALUES (6, 'multiple/ban-an-go-moho-milan-901-mau-go/ban-an-go-moho-milan-901-mau-go_2.jpg', NOW());
INSERT IGNORE INTO app_productimage (product_id, image, date_added) VALUES (6, 'multiple/ban-an-go-moho-milan-901-mau-go/ban-an-go-moho-milan-901-mau-go_3.jpg', NOW());
INSERT IGNORE INTO app_productimage (product_id, image, date_added) VALUES (6, 'multiple/ban-an-go-moho-milan-901-mau-go/ban-an-go-moho-milan-901-mau-go_4.jpg', NOW());
INSERT IGNORE INTO app_productimage (product_id, image, date_added) VALUES (6, 'multiple/ban-an-go-moho-milan-901-mau-go/ban-an-go-moho-milan-901-mau-go_5.jpg', NOW());
REPLACE INTO app_product (id, name, price, sale_price, digital, image, description, material, size, origin, quality) VALUES (7, 'bàn ăn gỗ moho narvik 1m2', 2790000.0, 2490000.0, 0, 'main/ban-an-go-moho-narvik-1m2_1.jpg', 'bàn ăn gỗ moho narvik 1m2 mang phong cách hiện đại, phù hợp với không gian sống ngày nay. chất liệu gỗ cao su giúp sản phẩm chống cong vênh và dễ vệ sinh. với kích thước dài 120 x rộng 75 x cao 75 cm, sản phẩm tối ưu diện tích hiệu quả. mang lại không gian ấm cúng cho bữa ăn gia đình. tạo điểm nhấn sang trọng cho phòng ăn.', 'gỗ cao su', 'dài 120 x rộng 75 x cao 75 cm ', 'Việt Nam', 'Loại 1');
INSERT IGNORE INTO app_product_category (product_id, category_id) VALUES (7, 1);
INSERT IGNORE INTO app_productimage (product_id, image, date_added) VALUES (7, 'multiple/ban-an-go-moho-narvik-1m2/ban-an-go-moho-narvik-1m2_2.jpg', NOW());
INSERT IGNORE INTO app_productimage (product_id, image, date_added) VALUES (7, 'multiple/ban-an-go-moho-narvik-1m2/ban-an-go-moho-narvik-1m2_3.jpg', NOW());
INSERT IGNORE INTO app_productimage (product_id, image, date_added) VALUES (7, 'multiple/ban-an-go-moho-narvik-1m2/ban-an-go-moho-narvik-1m2_4.jpg', NOW());
INSERT IGNORE INTO app_productimage (product_id, image, date_added) VALUES (7, 'multiple/ban-an-go-moho-narvik-1m2/ban-an-go-moho-narvik-1m2_5.jpg', NOW());
REPLACE INTO app_product (id, name, price, sale_price, digital, image, description, material, size, origin, quality) VALUES (8, 'bàn ăn gỗ tự nhiên plank | veneer gỗ sồi', 9990000.0, 8490000.0, 0, 'main/ban-an-go-tu-nhien-plank-veneer-go-soi_1.jpg', 'bàn ăn gỗ tự nhiên plank | veneer gỗ sồi mang phong cách hiện đại, phù hợp với không gian sống ngày nay. được hoàn thiện từ gỗ tự nhiên câm xe, sản phẩm mang lại sự chắc chắn và bền bỉ. thiết kế kích thước 160 x 85 x 75 cm, đáp ứng nhu cầu sử dụng linh hoạt. mang lại không gian ấm cúng cho bữa ăn gia đình. phù hợp cho gia đình 4–6 người.', 'gỗ tự nhiên câm xe', '160 x 85 x 75 cm', 'Việt Nam', 'Loại 1');
INSERT IGNORE INTO app_product_category (product_id, category_id) VALUES (8, 1);
INSERT IGNORE INTO app_productimage (product_id, image, date_added) VALUES (8, 'multiple/ban-an-go-tu-nhien-plank-veneer-go-soi/ban-an-go-tu-nhien-plank-veneer-go-soi_2.jpg', NOW());
INSERT IGNORE INTO app_productimage (product_id, image, date_added) VALUES (8, 'multiple/ban-an-go-tu-nhien-plank-veneer-go-soi/ban-an-go-tu-nhien-plank-veneer-go-soi_3.jpg', NOW());
INSERT IGNORE INTO app_productimage (product_id, image, date_added) VALUES (8, 'multiple/ban-an-go-tu-nhien-plank-veneer-go-soi/ban-an-go-tu-nhien-plank-veneer-go-soi_4.jpg', NOW());
INSERT IGNORE INTO app_productimage (product_id, image, date_added) VALUES (8, 'multiple/ban-an-go-tu-nhien-plank-veneer-go-soi/ban-an-go-tu-nhien-plank-veneer-go-soi_5.jpg', NOW());
REPLACE INTO app_product (id, name, price, sale_price, digital, image, description, material, size, origin, quality) VALUES (9, 'bàn ăn scania (màu tự nhiên, mặt vân đá, 140)', 5690000.0, 4490000.0, 0, 'main/ban-an-scania-mau-tu-nhien-mat-van-da-140_1.jpg', 'bàn ăn scania (màu tự nhiên, mặt vân đá, 140) nổi bật với kiểu dáng tối giản nhưng vẫn đảm bảo công năng sử dụng. sản phẩm sử dụng chất liệu gỗ ốc chó, đảm bảo độ bền và tính thẩm mỹ cao. kích thước dài  140cm x rộng 70cm x cao 75cm, phù hợp với nhiều không gian. tạo điểm nhấn sang trọng cho phòng ăn. mang lại không gian ấm cúng cho bữa ăn gia đình.', 'gỗ ốc chó', 'dài  140cm x rộng 70cm x cao 75cm', 'Việt Nam', 'Loại 1');
INSERT IGNORE INTO app_product_category (product_id, category_id) VALUES (9, 1);
INSERT IGNORE INTO app_productimage (product_id, image, date_added) VALUES (9, 'multiple/ban-an-scania-mau-tu-nhien-mat-van-da-140/ban-an-scania-mau-tu-nhien-mat-van-da-140_2.jpg', NOW());
INSERT IGNORE INTO app_productimage (product_id, image, date_added) VALUES (9, 'multiple/ban-an-scania-mau-tu-nhien-mat-van-da-140/ban-an-scania-mau-tu-nhien-mat-van-da-140_3.jpg', NOW());
INSERT IGNORE INTO app_productimage (product_id, image, date_added) VALUES (9, 'multiple/ban-an-scania-mau-tu-nhien-mat-van-da-140/ban-an-scania-mau-tu-nhien-mat-van-da-140_4.jpg', NOW());
INSERT IGNORE INTO app_productimage (product_id, image, date_added) VALUES (9, 'multiple/ban-an-scania-mau-tu-nhien-mat-van-da-140/ban-an-scania-mau-tu-nhien-mat-van-da-140_5.jpg', NOW());
REPLACE INTO app_product (id, name, price, sale_price, digital, image, description, material, size, origin, quality) VALUES (10, 'bàn ăn tròn oslo (màu nâu 100)', 5490000.0, 3490000.0, 0, 'main/ban-an-tron-oslo-mau-nau-100_1.jpg', 'với thiết kế tinh tế, bàn ăn tròn oslo (màu nâu 100) là lựa chọn lý tưởng cho mọi gia đình. sản phẩm sử dụng chất liệu gỗ tự nhiên câm xe, đảm bảo độ bền và tính thẩm mỹ cao. kích thước đường kính 100cm x cao 75cm | mặt bàn : đường kính 100cm | cao : 750cm, phù hợp với nhiều không gian. mang lại không gian ấm cúng cho bữa ăn gia đình. tạo điểm nhấn sang trọng cho phòng ăn.', 'gỗ tự nhiên câm xe', 'đường kính 100cm x cao 75cm | mặt bàn : đường kính 100cm | cao : 750cm ', 'Việt Nam', 'Loại 1');
INSERT IGNORE INTO app_product_category (product_id, category_id) VALUES (10, 1);
INSERT IGNORE INTO app_productimage (product_id, image, date_added) VALUES (10, 'multiple/ban-an-tron-oslo-mau-nau-100/ban-an-tron-oslo-mau-nau-100_2.jpg', NOW());
INSERT IGNORE INTO app_productimage (product_id, image, date_added) VALUES (10, 'multiple/ban-an-tron-oslo-mau-nau-100/ban-an-tron-oslo-mau-nau-100_3.jpg', NOW());
REPLACE INTO app_product (id, name, price, sale_price, digital, image, description, material, size, origin, quality) VALUES (11, 'bàn ăn tròn oslo (màu tự nhiên 100)', 5490000.0, 3490000.0, 0, 'main/ban-an-tron-oslo-mau-tu-nhien-100_1.jpg', 'bàn ăn tròn oslo (màu tự nhiên 100) nổi bật với kiểu dáng tối giản nhưng vẫn đảm bảo công năng sử dụng. được hoàn thiện từ gỗ tự nhiên câm xe, sản phẩm mang lại sự chắc chắn và bền bỉ. với kích thước đường kính 100cm x cao 75cm, sản phẩm tối ưu diện tích hiệu quả. phù hợp cho gia đình 4–6 người. mang lại không gian ấm cúng cho bữa ăn gia đình.', 'gỗ tự nhiên câm xe', 'đường kính 100cm x cao 75cm ', 'Việt Nam', 'Loại 1');
INSERT IGNORE INTO app_product_category (product_id, category_id) VALUES (11, 1);
INSERT IGNORE INTO app_productimage (product_id, image, date_added) VALUES (11, 'multiple/ban-an-tron-oslo-mau-tu-nhien-100/ban-an-tron-oslo-mau-tu-nhien-100_2.jpg', NOW());
INSERT IGNORE INTO app_productimage (product_id, image, date_added) VALUES (11, 'multiple/ban-an-tron-oslo-mau-tu-nhien-100/ban-an-tron-oslo-mau-tu-nhien-100_3.jpg', NOW());
INSERT IGNORE INTO app_productimage (product_id, image, date_added) VALUES (11, 'multiple/ban-an-tron-oslo-mau-tu-nhien-100/ban-an-tron-oslo-mau-tu-nhien-100_4.jpg', NOW());
INSERT IGNORE INTO app_productimage (product_id, image, date_added) VALUES (11, 'multiple/ban-an-tron-oslo-mau-tu-nhien-100/ban-an-tron-oslo-mau-tu-nhien-100_5.jpg', NOW());
REPLACE INTO app_product (id, name, price, sale_price, digital, image, description, material, size, origin, quality) VALUES (12, 'bàn làm việc gỗ moho fyn 601 màu nâu', 3290000.0, 2990000.0, 0, 'main/ban-lam-viec-go-moho-fyn-601-mau-nau_1.jpg', 'bàn làm việc gỗ moho fyn 601 màu nâu nổi bật với kiểu dáng tối giản nhưng vẫn đảm bảo công năng sử dụng. được hoàn thiện từ gỗ tự nhiên câm xe, sản phẩm mang lại sự chắc chắn và bền bỉ. với kích thước kích thước bàn: dài 120cm x rộng 60cm x cao 74cm | kích thước hộc kéo: dài 23cm x rộng 40cm x cao 70cm, sản phẩm tối ưu diện tích hiệu quả. mang lại không gian ấm cúng cho bữa ăn gia đình. tạo điểm nhấn sang trọng cho phòng ăn.', 'gỗ tự nhiên câm xe', 'kích thước bàn: dài 120cm x rộng 60cm x cao 74cm | kích thước hộc kéo: dài 23cm x rộng 40cm x cao 70cm', 'Việt Nam', 'Loại 1');
INSERT IGNORE INTO app_product_category (product_id, category_id) VALUES (12, 1);
INSERT IGNORE INTO app_productimage (product_id, image, date_added) VALUES (12, 'multiple/ban-lam-viec-go-moho-fyn-601-mau-nau/ban-lam-viec-go-moho-fyn-601-mau-nau_2.jpg', NOW());
INSERT IGNORE INTO app_productimage (product_id, image, date_added) VALUES (12, 'multiple/ban-lam-viec-go-moho-fyn-601-mau-nau/ban-lam-viec-go-moho-fyn-601-mau-nau_3.jpg', NOW());
INSERT IGNORE INTO app_productimage (product_id, image, date_added) VALUES (12, 'multiple/ban-lam-viec-go-moho-fyn-601-mau-nau/ban-lam-viec-go-moho-fyn-601-mau-nau_4.jpg', NOW());
INSERT IGNORE INTO app_productimage (product_id, image, date_added) VALUES (12, 'multiple/ban-lam-viec-go-moho-fyn-601-mau-nau/ban-lam-viec-go-moho-fyn-601-mau-nau_5.jpg', NOW());
REPLACE INTO app_product (id, name, price, sale_price, digital, image, description, material, size, origin, quality) VALUES (13, 'bàn làm việc gỗ moho fyn 601 màu tự nhiên', 3290000.0, 2990000.0, 0, 'main/ban-lam-viec-go-moho-fyn-601-mau-tu-nhien_1.jpg', 'bàn làm việc gỗ moho fyn 601 màu tự nhiên mang phong cách hiện đại, phù hợp với không gian sống ngày nay. sản phẩm sử dụng chất liệu gỗ ốc chó, đảm bảo độ bền và tính thẩm mỹ cao. thiết kế kích thước kích thước bàn: dài 120cm x rộng 60cm x cao 74cm | kích thước hộc kéo: dài 23cm x rộng 40cm x cao 70cm, đáp ứng nhu cầu sử dụng linh hoạt. mang lại không gian ấm cúng cho bữa ăn gia đình. phù hợp cho gia đình 4–6 người.', 'gỗ ốc chó', 'kích thước bàn: dài 120cm x rộng 60cm x cao 74cm | kích thước hộc kéo: dài 23cm x rộng 40cm x cao 70cm', 'Việt Nam', 'Loại 1');
INSERT IGNORE INTO app_product_category (product_id, category_id) VALUES (13, 1);
INSERT IGNORE INTO app_productimage (product_id, image, date_added) VALUES (13, 'multiple/ban-lam-viec-go-moho-fyn-601-mau-tu-nhien/ban-lam-viec-go-moho-fyn-601-mau-tu-nhien_2.jpg', NOW());
INSERT IGNORE INTO app_productimage (product_id, image, date_added) VALUES (13, 'multiple/ban-lam-viec-go-moho-fyn-601-mau-tu-nhien/ban-lam-viec-go-moho-fyn-601-mau-tu-nhien_3.jpg', NOW());
INSERT IGNORE INTO app_productimage (product_id, image, date_added) VALUES (13, 'multiple/ban-lam-viec-go-moho-fyn-601-mau-tu-nhien/ban-lam-viec-go-moho-fyn-601-mau-tu-nhien_4.jpg', NOW());
INSERT IGNORE INTO app_productimage (product_id, image, date_added) VALUES (13, 'multiple/ban-lam-viec-go-moho-fyn-601-mau-tu-nhien/ban-lam-viec-go-moho-fyn-601-mau-tu-nhien_5.jpg', NOW());
REPLACE INTO app_product (id, name, price, sale_price, digital, image, description, material, size, origin, quality) VALUES (14, 'bàn làm việc gỗ moho vline 601 màu nâu', 2990000.0, 2490000.0, 0, 'main/ban-lam-viec-go-moho-vline-601-mau-nau_1.jpg', 'bàn làm việc gỗ moho vline 601 màu nâu nổi bật với kiểu dáng tối giản nhưng vẫn đảm bảo công năng sử dụng. sản phẩm sử dụng chất liệu gỗ công nghiệp (mdf/mfc), đảm bảo độ bền và tính thẩm mỹ cao. kích thước dài 110cm x rộng 55cm x cao 74cm, phù hợp với nhiều không gian. phù hợp cho gia đình 4–6 người. mang lại không gian ấm cúng cho bữa ăn gia đình.', 'gỗ công nghiệp (mdf/mfc)', 'dài 110cm x rộng 55cm x cao 74cm ', 'Việt Nam', 'Loại 1');
INSERT IGNORE INTO app_product_category (product_id, category_id) VALUES (14, 1);
INSERT IGNORE INTO app_productimage (product_id, image, date_added) VALUES (14, 'multiple/ban-lam-viec-go-moho-vline-601-mau-nau/ban-lam-viec-go-moho-vline-601-mau-nau_2.jpg', NOW());
INSERT IGNORE INTO app_productimage (product_id, image, date_added) VALUES (14, 'multiple/ban-lam-viec-go-moho-vline-601-mau-nau/ban-lam-viec-go-moho-vline-601-mau-nau_3.jpg', NOW());
INSERT IGNORE INTO app_productimage (product_id, image, date_added) VALUES (14, 'multiple/ban-lam-viec-go-moho-vline-601-mau-nau/ban-lam-viec-go-moho-vline-601-mau-nau_4.jpg', NOW());
INSERT IGNORE INTO app_productimage (product_id, image, date_added) VALUES (14, 'multiple/ban-lam-viec-go-moho-vline-601-mau-nau/ban-lam-viec-go-moho-vline-601-mau-nau_5.png', NOW());
REPLACE INTO app_product (id, name, price, sale_price, digital, image, description, material, size, origin, quality) VALUES (15, 'bàn làm việc gỗ moho vline 601 màu tự nhiên', 2990000.0, 2490000.0, 0, 'main/ban-lam-viec-go-moho-vline-601-mau-tu-nhien_1.jpg', 'bàn làm việc gỗ moho vline 601 màu tự nhiên nổi bật với kiểu dáng tối giản nhưng vẫn đảm bảo công năng sử dụng. được hoàn thiện từ gỗ công nghiệp (mdf/mfc), sản phẩm mang lại sự chắc chắn và bền bỉ. kích thước dài 110cm x rộng 55cm x cao 74cm, phù hợp với nhiều không gian. phù hợp cho gia đình 4–6 người. mang lại không gian ấm cúng cho bữa ăn gia đình.', 'gỗ công nghiệp (mdf/mfc)', 'dài 110cm x rộng 55cm x cao 74cm ', 'Việt Nam', 'Loại 1');
INSERT IGNORE INTO app_product_category (product_id, category_id) VALUES (15, 1);
INSERT IGNORE INTO app_productimage (product_id, image, date_added) VALUES (15, 'multiple/ban-lam-viec-go-moho-vline-601-mau-tu-nhien/ban-lam-viec-go-moho-vline-601-mau-tu-nhien_2.jpg', NOW());
INSERT IGNORE INTO app_productimage (product_id, image, date_added) VALUES (15, 'multiple/ban-lam-viec-go-moho-vline-601-mau-tu-nhien/ban-lam-viec-go-moho-vline-601-mau-tu-nhien_3.jpg', NOW());
INSERT IGNORE INTO app_productimage (product_id, image, date_added) VALUES (15, 'multiple/ban-lam-viec-go-moho-vline-601-mau-tu-nhien/ban-lam-viec-go-moho-vline-601-mau-tu-nhien_4.jpg', NOW());
INSERT IGNORE INTO app_productimage (product_id, image, date_added) VALUES (15, 'multiple/ban-lam-viec-go-moho-vline-601-mau-tu-nhien/ban-lam-viec-go-moho-vline-601-mau-tu-nhien_5.jpg', NOW());
REPLACE INTO app_product (id, name, price, sale_price, digital, image, description, material, size, origin, quality) VALUES (16, 'bàn máy tính gỗ moho works 702', 3290000.0, 1799000.0, 0, 'main/ban-may-tinh-go-moho-works-702_1.jpg', 'với thiết kế tinh tế, bàn máy tính gỗ moho works 702 là lựa chọn lý tưởng cho mọi gia đình. được hoàn thiện từ gỗ ốc chó, sản phẩm mang lại sự chắc chắn và bền bỉ. thiết kế kích thước dài 120cm x rộng 60cm x cao 72cm | giá đỡ ổ điện: dài 33cm x rộng 9.74cm x rộng, đáp ứng nhu cầu sử dụng linh hoạt. mang lại không gian ấm cúng cho bữa ăn gia đình. tạo điểm nhấn sang trọng cho phòng ăn.', 'gỗ ốc chó', 'dài 120cm x rộng 60cm x cao 72cm | giá đỡ ổ điện: dài 33cm x rộng 9.74cm x rộng ', 'Việt Nam', 'Loại 1');
INSERT IGNORE INTO app_product_category (product_id, category_id) VALUES (16, 1);
INSERT IGNORE INTO app_productimage (product_id, image, date_added) VALUES (16, 'multiple/ban-may-tinh-go-moho-works-702/ban-may-tinh-go-moho-works-702_2.jpg', NOW());
INSERT IGNORE INTO app_productimage (product_id, image, date_added) VALUES (16, 'multiple/ban-may-tinh-go-moho-works-702/ban-may-tinh-go-moho-works-702_3.jpg', NOW());
INSERT IGNORE INTO app_productimage (product_id, image, date_added) VALUES (16, 'multiple/ban-may-tinh-go-moho-works-702/ban-may-tinh-go-moho-works-702_4.jpg', NOW());
INSERT IGNORE INTO app_productimage (product_id, image, date_added) VALUES (16, 'multiple/ban-may-tinh-go-moho-works-702/ban-may-tinh-go-moho-works-702_5.jpg', NOW());
REPLACE INTO app_product (id, name, price, sale_price, digital, image, description, material, size, origin, quality) VALUES (17, 'bàn trang điểm gỗ đa năng  moho vienna 202 màu tự nhiên', 5490000.0, 3990000.0, 0, 'main/ban-trang-diem-go-da-nang-moho-vienna-202-mau-tu-nhien_1.jpg', 'với thiết kế tinh tế, bàn trang điểm gỗ đa năng  moho vienna 202 màu tự nhiên là lựa chọn lý tưởng cho mọi gia đình. được hoàn thiện từ gỗ cẩm lai, sản phẩm mang lại sự chắc chắn và bền bỉ. thiết kế kích thước bàn trang điểm: dài 100cm x rộng 40cm x cao 75cm | gương trang điểm: dài 60cm x cao 55cm, đáp ứng nhu cầu sử dụng linh hoạt. phù hợp cho gia đình 4–6 người. mang lại không gian ấm cúng cho bữa ăn gia đình.', 'gỗ cẩm lai', 'bàn trang điểm: dài 100cm x rộng 40cm x cao 75cm | gương trang điểm: dài 60cm x cao 55cm ', 'Việt Nam', 'Loại 1');
INSERT IGNORE INTO app_product_category (product_id, category_id) VALUES (17, 1);
INSERT IGNORE INTO app_productimage (product_id, image, date_added) VALUES (17, 'multiple/ban-trang-diem-go-da-nang-moho-vienna-202-mau-tu-nhien/ban-trang-diem-go-da-nang-moho-vienna-202-mau-tu-nhien_2.jpg', NOW());
INSERT IGNORE INTO app_productimage (product_id, image, date_added) VALUES (17, 'multiple/ban-trang-diem-go-da-nang-moho-vienna-202-mau-tu-nhien/ban-trang-diem-go-da-nang-moho-vienna-202-mau-tu-nhien_3.jpg', NOW());
INSERT IGNORE INTO app_productimage (product_id, image, date_added) VALUES (17, 'multiple/ban-trang-diem-go-da-nang-moho-vienna-202-mau-tu-nhien/ban-trang-diem-go-da-nang-moho-vienna-202-mau-tu-nhien_4.jpg', NOW());
INSERT IGNORE INTO app_productimage (product_id, image, date_added) VALUES (17, 'multiple/ban-trang-diem-go-da-nang-moho-vienna-202-mau-tu-nhien/ban-trang-diem-go-da-nang-moho-vienna-202-mau-tu-nhien_5.jpg', NOW());
REPLACE INTO app_product (id, name, price, sale_price, digital, image, description, material, size, origin, quality) VALUES (18, 'bàn trang điểm gỗ đa năng moho vienna 202 màu nâu', 5490000.0, 3990000.0, 0, 'main/ban-trang-diem-go-da-nang-moho-vienna-202-mau-nau_1.jpg', 'bàn trang điểm gỗ đa năng moho vienna 202 màu nâu mang phong cách hiện đại, phù hợp với không gian sống ngày nay. sản phẩm sử dụng chất liệu gỗ ốc chó, đảm bảo độ bền và tính thẩm mỹ cao. kích thước bàn trang điểm: dài 100cm x rộng 40cm x cao 75cm | gương trang điểm: dài 60cm x cao 55cm, phù hợp với nhiều không gian. tạo điểm nhấn sang trọng cho phòng ăn. mang lại không gian ấm cúng cho bữa ăn gia đình.', 'gỗ ốc chó', 'bàn trang điểm: dài 100cm x rộng 40cm x cao 75cm | gương trang điểm: dài 60cm x cao 55cm ', 'Việt Nam', 'Loại 1');
INSERT IGNORE INTO app_product_category (product_id, category_id) VALUES (18, 1);
INSERT IGNORE INTO app_productimage (product_id, image, date_added) VALUES (18, 'multiple/ban-trang-diem-go-da-nang-moho-vienna-202-mau-nau/ban-trang-diem-go-da-nang-moho-vienna-202-mau-nau_2.jpg', NOW());
INSERT IGNORE INTO app_productimage (product_id, image, date_added) VALUES (18, 'multiple/ban-trang-diem-go-da-nang-moho-vienna-202-mau-nau/ban-trang-diem-go-da-nang-moho-vienna-202-mau-nau_3.jpg', NOW());
INSERT IGNORE INTO app_productimage (product_id, image, date_added) VALUES (18, 'multiple/ban-trang-diem-go-da-nang-moho-vienna-202-mau-nau/ban-trang-diem-go-da-nang-moho-vienna-202-mau-nau_4.jpg', NOW());
INSERT IGNORE INTO app_productimage (product_id, image, date_added) VALUES (18, 'multiple/ban-trang-diem-go-da-nang-moho-vienna-202-mau-nau/ban-trang-diem-go-da-nang-moho-vienna-202-mau-nau_5.jpg', NOW());
REPLACE INTO app_product (id, name, price, sale_price, digital, image, description, material, size, origin, quality) VALUES (19, 'bộ bàn ăn 4 ghế 6 ghế gỗ tự nhiên scania (màu nâu mặt vân đá)', 15650000.0, 10490000.0, 0, 'main/bo-ban-an-4-ghe-6-ghe-go-tu-nhien-scania-mau-nau-mat-van-da_1.jpg', 'bộ bàn ăn 4 ghế 6 ghế gỗ tự nhiên scania (màu nâu mặt vân đá) mang phong cách hiện đại, phù hợp với không gian sống ngày nay. chất liệu gỗ cẩm lai giúp sản phẩm chống cong vênh và dễ vệ sinh. với kích thước bàn ăn: dài  140cm x rộng 70cm x cao 75cm, sản phẩm tối ưu diện tích hiệu quả. tạo điểm nhấn sang trọng cho phòng ăn. mang lại không gian ấm cúng cho bữa ăn gia đình.', 'gỗ cẩm lai', 'bàn ăn: dài  140cm x rộng 70cm x cao 75cm', 'Việt Nam', 'Loại 1');
INSERT IGNORE INTO app_product_category (product_id, category_id) VALUES (19, 1);
INSERT IGNORE INTO app_productimage (product_id, image, date_added) VALUES (19, 'multiple/bo-ban-an-4-ghe-6-ghe-go-tu-nhien-scania-mau-nau-mat-van-da/bo-ban-an-4-ghe-6-ghe-go-tu-nhien-scania-mau-nau-mat-van-da_2.jpg', NOW());
INSERT IGNORE INTO app_productimage (product_id, image, date_added) VALUES (19, 'multiple/bo-ban-an-4-ghe-6-ghe-go-tu-nhien-scania-mau-nau-mat-van-da/bo-ban-an-4-ghe-6-ghe-go-tu-nhien-scania-mau-nau-mat-van-da_3.jpg', NOW());
INSERT IGNORE INTO app_productimage (product_id, image, date_added) VALUES (19, 'multiple/bo-ban-an-4-ghe-6-ghe-go-tu-nhien-scania-mau-nau-mat-van-da/bo-ban-an-4-ghe-6-ghe-go-tu-nhien-scania-mau-nau-mat-van-da_4.jpg', NOW());
INSERT IGNORE INTO app_productimage (product_id, image, date_added) VALUES (19, 'multiple/bo-ban-an-4-ghe-6-ghe-go-tu-nhien-scania-mau-nau-mat-van-da/bo-ban-an-4-ghe-6-ghe-go-tu-nhien-scania-mau-nau-mat-van-da_5.jpg', NOW());
REPLACE INTO app_product (id, name, price, sale_price, digital, image, description, material, size, origin, quality) VALUES (20, 'bộ bàn ăn 4 ghế gỗ moho milan 901 (1m25)', 13550000.0, 8490000.0, 0, 'main/bo-ban-an-4-ghe-go-moho-milan-901-1m25_1.jpg', 'với thiết kế tinh tế, bộ bàn ăn 4 ghế gỗ moho milan 901 (1m25) là lựa chọn lý tưởng cho mọi gia đình. chất liệu gỗ ốc chó giúp sản phẩm chống cong vênh và dễ vệ sinh. kích thước bàn ăn: dài 125cm x rộng 75cm x cao 74cm | ghế ăn odessa: dài 43cm x rộng 51cm x cao 92cm, phù hợp với nhiều không gian. tạo điểm nhấn sang trọng cho phòng ăn. phù hợp cho gia đình 4–6 người.', 'gỗ ốc chó', 'bàn ăn: dài 125cm x rộng 75cm x cao 74cm | ghế ăn odessa: dài 43cm x rộng 51cm x cao 92cm ', 'Việt Nam', 'Loại 1');
INSERT IGNORE INTO app_product_category (product_id, category_id) VALUES (20, 1);
INSERT IGNORE INTO app_productimage (product_id, image, date_added) VALUES (20, 'multiple/bo-ban-an-4-ghe-go-moho-milan-901-1m25/bo-ban-an-4-ghe-go-moho-milan-901-1m25_2.jpg', NOW());
INSERT IGNORE INTO app_productimage (product_id, image, date_added) VALUES (20, 'multiple/bo-ban-an-4-ghe-go-moho-milan-901-1m25/bo-ban-an-4-ghe-go-moho-milan-901-1m25_3.jpg', NOW());
INSERT IGNORE INTO app_productimage (product_id, image, date_added) VALUES (20, 'multiple/bo-ban-an-4-ghe-go-moho-milan-901-1m25/bo-ban-an-4-ghe-go-moho-milan-901-1m25_4.jpg', NOW());
INSERT IGNORE INTO app_productimage (product_id, image, date_added) VALUES (20, 'multiple/bo-ban-an-4-ghe-go-moho-milan-901-1m25/bo-ban-an-4-ghe-go-moho-milan-901-1m25_5.jpg', NOW());
REPLACE INTO app_product (id, name, price, sale_price, digital, image, description, material, size, origin, quality) VALUES (21, 'bộ bàn ăn 6 ghế gỗ tự nhiên plank', 27930000.0, 19490000.0, 0, 'main/bo-ban-an-6-ghe-go-tu-nhien-plank_1.jpg', 'bộ bàn ăn 6 ghế gỗ tự nhiên plank nổi bật với kiểu dáng tối giản nhưng vẫn đảm bảo công năng sử dụng. chất liệu gỗ cao su giúp sản phẩm chống cong vênh và dễ vệ sinh. kích thước kích thước bàn : dài 160 x rộng 80 x cao 75 cm | kích thước ghế băng : dài 140 x rộng 37 x cao 45 cm, phù hợp với nhiều không gian. mang lại không gian ấm cúng cho bữa ăn gia đình. tạo điểm nhấn sang trọng cho phòng ăn.', 'gỗ cao su', 'kích thước bàn : dài 160 x rộng 80 x cao 75 cm | kích thước ghế băng : dài 140 x rộng 37 x cao 45 cm', 'Việt Nam', 'Loại 1');
INSERT IGNORE INTO app_product_category (product_id, category_id) VALUES (21, 1);
INSERT IGNORE INTO app_productimage (product_id, image, date_added) VALUES (21, 'multiple/bo-ban-an-6-ghe-go-tu-nhien-plank/bo-ban-an-6-ghe-go-tu-nhien-plank_2.jpg', NOW());
INSERT IGNORE INTO app_productimage (product_id, image, date_added) VALUES (21, 'multiple/bo-ban-an-6-ghe-go-tu-nhien-plank/bo-ban-an-6-ghe-go-tu-nhien-plank_3.jpg', NOW());
INSERT IGNORE INTO app_productimage (product_id, image, date_added) VALUES (21, 'multiple/bo-ban-an-6-ghe-go-tu-nhien-plank/bo-ban-an-6-ghe-go-tu-nhien-plank_4.jpg', NOW());
INSERT IGNORE INTO app_productimage (product_id, image, date_added) VALUES (21, 'multiple/bo-ban-an-6-ghe-go-tu-nhien-plank/bo-ban-an-6-ghe-go-tu-nhien-plank_5.jpg', NOW());
REPLACE INTO app_product (id, name, price, sale_price, digital, image, description, material, size, origin, quality) VALUES (22, 'bộ bàn ăn gỗ 4 ghế 6 ghế scania (màu tự nhiên, mặt vân đá)', 13650000.0, 9990000.0, 0, 'main/bo-ban-an-go-4-ghe-6-ghe-scania-mau-tu-nhien-mat-van-da_1.jpg', 'bộ bàn ăn gỗ 4 ghế 6 ghế scania (màu tự nhiên, mặt vân đá) nổi bật với kiểu dáng tối giản nhưng vẫn đảm bảo công năng sử dụng. sản phẩm sử dụng chất liệu gỗ cẩm lai, đảm bảo độ bền và tính thẩm mỹ cao. thiết kế kích thước dài  140cm x rộng 70cm x cao 75cm, đáp ứng nhu cầu sử dụng linh hoạt. tạo điểm nhấn sang trọng cho phòng ăn. phù hợp cho gia đình 4–6 người.', 'gỗ cẩm lai', 'dài  140cm x rộng 70cm x cao 75cm', 'Việt Nam', 'Loại 1');
INSERT IGNORE INTO app_product_category (product_id, category_id) VALUES (22, 1);
INSERT IGNORE INTO app_productimage (product_id, image, date_added) VALUES (22, 'multiple/bo-ban-an-go-4-ghe-6-ghe-scania-mau-tu-nhien-mat-van-da/bo-ban-an-go-4-ghe-6-ghe-scania-mau-tu-nhien-mat-van-da_2.jpg', NOW());
INSERT IGNORE INTO app_productimage (product_id, image, date_added) VALUES (22, 'multiple/bo-ban-an-go-4-ghe-6-ghe-scania-mau-tu-nhien-mat-van-da/bo-ban-an-go-4-ghe-6-ghe-scania-mau-tu-nhien-mat-van-da_3.jpg', NOW());
INSERT IGNORE INTO app_productimage (product_id, image, date_added) VALUES (22, 'multiple/bo-ban-an-go-4-ghe-6-ghe-scania-mau-tu-nhien-mat-van-da/bo-ban-an-go-4-ghe-6-ghe-scania-mau-tu-nhien-mat-van-da_4.jpg', NOW());
INSERT IGNORE INTO app_productimage (product_id, image, date_added) VALUES (22, 'multiple/bo-ban-an-go-4-ghe-6-ghe-scania-mau-tu-nhien-mat-van-da/bo-ban-an-go-4-ghe-6-ghe-scania-mau-tu-nhien-mat-van-da_5.jpg', NOW());
REPLACE INTO app_product (id, name, price, sale_price, digital, image, description, material, size, origin, quality) VALUES (23, 'bộ bàn ăn gỗ 4 ghế cao su moho oslo 601', 13250000.0, 9490000.0, 0, 'main/bo-ban-an-go-4-ghe-cao-su-moho-oslo-601_1.jpg', 'với thiết kế tinh tế, bộ bàn ăn gỗ 4 ghế cao su moho oslo 601 là lựa chọn lý tưởng cho mọi gia đình. sản phẩm sử dụng chất liệu gỗ cao su, đảm bảo độ bền và tính thẩm mỹ cao. với kích thước bàn ăn: dài 140cm x rộng 75cm x cao 73cm | ghế ăn odessa: dài 43cm x rộng 51cm x cao 92cm, sản phẩm tối ưu diện tích hiệu quả. mang lại không gian ấm cúng cho bữa ăn gia đình. tạo điểm nhấn sang trọng cho phòng ăn.', 'gỗ cao su', 'bàn ăn: dài 140cm x rộng 75cm x cao 73cm | ghế ăn odessa: dài 43cm x rộng 51cm x cao 92cm ', 'Việt Nam', 'Loại 1');
INSERT IGNORE INTO app_product_category (product_id, category_id) VALUES (23, 1);
INSERT IGNORE INTO app_productimage (product_id, image, date_added) VALUES (23, 'multiple/bo-ban-an-go-4-ghe-cao-su-moho-oslo-601/bo-ban-an-go-4-ghe-cao-su-moho-oslo-601_2.jpg', NOW());
INSERT IGNORE INTO app_productimage (product_id, image, date_added) VALUES (23, 'multiple/bo-ban-an-go-4-ghe-cao-su-moho-oslo-601/bo-ban-an-go-4-ghe-cao-su-moho-oslo-601_3.jpg', NOW());
INSERT IGNORE INTO app_productimage (product_id, image, date_added) VALUES (23, 'multiple/bo-ban-an-go-4-ghe-cao-su-moho-oslo-601/bo-ban-an-go-4-ghe-cao-su-moho-oslo-601_4.jpg', NOW());
INSERT IGNORE INTO app_productimage (product_id, image, date_added) VALUES (23, 'multiple/bo-ban-an-go-4-ghe-cao-su-moho-oslo-601/bo-ban-an-go-4-ghe-cao-su-moho-oslo-601_5.jpg', NOW());
REPLACE INTO app_product (id, name, price, sale_price, digital, image, description, material, size, origin, quality) VALUES (24, 'bộ bàn ăn gỗ 6 ghế cao su moho oslo 601', 18230000.0, 12490000.0, 0, 'main/bo-ban-an-go-6-ghe-cao-su-moho-oslo-601_1.jpg', 'với thiết kế tinh tế, bộ bàn ăn gỗ 6 ghế cao su moho oslo 601 là lựa chọn lý tưởng cho mọi gia đình. sản phẩm sử dụng chất liệu gỗ cao su, đảm bảo độ bền và tính thẩm mỹ cao. thiết kế kích thước bàn ăn: dài 140cm x rộng 75cm x cao 73cm | ghế ăn oslo: dài 50cm x rộng 51cm x cao 81cm, đáp ứng nhu cầu sử dụng linh hoạt. tạo điểm nhấn sang trọng cho phòng ăn. phù hợp cho gia đình 4–6 người.', 'gỗ cao su', 'bàn ăn: dài 140cm x rộng 75cm x cao 73cm | ghế ăn oslo: dài 50cm x rộng 51cm x cao 81cm ', 'Việt Nam', 'Loại 1');
INSERT IGNORE INTO app_product_category (product_id, category_id) VALUES (24, 1);
INSERT IGNORE INTO app_productimage (product_id, image, date_added) VALUES (24, 'multiple/bo-ban-an-go-6-ghe-cao-su-moho-oslo-601/bo-ban-an-go-6-ghe-cao-su-moho-oslo-601_2.jpg', NOW());
INSERT IGNORE INTO app_productimage (product_id, image, date_added) VALUES (24, 'multiple/bo-ban-an-go-6-ghe-cao-su-moho-oslo-601/bo-ban-an-go-6-ghe-cao-su-moho-oslo-601_3.jpg', NOW());
INSERT IGNORE INTO app_productimage (product_id, image, date_added) VALUES (24, 'multiple/bo-ban-an-go-6-ghe-cao-su-moho-oslo-601/bo-ban-an-go-6-ghe-cao-su-moho-oslo-601_4.jpg', NOW());
INSERT IGNORE INTO app_productimage (product_id, image, date_added) VALUES (24, 'multiple/bo-ban-an-go-6-ghe-cao-su-moho-oslo-601/bo-ban-an-go-6-ghe-cao-su-moho-oslo-601_5.jpg', NOW());
REPLACE INTO app_product (id, name, price, sale_price, digital, image, description, material, size, origin, quality) VALUES (25, 'bộ bàn ăn gỗ cao su tự nhiên moho vline 601', 12950000.0, 8990000.0, 0, 'main/bo-ban-an-go-cao-su-tu-nhien-moho-vline-601_1.jpg', 'bộ bàn ăn gỗ cao su tự nhiên moho vline 601 nổi bật với kiểu dáng tối giản nhưng vẫn đảm bảo công năng sử dụng. chất liệu gỗ cao su giúp sản phẩm chống cong vênh và dễ vệ sinh. với kích thước bàn ăn: dài 160cm x rộng 80cm x cao 65cm, sản phẩm tối ưu diện tích hiệu quả. mang lại không gian ấm cúng cho bữa ăn gia đình. phù hợp cho gia đình 4–6 người.', 'gỗ cao su', 'bàn ăn: dài 160cm x rộng 80cm x cao 65cm', 'Việt Nam', 'Loại 1');
INSERT IGNORE INTO app_product_category (product_id, category_id) VALUES (25, 1);
INSERT IGNORE INTO app_productimage (product_id, image, date_added) VALUES (25, 'multiple/bo-ban-an-go-cao-su-tu-nhien-moho-vline-601/bo-ban-an-go-cao-su-tu-nhien-moho-vline-601_2.jpg', NOW());
INSERT IGNORE INTO app_productimage (product_id, image, date_added) VALUES (25, 'multiple/bo-ban-an-go-cao-su-tu-nhien-moho-vline-601/bo-ban-an-go-cao-su-tu-nhien-moho-vline-601_3.jpg', NOW());
INSERT IGNORE INTO app_productimage (product_id, image, date_added) VALUES (25, 'multiple/bo-ban-an-go-cao-su-tu-nhien-moho-vline-601/bo-ban-an-go-cao-su-tu-nhien-moho-vline-601_4.jpg', NOW());
INSERT IGNORE INTO app_productimage (product_id, image, date_added) VALUES (25, 'multiple/bo-ban-an-go-cao-su-tu-nhien-moho-vline-601/bo-ban-an-go-cao-su-tu-nhien-moho-vline-601_5.jpg', NOW());
REPLACE INTO app_product (id, name, price, sale_price, digital, image, description, material, size, origin, quality) VALUES (26, 'bộ bàn ăn gỗ cao su tự nhiên moho vline 602 (75cm)', 13950000.0, 8990000.0, 0, 'main/bo-ban-an-go-cao-su-tu-nhien-moho-vline-602-75cm_1.jpg', 'bộ bàn ăn gỗ cao su tự nhiên moho vline 602 (75cm) mang phong cách hiện đại, phù hợp với không gian sống ngày nay. chất liệu gỗ cao su giúp sản phẩm chống cong vênh và dễ vệ sinh. kích thước dài 160cm x rộng 75cm x cao 75cm | ghế ăn odessa: dài 43cm x rộng 51cm x cao 92cm, phù hợp với nhiều không gian. mang lại không gian ấm cúng cho bữa ăn gia đình. tạo điểm nhấn sang trọng cho phòng ăn.', 'gỗ cao su', 'dài 160cm x rộng 75cm x cao 75cm | ghế ăn odessa: dài 43cm x rộng 51cm x cao 92cm ', 'Việt Nam', 'Loại 1');
INSERT IGNORE INTO app_product_category (product_id, category_id) VALUES (26, 1);
INSERT IGNORE INTO app_productimage (product_id, image, date_added) VALUES (26, 'multiple/bo-ban-an-go-cao-su-tu-nhien-moho-vline-602-75cm/bo-ban-an-go-cao-su-tu-nhien-moho-vline-602-75cm_2.jpg', NOW());
INSERT IGNORE INTO app_productimage (product_id, image, date_added) VALUES (26, 'multiple/bo-ban-an-go-cao-su-tu-nhien-moho-vline-602-75cm/bo-ban-an-go-cao-su-tu-nhien-moho-vline-602-75cm_3.jpg', NOW());
INSERT IGNORE INTO app_productimage (product_id, image, date_added) VALUES (26, 'multiple/bo-ban-an-go-cao-su-tu-nhien-moho-vline-602-75cm/bo-ban-an-go-cao-su-tu-nhien-moho-vline-602-75cm_4.jpg', NOW());
INSERT IGNORE INTO app_productimage (product_id, image, date_added) VALUES (26, 'multiple/bo-ban-an-go-cao-su-tu-nhien-moho-vline-602-75cm/bo-ban-an-go-cao-su-tu-nhien-moho-vline-602-75cm_5.jpg', NOW());
REPLACE INTO app_product (id, name, price, sale_price, digital, image, description, material, size, origin, quality) VALUES (27, 'bộ bàn ăn oslo tròn (màu nâu, 100)', 13450000.0, 8990000.0, 0, 'main/bo-ban-an-oslo-tron-mau-nau-100_1.jpg', 'với thiết kế tinh tế, bộ bàn ăn oslo tròn (màu nâu, 100) là lựa chọn lý tưởng cho mọi gia đình. chất liệu gỗ ốc chó giúp sản phẩm chống cong vênh và dễ vệ sinh. kích thước bàn ăn: đường kính 100cm x rộng 75cm | ghế ăn oslo: dài 50cm x rộng 51cm x cao 81cm, phù hợp với nhiều không gian. phù hợp cho gia đình 4–6 người. tạo điểm nhấn sang trọng cho phòng ăn.', 'gỗ ốc chó', 'bàn ăn: đường kính 100cm x rộng 75cm | ghế ăn oslo: dài 50cm x rộng 51cm x cao 81cm', 'Việt Nam', 'Loại 1');
INSERT IGNORE INTO app_product_category (product_id, category_id) VALUES (27, 1);
INSERT IGNORE INTO app_productimage (product_id, image, date_added) VALUES (27, 'multiple/bo-ban-an-oslo-tron-mau-nau-100/bo-ban-an-oslo-tron-mau-nau-100_2.jpg', NOW());
INSERT IGNORE INTO app_productimage (product_id, image, date_added) VALUES (27, 'multiple/bo-ban-an-oslo-tron-mau-nau-100/bo-ban-an-oslo-tron-mau-nau-100_3.jpg', NOW());
INSERT IGNORE INTO app_productimage (product_id, image, date_added) VALUES (27, 'multiple/bo-ban-an-oslo-tron-mau-nau-100/bo-ban-an-oslo-tron-mau-nau-100_4.jpg', NOW());
INSERT IGNORE INTO app_productimage (product_id, image, date_added) VALUES (27, 'multiple/bo-ban-an-oslo-tron-mau-nau-100/bo-ban-an-oslo-tron-mau-nau-100_5.jpg', NOW());
REPLACE INTO app_product (id, name, price, sale_price, digital, image, description, material, size, origin, quality) VALUES (28, 'bộ bàn ăn tròn oslo (màu tự nhiên, 100)', 13450000.0, 8990000.0, 0, 'main/bo-ban-an-tron-oslo-mau-tu-nhien-100_1.jpg', 'bộ bàn ăn tròn oslo (màu tự nhiên, 100) mang phong cách hiện đại, phù hợp với không gian sống ngày nay. chất liệu gỗ cẩm lai giúp sản phẩm chống cong vênh và dễ vệ sinh. thiết kế kích thước bàn ăn: đường kính 100cm x cao 75cm | ghế ăn oslo: dài 50cm x rộng 51cm x cao 81cm, đáp ứng nhu cầu sử dụng linh hoạt. mang lại không gian ấm cúng cho bữa ăn gia đình. phù hợp cho gia đình 4–6 người.', 'gỗ cẩm lai', 'bàn ăn: đường kính 100cm x cao 75cm | ghế ăn oslo: dài 50cm x rộng 51cm x cao 81cm', 'Việt Nam', 'Loại 1');
INSERT IGNORE INTO app_product_category (product_id, category_id) VALUES (28, 1);
INSERT IGNORE INTO app_productimage (product_id, image, date_added) VALUES (28, 'multiple/bo-ban-an-tron-oslo-mau-tu-nhien-100/bo-ban-an-tron-oslo-mau-tu-nhien-100_2.jpg', NOW());
INSERT IGNORE INTO app_productimage (product_id, image, date_added) VALUES (28, 'multiple/bo-ban-an-tron-oslo-mau-tu-nhien-100/bo-ban-an-tron-oslo-mau-tu-nhien-100_3.jpg', NOW());
INSERT IGNORE INTO app_productimage (product_id, image, date_added) VALUES (28, 'multiple/bo-ban-an-tron-oslo-mau-tu-nhien-100/bo-ban-an-tron-oslo-mau-tu-nhien-100_4.jpg', NOW());
INSERT IGNORE INTO app_productimage (product_id, image, date_added) VALUES (28, 'multiple/bo-ban-an-tron-oslo-mau-tu-nhien-100/bo-ban-an-tron-oslo-mau-tu-nhien-100_5.jpg', NOW());
REPLACE INTO app_product (id, name, price, sale_price, digital, image, description, material, size, origin, quality) VALUES (29, 'bộ bàn ghế ăn 4 ghế gỗ tự nhiên plank', 21950000.0, 15990000.0, 0, 'main/bo-ban-ghe-an-4-ghe-go-tu-nhien-plank_1.jpg', 'với thiết kế tinh tế, bộ bàn ghế ăn 4 ghế gỗ tự nhiên plank là lựa chọn lý tưởng cho mọi gia đình. chất liệu gỗ ốc chó giúp sản phẩm chống cong vênh và dễ vệ sinh. kích thước kích thước bàn : dài 160 x rộng 80 x cao 75 cm, phù hợp với nhiều không gian. tạo điểm nhấn sang trọng cho phòng ăn. mang lại không gian ấm cúng cho bữa ăn gia đình.', 'gỗ ốc chó', 'kích thước bàn : dài 160 x rộng 80 x cao 75 cm', 'Việt Nam', 'Loại 1');
INSERT IGNORE INTO app_product_category (product_id, category_id) VALUES (29, 1);
INSERT IGNORE INTO app_productimage (product_id, image, date_added) VALUES (29, 'multiple/bo-ban-ghe-an-4-ghe-go-tu-nhien-plank/bo-ban-ghe-an-4-ghe-go-tu-nhien-plank_2.jpg', NOW());
INSERT IGNORE INTO app_productimage (product_id, image, date_added) VALUES (29, 'multiple/bo-ban-ghe-an-4-ghe-go-tu-nhien-plank/bo-ban-ghe-an-4-ghe-go-tu-nhien-plank_3.jpg', NOW());
INSERT IGNORE INTO app_productimage (product_id, image, date_added) VALUES (29, 'multiple/bo-ban-ghe-an-4-ghe-go-tu-nhien-plank/bo-ban-ghe-an-4-ghe-go-tu-nhien-plank_4.jpg', NOW());
INSERT IGNORE INTO app_productimage (product_id, image, date_added) VALUES (29, 'multiple/bo-ban-ghe-an-4-ghe-go-tu-nhien-plank/bo-ban-ghe-an-4-ghe-go-tu-nhien-plank_5.jpg', NOW());
REPLACE INTO app_product (id, name, price, sale_price, digital, image, description, material, size, origin, quality) VALUES (30, 'ghế bàn ăn gỗ tự nhiên plank', 2990000.0, 1990000.0, 0, 'main/ghe-ban-an-go-tu-nhien-plank_1.jpg', 'ghế bàn ăn gỗ tự nhiên plank nổi bật với kiểu dáng tối giản nhưng vẫn đảm bảo công năng sử dụng. được hoàn thiện từ gỗ cao su, sản phẩm mang lại sự chắc chắn và bền bỉ. với kích thước tựa lưng: gỗ plywood uốn cong, đạt tiêu chuẩn carb-p2 – an toàn cho sức khỏe, thân thiện môi trường, sản phẩm tối ưu diện tích hiệu quả. phù hợp cho gia đình 4–6 người. mang lại không gian ấm cúng cho bữa ăn gia đình.', 'gỗ cao su', 'tựa lưng: gỗ plywood uốn cong, đạt tiêu chuẩn carb-p2 – an toàn cho sức khỏe, thân thiện môi trường ', 'Việt Nam', 'Loại 1');
INSERT IGNORE INTO app_product_category (product_id, category_id) VALUES (30, 1);
INSERT IGNORE INTO app_productimage (product_id, image, date_added) VALUES (30, 'multiple/ghe-ban-an-go-tu-nhien-plank/ghe-ban-an-go-tu-nhien-plank_2.jpg', NOW());
INSERT IGNORE INTO app_productimage (product_id, image, date_added) VALUES (30, 'multiple/ghe-ban-an-go-tu-nhien-plank/ghe-ban-an-go-tu-nhien-plank_3.jpg', NOW());
INSERT IGNORE INTO app_productimage (product_id, image, date_added) VALUES (30, 'multiple/ghe-ban-an-go-tu-nhien-plank/ghe-ban-an-go-tu-nhien-plank_4.jpg', NOW());
INSERT IGNORE INTO app_productimage (product_id, image, date_added) VALUES (30, 'multiple/ghe-ban-an-go-tu-nhien-plank/ghe-ban-an-go-tu-nhien-plank_5.jpg', NOW());
REPLACE INTO app_product (id, name, price, sale_price, digital, image, description, material, size, origin, quality) VALUES (31, 'combo basic phòng ăn narvik 201 màu tự nhiên', 9150000.0, 7420000.0, 0, 'main/combo-basic-phong-an-narvik-201-mau-tu-nhien_1.jpg', 'combo basic phòng ăn narvik 201 màu tự nhiên mang phong cách hiện đại, phù hợp với không gian sống ngày nay. chất liệu gỗ cao su giúp sản phẩm chống cong vênh và dễ vệ sinh. kích thước 1 bàn ăn: dài 120 x rộng 75 x cao 75 cm | 4 ghế ăn: dài 48 x rộng 40 x cao 80 cm, phù hợp với nhiều không gian. giải pháp nội thất đồng bộ và tiện lợi. tạo sự hài hòa cho không gian.', 'gỗ cao su', '1 bàn ăn: dài 120 x rộng 75 x cao 75 cm | 4 ghế ăn: dài 48 x rộng 40 x cao 80 cm', 'Việt Nam', 'Loại 1');
INSERT IGNORE INTO app_product_category (product_id, category_id) VALUES (31, 2);
INSERT IGNORE INTO app_productimage (product_id, image, date_added) VALUES (31, 'multiple/combo-basic-phong-an-narvik-201-mau-tu-nhien/combo-basic-phong-an-narvik-201-mau-tu-nhien_2.jpg', NOW());
INSERT IGNORE INTO app_productimage (product_id, image, date_added) VALUES (31, 'multiple/combo-basic-phong-an-narvik-201-mau-tu-nhien/combo-basic-phong-an-narvik-201-mau-tu-nhien_3.jpg', NOW());
INSERT IGNORE INTO app_productimage (product_id, image, date_added) VALUES (31, 'multiple/combo-basic-phong-an-narvik-201-mau-tu-nhien/combo-basic-phong-an-narvik-201-mau-tu-nhien_4.jpg', NOW());
INSERT IGNORE INTO app_productimage (product_id, image, date_added) VALUES (31, 'multiple/combo-basic-phong-an-narvik-201-mau-tu-nhien/combo-basic-phong-an-narvik-201-mau-tu-nhien_5.jpg', NOW());
REPLACE INTO app_product (id, name, price, sale_price, digital, image, description, material, size, origin, quality) VALUES (32, 'combo basic phòng khách 4 món moho hobro', 32360000.0, 23490000.0, 0, 'main/combo-basic-phong-khach-4-mon-moho-hobro_1.png', 'combo basic phòng khách 4 món moho hobro nổi bật với kiểu dáng tối giản nhưng vẫn đảm bảo công năng sử dụng. chất liệu gỗ cao su giúp sản phẩm chống cong vênh và dễ vệ sinh. kích thước ghế sofa (bên phải 3 gối) : rộng 90 x dài 100 x cao 70 cm | ghế đôn : rộng 70 x dài 70 x cao 40 cm, phù hợp với nhiều không gian. giải pháp nội thất đồng bộ và tiện lợi. tiết kiệm chi phí khi mua trọn bộ.', 'gỗ cao su', 'ghế sofa (bên phải 3 gối) : rộng 90 x dài 100 x cao 70 cm | ghế đôn : rộng 70 x dài 70 x cao 40 cm', 'Việt Nam', 'Loại 1');
INSERT IGNORE INTO app_product_category (product_id, category_id) VALUES (32, 2);
INSERT IGNORE INTO app_productimage (product_id, image, date_added) VALUES (32, 'multiple/combo-basic-phong-khach-4-mon-moho-hobro/combo-basic-phong-khach-4-mon-moho-hobro_2.png', NOW());
INSERT IGNORE INTO app_productimage (product_id, image, date_added) VALUES (32, 'multiple/combo-basic-phong-khach-4-mon-moho-hobro/combo-basic-phong-khach-4-mon-moho-hobro_3.png', NOW());
INSERT IGNORE INTO app_productimage (product_id, image, date_added) VALUES (32, 'multiple/combo-basic-phong-khach-4-mon-moho-hobro/combo-basic-phong-khach-4-mon-moho-hobro_4.png', NOW());
INSERT IGNORE INTO app_productimage (product_id, image, date_added) VALUES (32, 'multiple/combo-basic-phong-khach-4-mon-moho-hobro/combo-basic-phong-khach-4-mon-moho-hobro_5.png', NOW());
REPLACE INTO app_product (id, name, price, sale_price, digital, image, description, material, size, origin, quality) VALUES (33, 'combo basic phòng khách narvik 201 màu tự nhiên', 12780000.0, 9490000.0, 0, 'main/combo-basic-phong-khach-narvik-201-mau-tu-nhien_1.png', 'với thiết kế tinh tế, combo basic phòng khách narvik 201 màu tự nhiên là lựa chọn lý tưởng cho mọi gia đình. sản phẩm sử dụng chất liệu gỗ cao su, đảm bảo độ bền và tính thẩm mỹ cao. thiết kế kích thước ghế sofa (bên phải 5 gối) : rộng 90 x dài 100 x cao 70 cm | ghế đôn : rộng 70 x dài 70 x cao 40 cm, đáp ứng nhu cầu sử dụng linh hoạt. tạo sự hài hòa cho không gian. giải pháp nội thất đồng bộ và tiện lợi.', 'gỗ cao su', 'ghế sofa (bên phải 5 gối) : rộng 90 x dài 100 x cao 70 cm | ghế đôn : rộng 70 x dài 70 x cao 40 cm', 'Việt Nam', 'Loại 1');
INSERT IGNORE INTO app_product_category (product_id, category_id) VALUES (33, 2);
INSERT IGNORE INTO app_productimage (product_id, image, date_added) VALUES (33, 'multiple/combo-basic-phong-khach-narvik-201-mau-tu-nhien/combo-basic-phong-khach-narvik-201-mau-tu-nhien_2.jpg', NOW());
INSERT IGNORE INTO app_productimage (product_id, image, date_added) VALUES (33, 'multiple/combo-basic-phong-khach-narvik-201-mau-tu-nhien/combo-basic-phong-khach-narvik-201-mau-tu-nhien_3.jpg', NOW());
INSERT IGNORE INTO app_productimage (product_id, image, date_added) VALUES (33, 'multiple/combo-basic-phong-khach-narvik-201-mau-tu-nhien/combo-basic-phong-khach-narvik-201-mau-tu-nhien_4.jpg', NOW());
INSERT IGNORE INTO app_productimage (product_id, image, date_added) VALUES (33, 'multiple/combo-basic-phong-khach-narvik-201-mau-tu-nhien/combo-basic-phong-khach-narvik-201-mau-tu-nhien_5.jpg', NOW());
REPLACE INTO app_product (id, name, price, sale_price, digital, image, description, material, size, origin, quality) VALUES (34, 'combo basic phòng khách ubeda 201 màu nâu', 10770000.0, 5699000.0, 0, 'main/combo-basic-phong-khach-ubeda-201-mau-nau_1.jpg', 'combo basic phòng khách ubeda 201 màu nâu nổi bật với kiểu dáng tối giản nhưng vẫn đảm bảo công năng sử dụng. được hoàn thiện từ gỗ tràm, sản phẩm mang lại sự chắc chắn và bền bỉ. kích thước 1 sofa ubeda: dài 1600 x rộng 780 x cao 750 | 1 ghế đôn ubeda: dài 400 x rộng 400 x cao 350 | 1 bàn, phù hợp với nhiều không gian. giải pháp nội thất đồng bộ và tiện lợi. tiết kiệm chi phí khi mua trọn bộ.', 'gỗ tràm', '1 sofa ubeda: dài 1600 x rộng 780 x cao 750 | 1 ghế đôn ubeda: dài 400 x rộng 400 x cao 350 | 1 bàn ', 'Việt Nam', 'Loại 1');
INSERT IGNORE INTO app_product_category (product_id, category_id) VALUES (34, 2);
INSERT IGNORE INTO app_productimage (product_id, image, date_added) VALUES (34, 'multiple/combo-basic-phong-khach-ubeda-201-mau-nau/combo-basic-phong-khach-ubeda-201-mau-nau_2.jpg', NOW());
INSERT IGNORE INTO app_productimage (product_id, image, date_added) VALUES (34, 'multiple/combo-basic-phong-khach-ubeda-201-mau-nau/combo-basic-phong-khach-ubeda-201-mau-nau_3.jpg', NOW());
INSERT IGNORE INTO app_productimage (product_id, image, date_added) VALUES (34, 'multiple/combo-basic-phong-khach-ubeda-201-mau-nau/combo-basic-phong-khach-ubeda-201-mau-nau_4.jpg', NOW());
INSERT IGNORE INTO app_productimage (product_id, image, date_added) VALUES (34, 'multiple/combo-basic-phong-khach-ubeda-201-mau-nau/combo-basic-phong-khach-ubeda-201-mau-nau_5.jpg', NOW());
REPLACE INTO app_product (id, name, price, sale_price, digital, image, description, material, size, origin, quality) VALUES (35, 'combo basic phòng khách ubeda 201 màu tự nhiên', 10770000.0, 5699000.0, 0, 'main/combo-basic-phong-khach-ubeda-201-mau-tu-nhien_1.jpg', 'combo basic phòng khách ubeda 201 màu tự nhiên nổi bật với kiểu dáng tối giản nhưng vẫn đảm bảo công năng sử dụng. được hoàn thiện từ gỗ cao su, sản phẩm mang lại sự chắc chắn và bền bỉ. kích thước 1 sofa ubeda: dài 1600 x rộng 780 x cao 750 | 1 ghế đôn ubeda: dài 400 x rộng 400 x cao 350 | 1 bàn, phù hợp với nhiều không gian. tiết kiệm chi phí khi mua trọn bộ. giải pháp nội thất đồng bộ và tiện lợi.', 'gỗ cao su', '1 sofa ubeda: dài 1600 x rộng 780 x cao 750 | 1 ghế đôn ubeda: dài 400 x rộng 400 x cao 350 | 1 bàn ', 'Việt Nam', 'Loại 1');
INSERT IGNORE INTO app_product_category (product_id, category_id) VALUES (35, 2);
INSERT IGNORE INTO app_productimage (product_id, image, date_added) VALUES (35, 'multiple/combo-basic-phong-khach-ubeda-201-mau-tu-nhien/combo-basic-phong-khach-ubeda-201-mau-tu-nhien_2.jpg', NOW());
INSERT IGNORE INTO app_productimage (product_id, image, date_added) VALUES (35, 'multiple/combo-basic-phong-khach-ubeda-201-mau-tu-nhien/combo-basic-phong-khach-ubeda-201-mau-tu-nhien_3.jpg', NOW());
INSERT IGNORE INTO app_productimage (product_id, image, date_added) VALUES (35, 'multiple/combo-basic-phong-khach-ubeda-201-mau-tu-nhien/combo-basic-phong-khach-ubeda-201-mau-tu-nhien_4.jpg', NOW());
INSERT IGNORE INTO app_productimage (product_id, image, date_added) VALUES (35, 'multiple/combo-basic-phong-khach-ubeda-201-mau-tu-nhien/combo-basic-phong-khach-ubeda-201-mau-tu-nhien_5.jpg', NOW());
REPLACE INTO app_product (id, name, price, sale_price, digital, image, description, material, size, origin, quality) VALUES (36, 'combo basic phòng ngủ 4 món moho hobro', 23180000.0, 17490000.0, 0, 'main/combo-basic-phong-ngu-4-mon-moho-hobro_1.jpg', 'với thiết kế tinh tế, combo basic phòng ngủ 4 món moho hobro là lựa chọn lý tưởng cho mọi gia đình. chất liệu gỗ tràm giúp sản phẩm chống cong vênh và dễ vệ sinh. kích thước giường ngủ: rộng 1710 x dài 2110 x cao 900 | tủ đầu giường: rộng 600 x dài 400 x cao 500 | tủ quần, phù hợp với nhiều không gian. tiết kiệm chi phí khi mua trọn bộ. giải pháp nội thất đồng bộ và tiện lợi.', 'gỗ tràm', 'giường ngủ: rộng 1710 x dài 2110 x cao 900 | tủ đầu giường: rộng 600 x dài 400 x cao 500 | tủ quần ', 'Việt Nam', 'Loại 1');
INSERT IGNORE INTO app_product_category (product_id, category_id) VALUES (36, 2);
INSERT IGNORE INTO app_productimage (product_id, image, date_added) VALUES (36, 'multiple/combo-basic-phong-ngu-4-mon-moho-hobro/combo-basic-phong-ngu-4-mon-moho-hobro_2.jpg', NOW());
INSERT IGNORE INTO app_productimage (product_id, image, date_added) VALUES (36, 'multiple/combo-basic-phong-ngu-4-mon-moho-hobro/combo-basic-phong-ngu-4-mon-moho-hobro_3.jpg', NOW());
INSERT IGNORE INTO app_productimage (product_id, image, date_added) VALUES (36, 'multiple/combo-basic-phong-ngu-4-mon-moho-hobro/combo-basic-phong-ngu-4-mon-moho-hobro_4.jpg', NOW());
INSERT IGNORE INTO app_productimage (product_id, image, date_added) VALUES (36, 'multiple/combo-basic-phong-ngu-4-mon-moho-hobro/combo-basic-phong-ngu-4-mon-moho-hobro_5.jpg', NOW());
REPLACE INTO app_product (id, name, price, sale_price, digital, image, description, material, size, origin, quality) VALUES (37, 'combo basic phòng ngủ moho koster màu nâu', 10380000.0, 7990000.0, 0, 'main/combo-basic-phong-ngu-moho-koster-mau-nau_1.jpg', 'với thiết kế tinh tế, combo basic phòng ngủ moho koster màu nâu là lựa chọn lý tưởng cho mọi gia đình. được hoàn thiện từ gỗ cao su, sản phẩm mang lại sự chắc chắn và bền bỉ. thiết kế kích thước combo basic 2 gồm: 1 giường ngủ 1m6, 1 tủ quần áo 2 cánh 1m2 | 1 tủ đầu giường (mfbscdd01.b05): w500, đáp ứng nhu cầu sử dụng linh hoạt. tiết kiệm chi phí khi mua trọn bộ. giải pháp nội thất đồng bộ và tiện lợi.', 'gỗ cao su', 'combo basic 2 gồm: 1 giường ngủ 1m6, 1 tủ quần áo 2 cánh 1m2 | 1 tủ đầu giường (mfbscdd01.b05): w500', 'Việt Nam', 'Loại 1');
INSERT IGNORE INTO app_product_category (product_id, category_id) VALUES (37, 2);
INSERT IGNORE INTO app_productimage (product_id, image, date_added) VALUES (37, 'multiple/combo-basic-phong-ngu-moho-koster-mau-nau/combo-basic-phong-ngu-moho-koster-mau-nau_2.jpg', NOW());
INSERT IGNORE INTO app_productimage (product_id, image, date_added) VALUES (37, 'multiple/combo-basic-phong-ngu-moho-koster-mau-nau/combo-basic-phong-ngu-moho-koster-mau-nau_3.jpg', NOW());
INSERT IGNORE INTO app_productimage (product_id, image, date_added) VALUES (37, 'multiple/combo-basic-phong-ngu-moho-koster-mau-nau/combo-basic-phong-ngu-moho-koster-mau-nau_4.jpg', NOW());
INSERT IGNORE INTO app_productimage (product_id, image, date_added) VALUES (37, 'multiple/combo-basic-phong-ngu-moho-koster-mau-nau/combo-basic-phong-ngu-moho-koster-mau-nau_5.jpg', NOW());
REPLACE INTO app_product (id, name, price, sale_price, digital, image, description, material, size, origin, quality) VALUES (38, 'combo basic phòng ngủ narvik 201 màu tự nhiên', 7980000.0, 6990000.0, 0, 'main/combo-basic-phong-ngu-narvik-201-mau-tu-nhien_1.png', 'combo basic phòng ngủ narvik 201 màu tự nhiên mang phong cách hiện đại, phù hợp với không gian sống ngày nay. được hoàn thiện từ gỗ cao su, sản phẩm mang lại sự chắc chắn và bền bỉ. với kích thước 1 giường ngủ: dài 205 x rộng 165 x cao 85 cm | 1 tủ đầu giường: dài 55 x rộng 40 x cao 50 cm | chất, sản phẩm tối ưu diện tích hiệu quả. giải pháp nội thất đồng bộ và tiện lợi. tiết kiệm chi phí khi mua trọn bộ.', 'gỗ cao su', '1 giường ngủ: dài 205 x rộng 165 x cao 85 cm | 1 tủ đầu giường: dài 55 x rộng 40 x cao 50 cm | chất ', 'Việt Nam', 'Loại 1');
INSERT IGNORE INTO app_product_category (product_id, category_id) VALUES (38, 2);
INSERT IGNORE INTO app_productimage (product_id, image, date_added) VALUES (38, 'multiple/combo-basic-phong-ngu-narvik-201-mau-tu-nhien/combo-basic-phong-ngu-narvik-201-mau-tu-nhien_2.jpg', NOW());
INSERT IGNORE INTO app_productimage (product_id, image, date_added) VALUES (38, 'multiple/combo-basic-phong-ngu-narvik-201-mau-tu-nhien/combo-basic-phong-ngu-narvik-201-mau-tu-nhien_3.jpg', NOW());
INSERT IGNORE INTO app_productimage (product_id, image, date_added) VALUES (38, 'multiple/combo-basic-phong-ngu-narvik-201-mau-tu-nhien/combo-basic-phong-ngu-narvik-201-mau-tu-nhien_4.jpg', NOW());
INSERT IGNORE INTO app_productimage (product_id, image, date_added) VALUES (38, 'multiple/combo-basic-phong-ngu-narvik-201-mau-tu-nhien/combo-basic-phong-ngu-narvik-201-mau-tu-nhien_5.jpg', NOW());
REPLACE INTO app_product (id, name, price, sale_price, digital, image, description, material, size, origin, quality) VALUES (39, 'combo basic phòng ngủ ubeda 201 màu nâu', 7580000.0, 4399000.0, 0, 'main/combo-basic-phong-ngu-ubeda-201-mau-nau_1.jpg', 'combo basic phòng ngủ ubeda 201 màu nâu mang phong cách hiện đại, phù hợp với không gian sống ngày nay. sản phẩm sử dụng chất liệu gỗ tràm, đảm bảo độ bền và tính thẩm mỹ cao. với kích thước 1 giường ngủ 1m6: dài 208 x rộng 165 x cao 90 cm | 1 tủ đầu giường ver 1: dài 50 x rộng 40 x cao 40, sản phẩm tối ưu diện tích hiệu quả. tiết kiệm chi phí khi mua trọn bộ. tạo sự hài hòa cho không gian.', 'gỗ tràm', '1 giường ngủ 1m6: dài 208 x rộng 165 x cao 90 cm | 1 tủ đầu giường ver 1: dài 50 x rộng 40 x cao 40 ', 'Việt Nam', 'Loại 1');
INSERT IGNORE INTO app_product_category (product_id, category_id) VALUES (39, 2);
INSERT IGNORE INTO app_productimage (product_id, image, date_added) VALUES (39, 'multiple/combo-basic-phong-ngu-ubeda-201-mau-nau/combo-basic-phong-ngu-ubeda-201-mau-nau_2.jpg', NOW());
INSERT IGNORE INTO app_productimage (product_id, image, date_added) VALUES (39, 'multiple/combo-basic-phong-ngu-ubeda-201-mau-nau/combo-basic-phong-ngu-ubeda-201-mau-nau_3.jpg', NOW());
INSERT IGNORE INTO app_productimage (product_id, image, date_added) VALUES (39, 'multiple/combo-basic-phong-ngu-ubeda-201-mau-nau/combo-basic-phong-ngu-ubeda-201-mau-nau_4.jpg', NOW());
INSERT IGNORE INTO app_productimage (product_id, image, date_added) VALUES (39, 'multiple/combo-basic-phong-ngu-ubeda-201-mau-nau/combo-basic-phong-ngu-ubeda-201-mau-nau_5.jpg', NOW());
REPLACE INTO app_product (id, name, price, sale_price, digital, image, description, material, size, origin, quality) VALUES (40, 'combo cơ bản 2 món phòng ngủ moho dalumd', 11680000.0, 8990000.0, 0, 'main/combo-co-ban-2-mon-phong-ngu-moho-dalumd_1.jpg', 'với thiết kế tinh tế, combo cơ bản 2 món phòng ngủ moho dalumd là lựa chọn lý tưởng cho mọi gia đình. chất liệu da / simili giúp sản phẩm chống cong vênh và dễ vệ sinh. thiết kế kích thước giường ngủ: dài 211 x rộng 167/ 187 x cao 90 cm | tủ đầu giường: dài 40 x rộng 55 x cao 50 cm, đáp ứng nhu cầu sử dụng linh hoạt. giải pháp nội thất đồng bộ và tiện lợi. tạo sự hài hòa cho không gian.', 'da / simili', 'giường ngủ: dài 211 x rộng 167/ 187 x cao 90 cm | tủ đầu giường: dài 40 x rộng 55 x cao 50 cm', 'Việt Nam', 'Loại 1');
INSERT IGNORE INTO app_product_category (product_id, category_id) VALUES (40, 2);
INSERT IGNORE INTO app_productimage (product_id, image, date_added) VALUES (40, 'multiple/combo-co-ban-2-mon-phong-ngu-moho-dalumd/combo-co-ban-2-mon-phong-ngu-moho-dalumd_2.jpg', NOW());
INSERT IGNORE INTO app_productimage (product_id, image, date_added) VALUES (40, 'multiple/combo-co-ban-2-mon-phong-ngu-moho-dalumd/combo-co-ban-2-mon-phong-ngu-moho-dalumd_3.jpg', NOW());
INSERT IGNORE INTO app_productimage (product_id, image, date_added) VALUES (40, 'multiple/combo-co-ban-2-mon-phong-ngu-moho-dalumd/combo-co-ban-2-mon-phong-ngu-moho-dalumd_4.jpg', NOW());
INSERT IGNORE INTO app_productimage (product_id, image, date_added) VALUES (40, 'multiple/combo-co-ban-2-mon-phong-ngu-moho-dalumd/combo-co-ban-2-mon-phong-ngu-moho-dalumd_5.jpg', NOW());
REPLACE INTO app_product (id, name, price, sale_price, digital, image, description, material, size, origin, quality) VALUES (41, 'combo cơ bản phòng khách moho koster màu nâu', 15170000.0, 10990000.0, 0, 'main/combo-co-ban-phong-khach-moho-koster-mau-nau_1.png', 'combo cơ bản phòng khách moho koster màu nâu nổi bật với kiểu dáng tối giản nhưng vẫn đảm bảo công năng sử dụng. chất liệu gỗ cẩm lai giúp sản phẩm chống cong vênh và dễ vệ sinh. thiết kế kích thước combo bs gồm: 1 ghế sofa 1m8, 1 bàn cafe, 1 ghế đôn | 1 ghế sofa (mfsncdd01.b18): w1800 x d790 x h75, đáp ứng nhu cầu sử dụng linh hoạt. tạo sự hài hòa cho không gian. giải pháp nội thất đồng bộ và tiện lợi.', 'gỗ cẩm lai', 'combo bs gồm: 1 ghế sofa 1m8, 1 bàn cafe, 1 ghế đôn | 1 ghế sofa (mfsncdd01.b18): w1800 x d790 x h75', 'Việt Nam', 'Loại 1');
INSERT IGNORE INTO app_product_category (product_id, category_id) VALUES (41, 2);
INSERT IGNORE INTO app_productimage (product_id, image, date_added) VALUES (41, 'multiple/combo-co-ban-phong-khach-moho-koster-mau-nau/combo-co-ban-phong-khach-moho-koster-mau-nau_2.jpg', NOW());
INSERT IGNORE INTO app_productimage (product_id, image, date_added) VALUES (41, 'multiple/combo-co-ban-phong-khach-moho-koster-mau-nau/combo-co-ban-phong-khach-moho-koster-mau-nau_3.png', NOW());
INSERT IGNORE INTO app_productimage (product_id, image, date_added) VALUES (41, 'multiple/combo-co-ban-phong-khach-moho-koster-mau-nau/combo-co-ban-phong-khach-moho-koster-mau-nau_4.png', NOW());
INSERT IGNORE INTO app_productimage (product_id, image, date_added) VALUES (41, 'multiple/combo-co-ban-phong-khach-moho-koster-mau-nau/combo-co-ban-phong-khach-moho-koster-mau-nau_5.png', NOW());
REPLACE INTO app_product (id, name, price, sale_price, digital, image, description, material, size, origin, quality) VALUES (42, 'combo phòng ăn moho hobro (4 hoặc 6 ghế)', 15950000.0, 11990000.0, 0, 'main/combo-phong-an-moho-hobro-4-hoac-6-ghe_1.jpg', 'combo phòng ăn moho hobro (4 hoặc 6 ghế) mang phong cách hiện đại, phù hợp với không gian sống ngày nay. được hoàn thiện từ gỗ cao su, sản phẩm mang lại sự chắc chắn và bền bỉ. kích thước 1 bàn ăn hobro: rộng 80 x dài 160 x cao 75 cm | 4 ghế ăn hobro: rộng 41 x dài 52 x cao 79 cm | 6 ghế, phù hợp với nhiều không gian. tạo sự hài hòa cho không gian. tiết kiệm chi phí khi mua trọn bộ.', 'gỗ cao su', '1 bàn ăn hobro: rộng 80 x dài 160 x cao 75 cm | 4 ghế ăn hobro: rộng 41 x dài 52 x cao 79 cm | 6 ghế', 'Việt Nam', 'Loại 1');
INSERT IGNORE INTO app_product_category (product_id, category_id) VALUES (42, 2);
INSERT IGNORE INTO app_productimage (product_id, image, date_added) VALUES (42, 'multiple/combo-phong-an-moho-hobro-4-hoac-6-ghe/combo-phong-an-moho-hobro-4-hoac-6-ghe_2.jpg', NOW());
INSERT IGNORE INTO app_productimage (product_id, image, date_added) VALUES (42, 'multiple/combo-phong-an-moho-hobro-4-hoac-6-ghe/combo-phong-an-moho-hobro-4-hoac-6-ghe_3.jpg', NOW());
INSERT IGNORE INTO app_productimage (product_id, image, date_added) VALUES (42, 'multiple/combo-phong-an-moho-hobro-4-hoac-6-ghe/combo-phong-an-moho-hobro-4-hoac-6-ghe_4.jpg', NOW());
INSERT IGNORE INTO app_productimage (product_id, image, date_added) VALUES (42, 'multiple/combo-phong-an-moho-hobro-4-hoac-6-ghe/combo-phong-an-moho-hobro-4-hoac-6-ghe_5.jpg', NOW());
REPLACE INTO app_product (id, name, price, sale_price, digital, image, description, material, size, origin, quality) VALUES (43, 'combo phòng ăn moho koster màu nâu', 12350000.0, 8490000.0, 0, 'main/combo-phong-an-moho-koster-mau-nau_1.jpg', 'combo phòng ăn moho koster màu nâu mang phong cách hiện đại, phù hợp với không gian sống ngày nay. được hoàn thiện từ gỗ cao su, sản phẩm mang lại sự chắc chắn và bền bỉ. kích thước combo gồm: 1 bàn ăn 1m4 và 4 ghế ăn | 1 bàn ăn (mfdtcdd01.b14): w1400 x d700 x h750 | 4 ghế ăn (mfdc), phù hợp với nhiều không gian. tạo sự hài hòa cho không gian. tiết kiệm chi phí khi mua trọn bộ.', 'gỗ cao su', 'combo gồm: 1 bàn ăn 1m4 và 4 ghế ăn | 1 bàn ăn (mfdtcdd01.b14): w1400 x d700 x h750 | 4 ghế ăn (mfdc)', 'Việt Nam', 'Loại 1');
INSERT IGNORE INTO app_product_category (product_id, category_id) VALUES (43, 2);
INSERT IGNORE INTO app_productimage (product_id, image, date_added) VALUES (43, 'multiple/combo-phong-an-moho-koster-mau-nau/combo-phong-an-moho-koster-mau-nau_2.jpg', NOW());
INSERT IGNORE INTO app_productimage (product_id, image, date_added) VALUES (43, 'multiple/combo-phong-an-moho-koster-mau-nau/combo-phong-an-moho-koster-mau-nau_3.png', NOW());
INSERT IGNORE INTO app_productimage (product_id, image, date_added) VALUES (43, 'multiple/combo-phong-an-moho-koster-mau-nau/combo-phong-an-moho-koster-mau-nau_4.png', NOW());
INSERT IGNORE INTO app_productimage (product_id, image, date_added) VALUES (43, 'multiple/combo-phong-an-moho-koster-mau-nau/combo-phong-an-moho-koster-mau-nau_5.png', NOW());
REPLACE INTO app_product (id, name, price, sale_price, digital, image, description, material, size, origin, quality) VALUES (44, 'combo phòng khách moho vline màu nâu', 26660000.0, 18490000.0, 0, 'main/combo-phong-khach-moho-vline-mau-nau_1.jpg', 'với thiết kế tinh tế, combo phòng khách moho vline màu nâu là lựa chọn lý tưởng cho mọi gia đình. sản phẩm sử dụng chất liệu gỗ cẩm lai, đảm bảo độ bền và tính thẩm mỹ cao. thiết kế kích thước sofa: dài 180cm x rộng 85cm x cao 69cm | sofa góc: rộng 140cm x dài 60cm x cao 69cm | tủ kệ tv, đáp ứng nhu cầu sử dụng linh hoạt. giải pháp nội thất đồng bộ và tiện lợi. tạo sự hài hòa cho không gian.', 'gỗ cẩm lai', 'sofa: dài 180cm x rộng 85cm x cao 69cm | sofa góc: rộng 140cm x dài 60cm x cao 69cm | tủ kệ tv', 'Việt Nam', 'Loại 1');
INSERT IGNORE INTO app_product_category (product_id, category_id) VALUES (44, 2);
INSERT IGNORE INTO app_productimage (product_id, image, date_added) VALUES (44, 'multiple/combo-phong-khach-moho-vline-mau-nau/combo-phong-khach-moho-vline-mau-nau_2.jpg', NOW());
INSERT IGNORE INTO app_productimage (product_id, image, date_added) VALUES (44, 'multiple/combo-phong-khach-moho-vline-mau-nau/combo-phong-khach-moho-vline-mau-nau_3.jpg', NOW());
INSERT IGNORE INTO app_productimage (product_id, image, date_added) VALUES (44, 'multiple/combo-phong-khach-moho-vline-mau-nau/combo-phong-khach-moho-vline-mau-nau_4.jpg', NOW());
INSERT IGNORE INTO app_productimage (product_id, image, date_added) VALUES (44, 'multiple/combo-phong-khach-moho-vline-mau-nau/combo-phong-khach-moho-vline-mau-nau_5.jpg', NOW());
REPLACE INTO app_product (id, name, price, sale_price, digital, image, description, material, size, origin, quality) VALUES (45, 'combo phòng khách moho vline màu tự nhiên', 26660000.0, 18490000.0, 0, 'main/combo-phong-khach-moho-vline-mau-tu-nhien_1.png', 'combo phòng khách moho vline màu tự nhiên mang phong cách hiện đại, phù hợp với không gian sống ngày nay. sản phẩm sử dụng chất liệu gỗ ốc chó, đảm bảo độ bền và tính thẩm mỹ cao. với kích thước sofa: dài 180cm x rộng 85cm x cao 69cm | sofa góc: rộng 140cm x dài 60cm x cao 69cm | tủ kệ tv, sản phẩm tối ưu diện tích hiệu quả. tiết kiệm chi phí khi mua trọn bộ. tạo sự hài hòa cho không gian.', 'gỗ ốc chó', 'sofa: dài 180cm x rộng 85cm x cao 69cm | sofa góc: rộng 140cm x dài 60cm x cao 69cm | tủ kệ tv', 'Việt Nam', 'Loại 1');
INSERT IGNORE INTO app_product_category (product_id, category_id) VALUES (45, 2);
INSERT IGNORE INTO app_productimage (product_id, image, date_added) VALUES (45, 'multiple/combo-phong-khach-moho-vline-mau-tu-nhien/combo-phong-khach-moho-vline-mau-tu-nhien_2.png', NOW());
INSERT IGNORE INTO app_productimage (product_id, image, date_added) VALUES (45, 'multiple/combo-phong-khach-moho-vline-mau-tu-nhien/combo-phong-khach-moho-vline-mau-tu-nhien_3.png', NOW());
INSERT IGNORE INTO app_productimage (product_id, image, date_added) VALUES (45, 'multiple/combo-phong-khach-moho-vline-mau-tu-nhien/combo-phong-khach-moho-vline-mau-tu-nhien_4.png', NOW());
INSERT IGNORE INTO app_productimage (product_id, image, date_added) VALUES (45, 'multiple/combo-phong-khach-moho-vline-mau-tu-nhien/combo-phong-khach-moho-vline-mau-tu-nhien_5.png', NOW());
REPLACE INTO app_product (id, name, price, sale_price, digital, image, description, material, size, origin, quality) VALUES (46, 'combo phòng ngủ narvik 201 màu nâu', 7480000.0, 5799000.0, 0, 'main/combo-phong-ngu-narvik-201-mau-nau_1.png', 'combo phòng ngủ narvik 201 màu nâu nổi bật với kiểu dáng tối giản nhưng vẫn đảm bảo công năng sử dụng. chất liệu gỗ cao su giúp sản phẩm chống cong vênh và dễ vệ sinh. thiết kế kích thước dài 211 x rộng 167/ 187 x cao 90 cm, đáp ứng nhu cầu sử dụng linh hoạt. giải pháp nội thất đồng bộ và tiện lợi. tạo sự hài hòa cho không gian.', 'gỗ cao su', 'dài 211 x rộng 167/ 187 x cao 90 cm', 'Việt Nam', 'Loại 1');
INSERT IGNORE INTO app_product_category (product_id, category_id) VALUES (46, 2);
INSERT IGNORE INTO app_productimage (product_id, image, date_added) VALUES (46, 'multiple/combo-phong-ngu-narvik-201-mau-nau/combo-phong-ngu-narvik-201-mau-nau_2.png', NOW());
INSERT IGNORE INTO app_productimage (product_id, image, date_added) VALUES (46, 'multiple/combo-phong-ngu-narvik-201-mau-nau/combo-phong-ngu-narvik-201-mau-nau_3.png', NOW());
INSERT IGNORE INTO app_productimage (product_id, image, date_added) VALUES (46, 'multiple/combo-phong-ngu-narvik-201-mau-nau/combo-phong-ngu-narvik-201-mau-nau_4.png', NOW());
INSERT IGNORE INTO app_productimage (product_id, image, date_added) VALUES (46, 'multiple/combo-phong-ngu-narvik-201-mau-nau/combo-phong-ngu-narvik-201-mau-nau_5.png', NOW());
REPLACE INTO app_product (id, name, price, sale_price, digital, image, description, material, size, origin, quality) VALUES (47, 'combo phòng ngủ scarlet moho signature', 25980000.0, 21990000.0, 0, 'main/combo-phong-ngu-scarlet-moho-signature_1.jpg', 'combo phòng ngủ scarlet moho signature mang phong cách hiện đại, phù hợp với không gian sống ngày nay. sản phẩm sử dụng chất liệu gỗ ốc chó, đảm bảo độ bền và tính thẩm mỹ cao. thiết kế kích thước dài 300cm x rộng 30–35cm x cao 70–80cm, đáp ứng nhu cầu sử dụng linh hoạt. tiết kiệm chi phí khi mua trọn bộ. tạo sự hài hòa cho không gian.', 'gỗ ốc chó', 'dài 300cm x rộng 30–35cm x cao 70–80cm', 'Việt Nam', 'Loại 1');
INSERT IGNORE INTO app_product_category (product_id, category_id) VALUES (47, 2);
INSERT IGNORE INTO app_productimage (product_id, image, date_added) VALUES (47, 'multiple/combo-phong-ngu-scarlet-moho-signature/combo-phong-ngu-scarlet-moho-signature_2.jpg', NOW());
INSERT IGNORE INTO app_productimage (product_id, image, date_added) VALUES (47, 'multiple/combo-phong-ngu-scarlet-moho-signature/combo-phong-ngu-scarlet-moho-signature_3.jpg', NOW());
INSERT IGNORE INTO app_productimage (product_id, image, date_added) VALUES (47, 'multiple/combo-phong-ngu-scarlet-moho-signature/combo-phong-ngu-scarlet-moho-signature_4.jpg', NOW());
INSERT IGNORE INTO app_productimage (product_id, image, date_added) VALUES (47, 'multiple/combo-phong-ngu-scarlet-moho-signature/combo-phong-ngu-scarlet-moho-signature_5.jpg', NOW());
REPLACE INTO app_product (id, name, price, sale_price, digital, image, description, material, size, origin, quality) VALUES (48, 'full combo phòng khách 5 món moho hobro', 37650000.0, 25490000.0, 0, 'main/full-combo-phong-khach-5-mon-moho-hobro_1.png', 'với thiết kế tinh tế, full combo phòng khách 5 món moho hobro là lựa chọn lý tưởng cho mọi gia đình. sản phẩm sử dụng chất liệu gỗ cao su, đảm bảo độ bền và tính thẩm mỹ cao. kích thước ghế sofa hobro (bên phải) (3 gối) : rộng 900 x dài 1800 x cao 700 | ghế đôn hobro : rộng 70 x dài 70, phù hợp với nhiều không gian. tiết kiệm chi phí khi mua trọn bộ. tạo sự hài hòa cho không gian.', 'gỗ cao su', 'ghế sofa hobro (bên phải) (3 gối) : rộng 900 x dài 1800 x cao 700 | ghế đôn hobro : rộng 70 x dài 70', 'Việt Nam', 'Loại 1');
INSERT IGNORE INTO app_product_category (product_id, category_id) VALUES (48, 2);
INSERT IGNORE INTO app_productimage (product_id, image, date_added) VALUES (48, 'multiple/full-combo-phong-khach-5-mon-moho-hobro/full-combo-phong-khach-5-mon-moho-hobro_2.png', NOW());
INSERT IGNORE INTO app_productimage (product_id, image, date_added) VALUES (48, 'multiple/full-combo-phong-khach-5-mon-moho-hobro/full-combo-phong-khach-5-mon-moho-hobro_3.png', NOW());
INSERT IGNORE INTO app_productimage (product_id, image, date_added) VALUES (48, 'multiple/full-combo-phong-khach-5-mon-moho-hobro/full-combo-phong-khach-5-mon-moho-hobro_4.png', NOW());
INSERT IGNORE INTO app_productimage (product_id, image, date_added) VALUES (48, 'multiple/full-combo-phong-khach-5-mon-moho-hobro/full-combo-phong-khach-5-mon-moho-hobro_5.png', NOW());
REPLACE INTO app_product (id, name, price, sale_price, digital, image, description, material, size, origin, quality) VALUES (49, 'full combo phòng khách narvik 201 màu tự nhiên', 16270000.0, 11390000.0, 0, 'main/full-combo-phong-khach-narvik-201-mau-tu-nhien_1.jpg', 'full combo phòng khách narvik 201 màu tự nhiên mang phong cách hiện đại, phù hợp với không gian sống ngày nay. sản phẩm sử dụng chất liệu gỗ cao su, đảm bảo độ bền và tính thẩm mỹ cao. kích thước chất liệu chính: gỗ cao su và gỗ mfc chuẩn carb p2 (*) | ghế sofa narvik ver.2 – gọn nhẹ nhưng tiện, phù hợp với nhiều không gian. tiết kiệm chi phí khi mua trọn bộ. tạo sự hài hòa cho không gian.', 'gỗ cao su', 'chất liệu chính: gỗ cao su và gỗ mfc chuẩn carb p2 (*) | ghế sofa narvik ver.2 – gọn nhẹ nhưng tiện ', 'Việt Nam', 'Loại 1');
INSERT IGNORE INTO app_product_category (product_id, category_id) VALUES (49, 2);
INSERT IGNORE INTO app_productimage (product_id, image, date_added) VALUES (49, 'multiple/full-combo-phong-khach-narvik-201-mau-tu-nhien/full-combo-phong-khach-narvik-201-mau-tu-nhien_2.jpg', NOW());
INSERT IGNORE INTO app_productimage (product_id, image, date_added) VALUES (49, 'multiple/full-combo-phong-khach-narvik-201-mau-tu-nhien/full-combo-phong-khach-narvik-201-mau-tu-nhien_3.jpg', NOW());
INSERT IGNORE INTO app_productimage (product_id, image, date_added) VALUES (49, 'multiple/full-combo-phong-khach-narvik-201-mau-tu-nhien/full-combo-phong-khach-narvik-201-mau-tu-nhien_4.jpg', NOW());
INSERT IGNORE INTO app_productimage (product_id, image, date_added) VALUES (49, 'multiple/full-combo-phong-khach-narvik-201-mau-tu-nhien/full-combo-phong-khach-narvik-201-mau-tu-nhien_5.jpg', NOW());
REPLACE INTO app_product (id, name, price, sale_price, digital, image, description, material, size, origin, quality) VALUES (50, 'full combo phòng ngủ 4 món moho dalumd', 25860000.0, 18990000.0, 0, 'main/full-combo-phong-ngu-4-mon-moho-dalumd_1.jpg', 'full combo phòng ngủ 4 món moho dalumd mang phong cách hiện đại, phù hợp với không gian sống ngày nay. chất liệu da / simili giúp sản phẩm chống cong vênh và dễ vệ sinh. thiết kế kích thước 1 giường ngủ: dài 211 x rộng 167/ 187 x cao 90 cm | 1 tủ đầu giường: dài 40 x rộng 55 x cao 50 cm, đáp ứng nhu cầu sử dụng linh hoạt. tạo sự hài hòa cho không gian. tiết kiệm chi phí khi mua trọn bộ.', 'da / simili', '1 giường ngủ: dài 211 x rộng 167/ 187 x cao 90 cm | 1 tủ đầu giường: dài 40 x rộng 55 x cao 50 cm ', 'Việt Nam', 'Loại 1');
INSERT IGNORE INTO app_product_category (product_id, category_id) VALUES (50, 2);
INSERT IGNORE INTO app_productimage (product_id, image, date_added) VALUES (50, 'multiple/full-combo-phong-ngu-4-mon-moho-dalumd/full-combo-phong-ngu-4-mon-moho-dalumd_2.png', NOW());
INSERT IGNORE INTO app_productimage (product_id, image, date_added) VALUES (50, 'multiple/full-combo-phong-ngu-4-mon-moho-dalumd/full-combo-phong-ngu-4-mon-moho-dalumd_3.png', NOW());
INSERT IGNORE INTO app_productimage (product_id, image, date_added) VALUES (50, 'multiple/full-combo-phong-ngu-4-mon-moho-dalumd/full-combo-phong-ngu-4-mon-moho-dalumd_4.png', NOW());
INSERT IGNORE INTO app_productimage (product_id, image, date_added) VALUES (50, 'multiple/full-combo-phong-ngu-4-mon-moho-dalumd/full-combo-phong-ngu-4-mon-moho-dalumd_5.png', NOW());
REPLACE INTO app_product (id, name, price, sale_price, digital, image, description, material, size, origin, quality) VALUES (51, 'full combo phòng ngủ 5 món moho dalumd', 32150000.0, 24490000.0, 0, 'main/full-combo-phong-ngu-5-mon-moho-dalumd_1.png', 'full combo phòng ngủ 5 món moho dalumd nổi bật với kiểu dáng tối giản nhưng vẫn đảm bảo công năng sử dụng. chất liệu da / simili giúp sản phẩm chống cong vênh và dễ vệ sinh. kích thước 1 giường ngủ 1m6: dài 211 x rộng 167 x cao 90 cm | 1 tủ đầu giường: dài 40 x rộng 55 x cao 50 cm, phù hợp với nhiều không gian. tiết kiệm chi phí khi mua trọn bộ. giải pháp nội thất đồng bộ và tiện lợi.', 'da / simili', '1 giường ngủ 1m6: dài 211 x rộng 167 x cao 90 cm | 1 tủ đầu giường: dài 40 x rộng 55 x cao 50 cm ', 'Việt Nam', 'Loại 1');
INSERT IGNORE INTO app_product_category (product_id, category_id) VALUES (51, 2);
INSERT IGNORE INTO app_productimage (product_id, image, date_added) VALUES (51, 'multiple/full-combo-phong-ngu-5-mon-moho-dalumd/full-combo-phong-ngu-5-mon-moho-dalumd_2.png', NOW());
INSERT IGNORE INTO app_productimage (product_id, image, date_added) VALUES (51, 'multiple/full-combo-phong-ngu-5-mon-moho-dalumd/full-combo-phong-ngu-5-mon-moho-dalumd_3.jpg', NOW());
INSERT IGNORE INTO app_productimage (product_id, image, date_added) VALUES (51, 'multiple/full-combo-phong-ngu-5-mon-moho-dalumd/full-combo-phong-ngu-5-mon-moho-dalumd_4.jpg', NOW());
INSERT IGNORE INTO app_productimage (product_id, image, date_added) VALUES (51, 'multiple/full-combo-phong-ngu-5-mon-moho-dalumd/full-combo-phong-ngu-5-mon-moho-dalumd_5.jpg', NOW());
REPLACE INTO app_product (id, name, price, sale_price, digital, image, description, material, size, origin, quality) VALUES (52, 'full combo phòng ngủ 5 món moho hobro', 37550000.0, 25490000.0, 0, 'main/full-combo-phong-ngu-5-mon-moho-hobro_1.jpg', 'full combo phòng ngủ 5 món moho hobro mang phong cách hiện đại, phù hợp với không gian sống ngày nay. sản phẩm sử dụng chất liệu gỗ tràm, đảm bảo độ bền và tính thẩm mỹ cao. với kích thước giường ngủ: rộng 171cm/191cm x dài 211cm x cao 90cm | tủ đầu giường: rộng 60cm x dài 40cm x cao 50cm, sản phẩm tối ưu diện tích hiệu quả. tiết kiệm chi phí khi mua trọn bộ. tạo sự hài hòa cho không gian.', 'gỗ tràm', 'giường ngủ: rộng 171cm/191cm x dài 211cm x cao 90cm | tủ đầu giường: rộng 60cm x dài 40cm x cao 50cm', 'Việt Nam', 'Loại 1');
INSERT IGNORE INTO app_product_category (product_id, category_id) VALUES (52, 2);
INSERT IGNORE INTO app_productimage (product_id, image, date_added) VALUES (52, 'multiple/full-combo-phong-ngu-5-mon-moho-hobro/full-combo-phong-ngu-5-mon-moho-hobro_2.jpg', NOW());
INSERT IGNORE INTO app_productimage (product_id, image, date_added) VALUES (52, 'multiple/full-combo-phong-ngu-5-mon-moho-hobro/full-combo-phong-ngu-5-mon-moho-hobro_3.jpg', NOW());
INSERT IGNORE INTO app_productimage (product_id, image, date_added) VALUES (52, 'multiple/full-combo-phong-ngu-5-mon-moho-hobro/full-combo-phong-ngu-5-mon-moho-hobro_4.jpg', NOW());
INSERT IGNORE INTO app_productimage (product_id, image, date_added) VALUES (52, 'multiple/full-combo-phong-ngu-5-mon-moho-hobro/full-combo-phong-ngu-5-mon-moho-hobro_5.jpg', NOW());
REPLACE INTO app_product (id, name, price, sale_price, digital, image, description, material, size, origin, quality) VALUES (53, 'full combo phòng ngủ moho koster màu nâu', 21570000.0, 14990000.0, 0, 'main/full-combo-phong-ngu-moho-koster-mau-nau_1.png', 'full combo phòng ngủ moho koster màu nâu nổi bật với kiểu dáng tối giản nhưng vẫn đảm bảo công năng sử dụng. sản phẩm sử dụng chất liệu gỗ cao su, đảm bảo độ bền và tính thẩm mỹ cao. kích thước 1 tủ đầu giường: w500 x d400 x h500 | 1 set tủ quần áo 3 cánh: w1800 x d600 x h2000, phù hợp với nhiều không gian. tạo sự hài hòa cho không gian. tiết kiệm chi phí khi mua trọn bộ.', 'gỗ cao su', '1 tủ đầu giường: w500 x d400 x h500 | 1 set tủ quần áo 3 cánh: w1800 x d600 x h2000', 'Việt Nam', 'Loại 1');
INSERT IGNORE INTO app_product_category (product_id, category_id) VALUES (53, 2);
INSERT IGNORE INTO app_productimage (product_id, image, date_added) VALUES (53, 'multiple/full-combo-phong-ngu-moho-koster-mau-nau/full-combo-phong-ngu-moho-koster-mau-nau_2.png', NOW());
INSERT IGNORE INTO app_productimage (product_id, image, date_added) VALUES (53, 'multiple/full-combo-phong-ngu-moho-koster-mau-nau/full-combo-phong-ngu-moho-koster-mau-nau_3.png', NOW());
INSERT IGNORE INTO app_productimage (product_id, image, date_added) VALUES (53, 'multiple/full-combo-phong-ngu-moho-koster-mau-nau/full-combo-phong-ngu-moho-koster-mau-nau_4.png', NOW());
INSERT IGNORE INTO app_productimage (product_id, image, date_added) VALUES (53, 'multiple/full-combo-phong-ngu-moho-koster-mau-nau/full-combo-phong-ngu-moho-koster-mau-nau_5.png', NOW());
REPLACE INTO app_product (id, name, price, sale_price, digital, image, description, material, size, origin, quality) VALUES (54, 'full combo phòng ngủ narvik 201 màu tự nhiên', 13480000.0, 10990000.0, 0, 'main/full-combo-phong-ngu-narvik-201-mau-tu-nhien_1.jpg', 'full combo phòng ngủ narvik 201 màu tự nhiên nổi bật với kiểu dáng tối giản nhưng vẫn đảm bảo công năng sử dụng. được hoàn thiện từ gỗ cao su, sản phẩm mang lại sự chắc chắn và bền bỉ. với kích thước 1 giường ngủ: dài 165 x rộng 205 x cao 85 cm | 1 tủ quần áo đôi: dài 120 x rộng 60 x cao 200 cm, sản phẩm tối ưu diện tích hiệu quả. giải pháp nội thất đồng bộ và tiện lợi. tiết kiệm chi phí khi mua trọn bộ.', 'gỗ cao su', '1 giường ngủ: dài 165 x rộng 205 x cao 85 cm | 1 tủ quần áo đôi: dài 120 x rộng 60 x cao 200 cm ', 'Việt Nam', 'Loại 1');
INSERT IGNORE INTO app_product_category (product_id, category_id) VALUES (54, 2);
INSERT IGNORE INTO app_productimage (product_id, image, date_added) VALUES (54, 'multiple/full-combo-phong-ngu-narvik-201-mau-tu-nhien/full-combo-phong-ngu-narvik-201-mau-tu-nhien_2.png', NOW());
INSERT IGNORE INTO app_productimage (product_id, image, date_added) VALUES (54, 'multiple/full-combo-phong-ngu-narvik-201-mau-tu-nhien/full-combo-phong-ngu-narvik-201-mau-tu-nhien_3.jpg', NOW());
INSERT IGNORE INTO app_productimage (product_id, image, date_added) VALUES (54, 'multiple/full-combo-phong-ngu-narvik-201-mau-tu-nhien/full-combo-phong-ngu-narvik-201-mau-tu-nhien_4.png', NOW());
INSERT IGNORE INTO app_productimage (product_id, image, date_added) VALUES (54, 'multiple/full-combo-phong-ngu-narvik-201-mau-tu-nhien/full-combo-phong-ngu-narvik-201-mau-tu-nhien_5.png', NOW());
REPLACE INTO app_product (id, name, price, sale_price, digital, image, description, material, size, origin, quality) VALUES (55, 'full combo phòng ngủ ubeda 201 màu nâu', 16470000.0, 9499000.0, 0, 'main/full-combo-phong-ngu-ubeda-201-mau-nau_1.jpg', 'full combo phòng ngủ ubeda 201 màu nâu nổi bật với kiểu dáng tối giản nhưng vẫn đảm bảo công năng sử dụng. được hoàn thiện từ gỗ tràm, sản phẩm mang lại sự chắc chắn và bền bỉ. với kích thước 1 giường ngủ 1m6: dài 208 x rộng 165 x cao 90 cm | 1 tủ quần áo đôi: dài 120 x rộng 60 x cao 200 cm, sản phẩm tối ưu diện tích hiệu quả. tạo sự hài hòa cho không gian. giải pháp nội thất đồng bộ và tiện lợi.', 'gỗ tràm', '1 giường ngủ 1m6: dài 208 x rộng 165 x cao 90 cm | 1 tủ quần áo đôi: dài 120 x rộng 60 x cao 200 cm ', 'Việt Nam', 'Loại 1');
INSERT IGNORE INTO app_product_category (product_id, category_id) VALUES (55, 2);
INSERT IGNORE INTO app_productimage (product_id, image, date_added) VALUES (55, 'multiple/full-combo-phong-ngu-ubeda-201-mau-nau/full-combo-phong-ngu-ubeda-201-mau-nau_2.jpg', NOW());
INSERT IGNORE INTO app_productimage (product_id, image, date_added) VALUES (55, 'multiple/full-combo-phong-ngu-ubeda-201-mau-nau/full-combo-phong-ngu-ubeda-201-mau-nau_3.jpg', NOW());
INSERT IGNORE INTO app_productimage (product_id, image, date_added) VALUES (55, 'multiple/full-combo-phong-ngu-ubeda-201-mau-nau/full-combo-phong-ngu-ubeda-201-mau-nau_4.jpg', NOW());
INSERT IGNORE INTO app_productimage (product_id, image, date_added) VALUES (55, 'multiple/full-combo-phong-ngu-ubeda-201-mau-nau/full-combo-phong-ngu-ubeda-201-mau-nau_5.jpg', NOW());
REPLACE INTO app_product (id, name, price, sale_price, digital, image, description, material, size, origin, quality) VALUES (56, 'full house (combo basic) bộ sưu tập narvik 201 màu tự nhiên', 28500000.0, 18499000.0, 0, 'main/full-house-combo-basic-bo-suu-tap-narvik-201-mau-tu-nhien_1.png', 'full house (combo basic) bộ sưu tập narvik 201 màu tự nhiên mang phong cách hiện đại, phù hợp với không gian sống ngày nay. chất liệu gỗ cao su giúp sản phẩm chống cong vênh và dễ vệ sinh. thiết kế kích thước 1 ghế sofa (tay tựa):  dài 160 × rộng 81 × cao 81/40 cm | 1 bàn sofa: dài 70 x rộng 50 x cao 35 cm, đáp ứng nhu cầu sử dụng linh hoạt. giải pháp nội thất đồng bộ và tiện lợi. tạo sự hài hòa cho không gian.', 'gỗ cao su', '1 ghế sofa (tay tựa):  dài 160 × rộng 81 × cao 81/40 cm | 1 bàn sofa: dài 70 x rộng 50 x cao 35 cm', 'Việt Nam', 'Loại 1');
INSERT IGNORE INTO app_product_category (product_id, category_id) VALUES (56, 2);
INSERT IGNORE INTO app_productimage (product_id, image, date_added) VALUES (56, 'multiple/full-house-combo-basic-bo-suu-tap-narvik-201-mau-tu-nhien/full-house-combo-basic-bo-suu-tap-narvik-201-mau-tu-nhien_2.png', NOW());
INSERT IGNORE INTO app_productimage (product_id, image, date_added) VALUES (56, 'multiple/full-house-combo-basic-bo-suu-tap-narvik-201-mau-tu-nhien/full-house-combo-basic-bo-suu-tap-narvik-201-mau-tu-nhien_3.jpg', NOW());
INSERT IGNORE INTO app_productimage (product_id, image, date_added) VALUES (56, 'multiple/full-house-combo-basic-bo-suu-tap-narvik-201-mau-tu-nhien/full-house-combo-basic-bo-suu-tap-narvik-201-mau-tu-nhien_4.jpg', NOW());
INSERT IGNORE INTO app_productimage (product_id, image, date_added) VALUES (56, 'multiple/full-house-combo-basic-bo-suu-tap-narvik-201-mau-tu-nhien/full-house-combo-basic-bo-suu-tap-narvik-201-mau-tu-nhien_5.jpg', NOW());
REPLACE INTO app_product (id, name, price, sale_price, digital, image, description, material, size, origin, quality) VALUES (57, 'full house (combo basic) bộ sưu tập ubeda 201 màu tự nhiên', 26100000.0, 15899000.0, 0, 'main/full-house-combo-basic-bo-suu-tap-ubeda-201-mau-tu-nhien_1.jpg', 'full house (combo basic) bộ sưu tập ubeda 201 màu tự nhiên nổi bật với kiểu dáng tối giản nhưng vẫn đảm bảo công năng sử dụng. được hoàn thiện từ da / simili, sản phẩm mang lại sự chắc chắn và bền bỉ. kích thước 1 ghế sofa: dài 1600 x rộng 780 x cao 750 | 1 bàn sofa: dài 600 x rộng 400 x cao 350 | 1 ghế đôn: dài, phù hợp với nhiều không gian. tiết kiệm chi phí khi mua trọn bộ. tạo sự hài hòa cho không gian.', 'da / simili', '1 ghế sofa: dài 1600 x rộng 780 x cao 750 | 1 bàn sofa: dài 600 x rộng 400 x cao 350 | 1 ghế đôn: dài', 'Việt Nam', 'Loại 1');
INSERT IGNORE INTO app_product_category (product_id, category_id) VALUES (57, 2);
INSERT IGNORE INTO app_productimage (product_id, image, date_added) VALUES (57, 'multiple/full-house-combo-basic-bo-suu-tap-ubeda-201-mau-tu-nhien/full-house-combo-basic-bo-suu-tap-ubeda-201-mau-tu-nhien_2.jpg', NOW());
INSERT IGNORE INTO app_productimage (product_id, image, date_added) VALUES (57, 'multiple/full-house-combo-basic-bo-suu-tap-ubeda-201-mau-tu-nhien/full-house-combo-basic-bo-suu-tap-ubeda-201-mau-tu-nhien_3.jpg', NOW());
INSERT IGNORE INTO app_productimage (product_id, image, date_added) VALUES (57, 'multiple/full-house-combo-basic-bo-suu-tap-ubeda-201-mau-tu-nhien/full-house-combo-basic-bo-suu-tap-ubeda-201-mau-tu-nhien_4.jpg', NOW());
INSERT IGNORE INTO app_productimage (product_id, image, date_added) VALUES (57, 'multiple/full-house-combo-basic-bo-suu-tap-ubeda-201-mau-tu-nhien/full-house-combo-basic-bo-suu-tap-ubeda-201-mau-tu-nhien_5.jpg', NOW());
REPLACE INTO app_product (id, name, price, sale_price, digital, image, description, material, size, origin, quality) VALUES (58, 'full house (combo basic) moho koster màu nâu', 44200000.0, 27990000.0, 0, 'main/full-house-combo-basic-moho-koster-mau-nau_1.jpg', 'với thiết kế tinh tế, full house (combo basic) moho koster màu nâu là lựa chọn lý tưởng cho mọi gia đình. chất liệu gỗ cẩm lai giúp sản phẩm chống cong vênh và dễ vệ sinh. kích thước w1800 x d790 x h750 | 1 ghế đôn, phù hợp với nhiều không gian. giải pháp nội thất đồng bộ và tiện lợi. tạo sự hài hòa cho không gian.', 'gỗ cẩm lai', 'w1800 x d790 x h750 | 1 ghế đôn', 'Việt Nam', 'Loại 1');
INSERT IGNORE INTO app_product_category (product_id, category_id) VALUES (58, 2);
INSERT IGNORE INTO app_productimage (product_id, image, date_added) VALUES (58, 'multiple/full-house-combo-basic-moho-koster-mau-nau/full-house-combo-basic-moho-koster-mau-nau_2.jpg', NOW());
INSERT IGNORE INTO app_productimage (product_id, image, date_added) VALUES (58, 'multiple/full-house-combo-basic-moho-koster-mau-nau/full-house-combo-basic-moho-koster-mau-nau_3.jpg', NOW());
INSERT IGNORE INTO app_productimage (product_id, image, date_added) VALUES (58, 'multiple/full-house-combo-basic-moho-koster-mau-nau/full-house-combo-basic-moho-koster-mau-nau_4.jpg', NOW());
INSERT IGNORE INTO app_productimage (product_id, image, date_added) VALUES (58, 'multiple/full-house-combo-basic-moho-koster-mau-nau/full-house-combo-basic-moho-koster-mau-nau_5.jpg', NOW());
REPLACE INTO app_product (id, name, price, sale_price, digital, image, description, material, size, origin, quality) VALUES (59, 'combo giường có hộc tủ quần áo vienna', 21280000.0, 14990000.0, 0, 'main/combo-giuong-co-hoc-tu-quan-ao-vienna_1.jpg', 'combo giường có hộc tủ quần áo vienna mang phong cách hiện đại, phù hợp với không gian sống ngày nay. được hoàn thiện từ gỗ công nghiệp (mdf/mfc), sản phẩm mang lại sự chắc chắn và bền bỉ. với kích thước dài 120cm x rộng 60cm x cao 200cm, sản phẩm tối ưu diện tích hiệu quả. mang lại giấc ngủ thoải mái và thư giãn. thiết kế chắc chắn, hỗ trợ tốt cho cơ thể.', 'gỗ công nghiệp (mdf/mfc)', 'dài 120cm x rộng 60cm x cao 200cm  ', 'Việt Nam', 'Loại 1');
INSERT IGNORE INTO app_product_category (product_id, category_id) VALUES (59, 3);
INSERT IGNORE INTO app_productimage (product_id, image, date_added) VALUES (59, 'multiple/combo-giuong-co-hoc-tu-quan-ao-vienna/combo-giuong-co-hoc-tu-quan-ao-vienna_2.jpg', NOW());
INSERT IGNORE INTO app_productimage (product_id, image, date_added) VALUES (59, 'multiple/combo-giuong-co-hoc-tu-quan-ao-vienna/combo-giuong-co-hoc-tu-quan-ao-vienna_3.jpg', NOW());
INSERT IGNORE INTO app_productimage (product_id, image, date_added) VALUES (59, 'multiple/combo-giuong-co-hoc-tu-quan-ao-vienna/combo-giuong-co-hoc-tu-quan-ao-vienna_4.jpg', NOW());
INSERT IGNORE INTO app_productimage (product_id, image, date_added) VALUES (59, 'multiple/combo-giuong-co-hoc-tu-quan-ao-vienna/combo-giuong-co-hoc-tu-quan-ao-vienna_5.jpg', NOW());
REPLACE INTO app_product (id, name, price, sale_price, digital, image, description, material, size, origin, quality) VALUES (60, 'combo giường ngủ moho vline & tủ quần áo moho vienna 1m5 màu gỗ tự nhiên', 23170000.0, 17490000.0, 0, 'main/combo-giuong-ngu-moho-vline-tu-quan-ao-moho-vienna-1m5-mau-go-tu-nhien_1.png', 'với thiết kế tinh tế, combo giường ngủ moho vline & tủ quần áo moho vienna 1m5 màu gỗ tự nhiên là lựa chọn lý tưởng cho mọi gia đình. chất liệu gỗ tràm giúp sản phẩm chống cong vênh và dễ vệ sinh. kích thước 1 giường & 1 set tủ 3 cánh 1m5 trong đó: | giường ngủ 1m6 hoặc 1m8: dài 212 x rộng 130 x cao 60 cm, phù hợp với nhiều không gian. thiết kế chắc chắn, hỗ trợ tốt cho cơ thể. mang lại giấc ngủ thoải mái và thư giãn.', 'gỗ tràm', '1 giường & 1 set tủ 3 cánh 1m5 trong đó: | giường ngủ 1m6 hoặc 1m8: dài 212 x rộng 130 x cao 60 cm', 'Việt Nam', 'Loại 1');
INSERT IGNORE INTO app_product_category (product_id, category_id) VALUES (60, 3);
INSERT IGNORE INTO app_productimage (product_id, image, date_added) VALUES (60, 'multiple/combo-giuong-ngu-moho-vline-tu-quan-ao-moho-vienna-1m5-mau-go-tu-nhien/combo-giuong-ngu-moho-vline-tu-quan-ao-moho-vienna-1m5-mau-go-tu-nhien_2.png', NOW());
INSERT IGNORE INTO app_productimage (product_id, image, date_added) VALUES (60, 'multiple/combo-giuong-ngu-moho-vline-tu-quan-ao-moho-vienna-1m5-mau-go-tu-nhien/combo-giuong-ngu-moho-vline-tu-quan-ao-moho-vienna-1m5-mau-go-tu-nhien_3.png', NOW());
INSERT IGNORE INTO app_productimage (product_id, image, date_added) VALUES (60, 'multiple/combo-giuong-ngu-moho-vline-tu-quan-ao-moho-vienna-1m5-mau-go-tu-nhien/combo-giuong-ngu-moho-vline-tu-quan-ao-moho-vienna-1m5-mau-go-tu-nhien_4.png', NOW());
INSERT IGNORE INTO app_productimage (product_id, image, date_added) VALUES (60, 'multiple/combo-giuong-ngu-moho-vline-tu-quan-ao-moho-vienna-1m5-mau-go-tu-nhien/combo-giuong-ngu-moho-vline-tu-quan-ao-moho-vienna-1m5-mau-go-tu-nhien_5.png', NOW());
REPLACE INTO app_product (id, name, price, sale_price, digital, image, description, material, size, origin, quality) VALUES (61, 'combo giường tủ quần áo vline v3', 21980000.0, 16990000.0, 0, 'main/combo-giuong-tu-quan-ao-vline-v3_1.png', 'combo giường tủ quần áo vline v3 nổi bật với kiểu dáng tối giản nhưng vẫn đảm bảo công năng sử dụng. sản phẩm sử dụng chất liệu gỗ công nghiệp (mdf/mfc), đảm bảo độ bền và tính thẩm mỹ cao. với kích thước tủ 2 cánh vline : dài 120cm x rộng 60cm x cao 200cm | tủ đơn vline :  dài 60cm x rộng 60cm x cao 200cm, sản phẩm tối ưu diện tích hiệu quả. phù hợp nhiều phong cách phòng ngủ. thiết kế chắc chắn, hỗ trợ tốt cho cơ thể.', 'gỗ công nghiệp (mdf/mfc)', 'tủ 2 cánh vline : dài 120cm x rộng 60cm x cao 200cm | tủ đơn vline :  dài 60cm x rộng 60cm x cao 200cm', 'Việt Nam', 'Loại 1');
INSERT IGNORE INTO app_product_category (product_id, category_id) VALUES (61, 3);
INSERT IGNORE INTO app_productimage (product_id, image, date_added) VALUES (61, 'multiple/combo-giuong-tu-quan-ao-vline-v3/combo-giuong-tu-quan-ao-vline-v3_2.png', NOW());
INSERT IGNORE INTO app_productimage (product_id, image, date_added) VALUES (61, 'multiple/combo-giuong-tu-quan-ao-vline-v3/combo-giuong-tu-quan-ao-vline-v3_3.png', NOW());
INSERT IGNORE INTO app_productimage (product_id, image, date_added) VALUES (61, 'multiple/combo-giuong-tu-quan-ao-vline-v3/combo-giuong-tu-quan-ao-vline-v3_4.png', NOW());
INSERT IGNORE INTO app_productimage (product_id, image, date_added) VALUES (61, 'multiple/combo-giuong-tu-quan-ao-vline-v3/combo-giuong-tu-quan-ao-vline-v3_5.jpg', NOW());
REPLACE INTO app_product (id, name, price, sale_price, digital, image, description, material, size, origin, quality) VALUES (62, 'combo giường tủ vline vienna', 19280000.0, 14990000.0, 0, 'main/combo-giuong-tu-vline-vienna_1.jpg', 'với thiết kế tinh tế, combo giường tủ vline vienna là lựa chọn lý tưởng cho mọi gia đình. chất liệu gỗ công nghiệp (mdf/mfc) giúp sản phẩm chống cong vênh và dễ vệ sinh. với kích thước dài 120cm x rộng 60cm x cao 200cm | cánh tủ + thân tủ: gỗ công nghiệp mfc phủ melamin, sản phẩm tối ưu diện tích hiệu quả. thiết kế chắc chắn, hỗ trợ tốt cho cơ thể. mang lại giấc ngủ thoải mái và thư giãn.', 'gỗ công nghiệp (mdf/mfc)', 'dài 120cm x rộng 60cm x cao 200cm | cánh tủ + thân tủ: gỗ công nghiệp mfc phủ melamin ', 'Việt Nam', 'Loại 1');
INSERT IGNORE INTO app_product_category (product_id, category_id) VALUES (62, 3);
INSERT IGNORE INTO app_productimage (product_id, image, date_added) VALUES (62, 'multiple/combo-giuong-tu-vline-vienna/combo-giuong-tu-vline-vienna_2.jpg', NOW());
INSERT IGNORE INTO app_productimage (product_id, image, date_added) VALUES (62, 'multiple/combo-giuong-tu-vline-vienna/combo-giuong-tu-vline-vienna_3.jpg', NOW());
INSERT IGNORE INTO app_productimage (product_id, image, date_added) VALUES (62, 'multiple/combo-giuong-tu-vline-vienna/combo-giuong-tu-vline-vienna_4.jpg', NOW());
INSERT IGNORE INTO app_productimage (product_id, image, date_added) VALUES (62, 'multiple/combo-giuong-tu-vline-vienna/combo-giuong-tu-vline-vienna_5.jpg', NOW());
REPLACE INTO app_product (id, name, price, sale_price, digital, image, description, material, size, origin, quality) VALUES (63, 'combo phòng ngủ moho mova (giường có hộc & ổ điện và tủ quần áo)', 23980000.0, 15490000.0, 0, 'main/combo-phong-ngu-moho-mova-giuong-co-hoc-o-dien-va-tu-quan-ao_1.jpg', 'combo phòng ngủ moho mova (giường có hộc & ổ điện và tủ quần áo) nổi bật với kiểu dáng tối giản nhưng vẫn đảm bảo công năng sử dụng. sản phẩm sử dụng chất liệu gỗ cẩm lai, đảm bảo độ bền và tính thẩm mỹ cao. thiết kế kích thước giường ngủ: dài 1650 x rộng 2050 x cao 850 | 1 tủ đầu giường: dài 550 x rộng 400 x cao 500, đáp ứng nhu cầu sử dụng linh hoạt. thiết kế chắc chắn, hỗ trợ tốt cho cơ thể. phù hợp nhiều phong cách phòng ngủ.', 'gỗ cẩm lai', 'giường ngủ: dài 1650 x rộng 2050 x cao 850 | 1 tủ đầu giường: dài 550 x rộng 400 x cao 500', 'Việt Nam', 'Loại 1');
INSERT IGNORE INTO app_product_category (product_id, category_id) VALUES (63, 3);
INSERT IGNORE INTO app_productimage (product_id, image, date_added) VALUES (63, 'multiple/combo-phong-ngu-moho-mova-giuong-co-hoc-o-dien-va-tu-quan-ao/combo-phong-ngu-moho-mova-giuong-co-hoc-o-dien-va-tu-quan-ao_2.jpg', NOW());
INSERT IGNORE INTO app_productimage (product_id, image, date_added) VALUES (63, 'multiple/combo-phong-ngu-moho-mova-giuong-co-hoc-o-dien-va-tu-quan-ao/combo-phong-ngu-moho-mova-giuong-co-hoc-o-dien-va-tu-quan-ao_3.jpg', NOW());
INSERT IGNORE INTO app_productimage (product_id, image, date_added) VALUES (63, 'multiple/combo-phong-ngu-moho-mova-giuong-co-hoc-o-dien-va-tu-quan-ao/combo-phong-ngu-moho-mova-giuong-co-hoc-o-dien-va-tu-quan-ao_4.jpg', NOW());
INSERT IGNORE INTO app_productimage (product_id, image, date_added) VALUES (63, 'multiple/combo-phong-ngu-moho-mova-giuong-co-hoc-o-dien-va-tu-quan-ao/combo-phong-ngu-moho-mova-giuong-co-hoc-o-dien-va-tu-quan-ao_5.jpg', NOW());
REPLACE INTO app_product (id, name, price, sale_price, digital, image, description, material, size, origin, quality) VALUES (64, 'giường ngủ bọc da cao cấp hiện đại moho blink', 17490000.0, 13990000.0, 0, 'main/giuong-ngu-boc-da-cao-cap-hien-dai-moho-blink_1.png', 'giường ngủ bọc da cao cấp hiện đại moho blink nổi bật với kiểu dáng tối giản nhưng vẫn đảm bảo công năng sử dụng. chất liệu da / simili giúp sản phẩm chống cong vênh và dễ vệ sinh. kích thước giường 1m6: w1750 x l2355x h1120h mm | giường 1m8:w1950 x l2355 x h1120h mm, phù hợp với nhiều không gian. phù hợp nhiều phong cách phòng ngủ. mang lại giấc ngủ thoải mái và thư giãn.', 'da / simili', 'giường 1m6: w1750 x l2355x h1120h mm | giường 1m8:w1950 x l2355 x h1120h mm ', 'Việt Nam', 'Loại 1');
INSERT IGNORE INTO app_product_category (product_id, category_id) VALUES (64, 3);
INSERT IGNORE INTO app_productimage (product_id, image, date_added) VALUES (64, 'multiple/giuong-ngu-boc-da-cao-cap-hien-dai-moho-blink/giuong-ngu-boc-da-cao-cap-hien-dai-moho-blink_2.png', NOW());
INSERT IGNORE INTO app_productimage (product_id, image, date_added) VALUES (64, 'multiple/giuong-ngu-boc-da-cao-cap-hien-dai-moho-blink/giuong-ngu-boc-da-cao-cap-hien-dai-moho-blink_3.png', NOW());
INSERT IGNORE INTO app_productimage (product_id, image, date_added) VALUES (64, 'multiple/giuong-ngu-boc-da-cao-cap-hien-dai-moho-blink/giuong-ngu-boc-da-cao-cap-hien-dai-moho-blink_4.png', NOW());
INSERT IGNORE INTO app_productimage (product_id, image, date_added) VALUES (64, 'multiple/giuong-ngu-boc-da-cao-cap-hien-dai-moho-blink/giuong-ngu-boc-da-cao-cap-hien-dai-moho-blink_5.png', NOW());
REPLACE INTO app_product (id, name, price, sale_price, digital, image, description, material, size, origin, quality) VALUES (65, 'giường ngủ bọc vải 1m6 scarlet moho signature', 19990000.0, 17990000.0, 0, 'main/giuong-ngu-boc-vai-1m6-scarlet-moho-signature_1.jpg', 'giường ngủ bọc vải 1m6 scarlet moho signature mang phong cách hiện đại, phù hợp với không gian sống ngày nay. chất liệu vải / nỉ giúp sản phẩm chống cong vênh và dễ vệ sinh. với kích thước giường 1m6: w1750 x l2355x h1120h mm, sản phẩm tối ưu diện tích hiệu quả. thiết kế chắc chắn, hỗ trợ tốt cho cơ thể. phù hợp nhiều phong cách phòng ngủ.', 'vải / nỉ', 'giường 1m6: w1750 x l2355x h1120h mm', 'Việt Nam', 'Loại 1');
INSERT IGNORE INTO app_product_category (product_id, category_id) VALUES (65, 3);
INSERT IGNORE INTO app_productimage (product_id, image, date_added) VALUES (65, 'multiple/giuong-ngu-boc-vai-1m6-scarlet-moho-signature/giuong-ngu-boc-vai-1m6-scarlet-moho-signature_2.jpg', NOW());
INSERT IGNORE INTO app_productimage (product_id, image, date_added) VALUES (65, 'multiple/giuong-ngu-boc-vai-1m6-scarlet-moho-signature/giuong-ngu-boc-vai-1m6-scarlet-moho-signature_3.jpg', NOW());
INSERT IGNORE INTO app_productimage (product_id, image, date_added) VALUES (65, 'multiple/giuong-ngu-boc-vai-1m6-scarlet-moho-signature/giuong-ngu-boc-vai-1m6-scarlet-moho-signature_4.jpg', NOW());
INSERT IGNORE INTO app_productimage (product_id, image, date_added) VALUES (65, 'multiple/giuong-ngu-boc-vai-1m6-scarlet-moho-signature/giuong-ngu-boc-vai-1m6-scarlet-moho-signature_5.jpg', NOW());
REPLACE INTO app_product (id, name, price, sale_price, digital, image, description, material, size, origin, quality) VALUES (66, 'giường ngủ bọc vải cao cấp moho bond', 17490000.0, 13490000.0, 0, 'main/giuong-ngu-boc-vai-cao-cap-moho-bond_1.png', 'với thiết kế tinh tế, giường ngủ bọc vải cao cấp moho bond là lựa chọn lý tưởng cho mọi gia đình. được hoàn thiện từ vải / nỉ, sản phẩm mang lại sự chắc chắn và bền bỉ. thiết kế kích thước size 1m8 : rộng 200 × dài 240 × cao 115 cm, đáp ứng nhu cầu sử dụng linh hoạt. phù hợp nhiều phong cách phòng ngủ. mang lại giấc ngủ thoải mái và thư giãn.', 'vải / nỉ', ' size 1m8 : rộng 200 × dài 240 × cao 115 cm ', 'Việt Nam', 'Loại 1');
INSERT IGNORE INTO app_product_category (product_id, category_id) VALUES (66, 3);
INSERT IGNORE INTO app_productimage (product_id, image, date_added) VALUES (66, 'multiple/giuong-ngu-boc-vai-cao-cap-moho-bond/giuong-ngu-boc-vai-cao-cap-moho-bond_2.jpg', NOW());
INSERT IGNORE INTO app_productimage (product_id, image, date_added) VALUES (66, 'multiple/giuong-ngu-boc-vai-cao-cap-moho-bond/giuong-ngu-boc-vai-cao-cap-moho-bond_3.jpg', NOW());
INSERT IGNORE INTO app_productimage (product_id, image, date_added) VALUES (66, 'multiple/giuong-ngu-boc-vai-cao-cap-moho-bond/giuong-ngu-boc-vai-cao-cap-moho-bond_4.jpg', NOW());
INSERT IGNORE INTO app_productimage (product_id, image, date_added) VALUES (66, 'multiple/giuong-ngu-boc-vai-cao-cap-moho-bond/giuong-ngu-boc-vai-cao-cap-moho-bond_5.jpg', NOW());
REPLACE INTO app_product (id, name, price, sale_price, digital, image, description, material, size, origin, quality) VALUES (67, 'giường ngủ bọc vải phong cách ý moho comet', 16990000.0, 11990000.0, 0, 'main/giuong-ngu-boc-vai-phong-cach-y-moho-comet_1.png', 'giường ngủ bọc vải phong cách ý moho comet mang phong cách hiện đại, phù hợp với không gian sống ngày nay. được hoàn thiện từ gỗ tràm, sản phẩm mang lại sự chắc chắn và bền bỉ. thiết kế kích thước 1m6: w2160xd2300xh1150h mm, | 1m8: w2360xd2300xh1150h mm | 1m6 : w2160xd2300xh1150h mm, đáp ứng nhu cầu sử dụng linh hoạt. mang lại giấc ngủ thoải mái và thư giãn. phù hợp nhiều phong cách phòng ngủ.', 'gỗ tràm', '1m6: w2160xd2300xh1150h mm, | 1m8: w2360xd2300xh1150h mm | 1m6 : w2160xd2300xh1150h mm', 'Việt Nam', 'Loại 1');
INSERT IGNORE INTO app_product_category (product_id, category_id) VALUES (67, 3);
INSERT IGNORE INTO app_productimage (product_id, image, date_added) VALUES (67, 'multiple/giuong-ngu-boc-vai-phong-cach-y-moho-comet/giuong-ngu-boc-vai-phong-cach-y-moho-comet_2.png', NOW());
INSERT IGNORE INTO app_productimage (product_id, image, date_added) VALUES (67, 'multiple/giuong-ngu-boc-vai-phong-cach-y-moho-comet/giuong-ngu-boc-vai-phong-cach-y-moho-comet_3.png', NOW());
INSERT IGNORE INTO app_productimage (product_id, image, date_added) VALUES (67, 'multiple/giuong-ngu-boc-vai-phong-cach-y-moho-comet/giuong-ngu-boc-vai-phong-cach-y-moho-comet_4.png', NOW());
REPLACE INTO app_product (id, name, price, sale_price, digital, image, description, material, size, origin, quality) VALUES (68, 'giường ngủ có hộc & ổ điện moho vienna màu trắng', 11990000.0, 8490000.0, 0, 'main/giuong-ngu-co-hoc-o-dien-moho-vienna-mau-trang_1.jpg', 'với thiết kế tinh tế, giường ngủ có hộc & ổ điện moho vienna màu trắng là lựa chọn lý tưởng cho mọi gia đình. chất liệu gỗ công nghiệp (mdf/mfc) giúp sản phẩm chống cong vênh và dễ vệ sinh. với kích thước rộng 160/180 x dài 2100 x cao 100 (cm), sản phẩm tối ưu diện tích hiệu quả. thiết kế chắc chắn, hỗ trợ tốt cho cơ thể. phù hợp nhiều phong cách phòng ngủ.', 'gỗ công nghiệp (mdf/mfc)', 'rộng 160/180 x dài 2100 x cao 100 (cm)', 'Việt Nam', 'Loại 1');
INSERT IGNORE INTO app_product_category (product_id, category_id) VALUES (68, 3);
INSERT IGNORE INTO app_productimage (product_id, image, date_added) VALUES (68, 'multiple/giuong-ngu-co-hoc-o-dien-moho-vienna-mau-trang/giuong-ngu-co-hoc-o-dien-moho-vienna-mau-trang_2.jpg', NOW());
INSERT IGNORE INTO app_productimage (product_id, image, date_added) VALUES (68, 'multiple/giuong-ngu-co-hoc-o-dien-moho-vienna-mau-trang/giuong-ngu-co-hoc-o-dien-moho-vienna-mau-trang_3.jpg', NOW());
INSERT IGNORE INTO app_productimage (product_id, image, date_added) VALUES (68, 'multiple/giuong-ngu-co-hoc-o-dien-moho-vienna-mau-trang/giuong-ngu-co-hoc-o-dien-moho-vienna-mau-trang_4.jpg', NOW());
INSERT IGNORE INTO app_productimage (product_id, image, date_added) VALUES (68, 'multiple/giuong-ngu-co-hoc-o-dien-moho-vienna-mau-trang/giuong-ngu-co-hoc-o-dien-moho-vienna-mau-trang_5.jpg', NOW());
REPLACE INTO app_product (id, name, price, sale_price, digital, image, description, material, size, origin, quality) VALUES (69, 'giường ngủ có hộc & ổ điện moho vienna màu tự nhiên', 11990000.0, 8490000.0, 0, 'main/giuong-ngu-co-hoc-o-dien-moho-vienna-mau-tu-nhien_1.jpg', 'giường ngủ có hộc & ổ điện moho vienna màu tự nhiên nổi bật với kiểu dáng tối giản nhưng vẫn đảm bảo công năng sử dụng. sản phẩm sử dụng chất liệu gỗ công nghiệp (mdf/mfc), đảm bảo độ bền và tính thẩm mỹ cao. kích thước rộng 160/180 x dài 2100 x cao 100 (cm), phù hợp với nhiều không gian. thiết kế chắc chắn, hỗ trợ tốt cho cơ thể. phù hợp nhiều phong cách phòng ngủ.', 'gỗ công nghiệp (mdf/mfc)', 'rộng 160/180 x dài 2100 x cao 100 (cm)', 'Việt Nam', 'Loại 1');
INSERT IGNORE INTO app_product_category (product_id, category_id) VALUES (69, 3);
INSERT IGNORE INTO app_productimage (product_id, image, date_added) VALUES (69, 'multiple/giuong-ngu-co-hoc-o-dien-moho-vienna-mau-tu-nhien/giuong-ngu-co-hoc-o-dien-moho-vienna-mau-tu-nhien_2.jpg', NOW());
INSERT IGNORE INTO app_productimage (product_id, image, date_added) VALUES (69, 'multiple/giuong-ngu-co-hoc-o-dien-moho-vienna-mau-tu-nhien/giuong-ngu-co-hoc-o-dien-moho-vienna-mau-tu-nhien_3.jpg', NOW());
INSERT IGNORE INTO app_productimage (product_id, image, date_added) VALUES (69, 'multiple/giuong-ngu-co-hoc-o-dien-moho-vienna-mau-tu-nhien/giuong-ngu-co-hoc-o-dien-moho-vienna-mau-tu-nhien_4.jpg', NOW());
INSERT IGNORE INTO app_productimage (product_id, image, date_added) VALUES (69, 'multiple/giuong-ngu-co-hoc-o-dien-moho-vienna-mau-tu-nhien/giuong-ngu-co-hoc-o-dien-moho-vienna-mau-tu-nhien_5.jpg', NOW());
REPLACE INTO app_product (id, name, price, sale_price, digital, image, description, material, size, origin, quality) VALUES (70, 'giường ngủ gỗ moho vline 601 nhiều kích thước', 7990000.0, 6490000.0, 0, 'main/giuong-ngu-go-moho-vline-601-nhieu-kich-thuoc_1.png', 'giường ngủ gỗ moho vline 601 nhiều kích thước nổi bật với kiểu dáng tối giản nhưng vẫn đảm bảo công năng sử dụng. được hoàn thiện từ gỗ ốc chó, sản phẩm mang lại sự chắc chắn và bền bỉ. kích thước kích thước phủ bì: dài 212cm x rộng 136/156/176/196cm x cao đến đầu giường 92cm, phù hợp với nhiều không gian. thiết kế chắc chắn, hỗ trợ tốt cho cơ thể. phù hợp nhiều phong cách phòng ngủ.', 'gỗ ốc chó', 'kích thước phủ bì: dài 212cm x rộng 136/156/176/196cm x cao đến đầu giường 92cm', 'Việt Nam', 'Loại 1');
INSERT IGNORE INTO app_product_category (product_id, category_id) VALUES (70, 3);
INSERT IGNORE INTO app_productimage (product_id, image, date_added) VALUES (70, 'multiple/giuong-ngu-go-moho-vline-601-nhieu-kich-thuoc/giuong-ngu-go-moho-vline-601-nhieu-kich-thuoc_2.png', NOW());
INSERT IGNORE INTO app_productimage (product_id, image, date_added) VALUES (70, 'multiple/giuong-ngu-go-moho-vline-601-nhieu-kich-thuoc/giuong-ngu-go-moho-vline-601-nhieu-kich-thuoc_3.jpg', NOW());
INSERT IGNORE INTO app_productimage (product_id, image, date_added) VALUES (70, 'multiple/giuong-ngu-go-moho-vline-601-nhieu-kich-thuoc/giuong-ngu-go-moho-vline-601-nhieu-kich-thuoc_4.png', NOW());
INSERT IGNORE INTO app_productimage (product_id, image, date_added) VALUES (70, 'multiple/giuong-ngu-go-moho-vline-601-nhieu-kich-thuoc/giuong-ngu-go-moho-vline-601-nhieu-kich-thuoc_5.png', NOW());
REPLACE INTO app_product (id, name, price, sale_price, digital, image, description, material, size, origin, quality) VALUES (71, 'giường ngủ gỗ tràm moho dalumd 301 ver 2 màu nâu hạnh nhân', 10390000.0, 9490000.0, 0, 'main/giuong-ngu-go-tram-moho-dalumd-301-ver-2-mau-nau-hanh-nhan_1.jpg', 'giường ngủ gỗ tràm moho dalumd 301 ver 2 màu nâu hạnh nhân nổi bật với kiểu dáng tối giản nhưng vẫn đảm bảo công năng sử dụng. chất liệu gỗ công nghiệp (mdf/mfc) giúp sản phẩm chống cong vênh và dễ vệ sinh. với kích thước rộng 160/180 x dài 2100 x cao 100 (cm), sản phẩm tối ưu diện tích hiệu quả. phù hợp nhiều phong cách phòng ngủ. thiết kế chắc chắn, hỗ trợ tốt cho cơ thể.', 'gỗ công nghiệp (mdf/mfc)', 'rộng 160/180 x dài 2100 x cao 100 (cm)', 'Việt Nam', 'Loại 1');
INSERT IGNORE INTO app_product_category (product_id, category_id) VALUES (71, 3);
INSERT IGNORE INTO app_productimage (product_id, image, date_added) VALUES (71, 'multiple/giuong-ngu-go-tram-moho-dalumd-301-ver-2-mau-nau-hanh-nhan/giuong-ngu-go-tram-moho-dalumd-301-ver-2-mau-nau-hanh-nhan_2.png', NOW());
INSERT IGNORE INTO app_productimage (product_id, image, date_added) VALUES (71, 'multiple/giuong-ngu-go-tram-moho-dalumd-301-ver-2-mau-nau-hanh-nhan/giuong-ngu-go-tram-moho-dalumd-301-ver-2-mau-nau-hanh-nhan_3.jpg', NOW());
INSERT IGNORE INTO app_productimage (product_id, image, date_added) VALUES (71, 'multiple/giuong-ngu-go-tram-moho-dalumd-301-ver-2-mau-nau-hanh-nhan/giuong-ngu-go-tram-moho-dalumd-301-ver-2-mau-nau-hanh-nhan_4.jpg', NOW());
INSERT IGNORE INTO app_productimage (product_id, image, date_added) VALUES (71, 'multiple/giuong-ngu-go-tram-moho-dalumd-301-ver-2-mau-nau-hanh-nhan/giuong-ngu-go-tram-moho-dalumd-301-ver-2-mau-nau-hanh-nhan_5.jpg', NOW());
REPLACE INTO app_product (id, name, price, sale_price, digital, image, description, material, size, origin, quality) VALUES (72, 'giường ngủ gỗ tràm moho vline 601 nhiều kích thước', 7990000.0, 6490000.0, 0, 'main/giuong-ngu-go-tram-moho-vline-601-nhieu-kich-thuoc_1.png', 'giường ngủ gỗ tràm moho vline 601 nhiều kích thước nổi bật với kiểu dáng tối giản nhưng vẫn đảm bảo công năng sử dụng. chất liệu gỗ tràm giúp sản phẩm chống cong vênh và dễ vệ sinh. kích thước kích thước phủ bì: dài 212cm x rộng 136/156/176/196cm x cao đến đầu giường 92cm, phù hợp với nhiều không gian. phù hợp nhiều phong cách phòng ngủ. mang lại giấc ngủ thoải mái và thư giãn.', 'gỗ tràm', 'kích thước phủ bì: dài 212cm x rộng 136/156/176/196cm x cao đến đầu giường 92cm', 'Việt Nam', 'Loại 1');
INSERT IGNORE INTO app_product_category (product_id, category_id) VALUES (72, 3);
INSERT IGNORE INTO app_productimage (product_id, image, date_added) VALUES (72, 'multiple/giuong-ngu-go-tram-moho-vline-601-nhieu-kich-thuoc/giuong-ngu-go-tram-moho-vline-601-nhieu-kich-thuoc_2.png', NOW());
INSERT IGNORE INTO app_productimage (product_id, image, date_added) VALUES (72, 'multiple/giuong-ngu-go-tram-moho-vline-601-nhieu-kich-thuoc/giuong-ngu-go-tram-moho-vline-601-nhieu-kich-thuoc_3.jpg', NOW());
INSERT IGNORE INTO app_productimage (product_id, image, date_added) VALUES (72, 'multiple/giuong-ngu-go-tram-moho-vline-601-nhieu-kich-thuoc/giuong-ngu-go-tram-moho-vline-601-nhieu-kich-thuoc_4.jpg', NOW());
INSERT IGNORE INTO app_productimage (product_id, image, date_added) VALUES (72, 'multiple/giuong-ngu-go-tram-moho-vline-601-nhieu-kich-thuoc/giuong-ngu-go-tram-moho-vline-601-nhieu-kich-thuoc_5.jpg', NOW());
REPLACE INTO app_product (id, name, price, sale_price, digital, image, description, material, size, origin, quality) VALUES (73, 'giường ngủ gỗ tự nhiên moho hobro 301', 10990000.0, 9490000.0, 0, 'main/giuong-ngu-go-tu-nhien-moho-hobro-301_1.jpg', 'giường ngủ gỗ tự nhiên moho hobro 301 mang phong cách hiện đại, phù hợp với không gian sống ngày nay. sản phẩm sử dụng chất liệu gỗ tự nhiên câm xe, đảm bảo độ bền và tính thẩm mỹ cao. với kích thước trộng 160/180 x dài 2100 x cao 100 (cm), sản phẩm tối ưu diện tích hiệu quả. thiết kế chắc chắn, hỗ trợ tốt cho cơ thể. mang lại giấc ngủ thoải mái và thư giãn.', 'gỗ tự nhiên câm xe', 'trộng 160/180 x dài 2100 x cao 100 (cm)', 'Việt Nam', 'Loại 1');
INSERT IGNORE INTO app_product_category (product_id, category_id) VALUES (73, 3);
INSERT IGNORE INTO app_productimage (product_id, image, date_added) VALUES (73, 'multiple/giuong-ngu-go-tu-nhien-moho-hobro-301/giuong-ngu-go-tu-nhien-moho-hobro-301_2.jpg', NOW());
INSERT IGNORE INTO app_productimage (product_id, image, date_added) VALUES (73, 'multiple/giuong-ngu-go-tu-nhien-moho-hobro-301/giuong-ngu-go-tu-nhien-moho-hobro-301_3.jpg', NOW());
INSERT IGNORE INTO app_productimage (product_id, image, date_added) VALUES (73, 'multiple/giuong-ngu-go-tu-nhien-moho-hobro-301/giuong-ngu-go-tu-nhien-moho-hobro-301_4.jpg', NOW());
INSERT IGNORE INTO app_productimage (product_id, image, date_added) VALUES (73, 'multiple/giuong-ngu-go-tu-nhien-moho-hobro-301/giuong-ngu-go-tu-nhien-moho-hobro-301_5.jpg', NOW());
REPLACE INTO app_product (id, name, price, sale_price, digital, image, description, material, size, origin, quality) VALUES (74, 'giường ngủ moho koster màu nâu 1m6', 8490000.0, 7490000.0, 0, 'main/giuong-ngu-moho-koster-mau-nau-1m6_1.jpg', 'giường ngủ moho koster màu nâu 1m6 mang phong cách hiện đại, phù hợp với không gian sống ngày nay. sản phẩm sử dụng chất liệu gỗ cao su, đảm bảo độ bền và tính thẩm mỹ cao. thiết kế kích thước rộng 160/180 x dài 2100 x cao 100 (cm), đáp ứng nhu cầu sử dụng linh hoạt. mang lại giấc ngủ thoải mái và thư giãn. phù hợp nhiều phong cách phòng ngủ.', 'gỗ cao su', 'rộng 160/180 x dài 2100 x cao 100 (cm)', 'Việt Nam', 'Loại 1');
INSERT IGNORE INTO app_product_category (product_id, category_id) VALUES (74, 3);
INSERT IGNORE INTO app_productimage (product_id, image, date_added) VALUES (74, 'multiple/giuong-ngu-moho-koster-mau-nau-1m6/giuong-ngu-moho-koster-mau-nau-1m6_2.jpg', NOW());
INSERT IGNORE INTO app_productimage (product_id, image, date_added) VALUES (74, 'multiple/giuong-ngu-moho-koster-mau-nau-1m6/giuong-ngu-moho-koster-mau-nau-1m6_3.jpg', NOW());
INSERT IGNORE INTO app_productimage (product_id, image, date_added) VALUES (74, 'multiple/giuong-ngu-moho-koster-mau-nau-1m6/giuong-ngu-moho-koster-mau-nau-1m6_4.jpg', NOW());
INSERT IGNORE INTO app_productimage (product_id, image, date_added) VALUES (74, 'multiple/giuong-ngu-moho-koster-mau-nau-1m6/giuong-ngu-moho-koster-mau-nau-1m6_5.png', NOW());
REPLACE INTO app_product (id, name, price, sale_price, digital, image, description, material, size, origin, quality) VALUES (75, 'tủ đầu giường gỗ moho dalumd', 2390000.0, 1990000.0, 0, 'main/tu-dau-giuong-go-moho-dalumd_1.jpg', 'tủ đầu giường gỗ moho dalumd nổi bật với kiểu dáng tối giản nhưng vẫn đảm bảo công năng sử dụng. sản phẩm sử dụng chất liệu da / simili, đảm bảo độ bền và tính thẩm mỹ cao. kích thước dài 40 x rộng 55 x cao 50 cm, phù hợp với nhiều không gian. thiết kế chắc chắn, hỗ trợ tốt cho cơ thể. phù hợp nhiều phong cách phòng ngủ.', 'da / simili', 'dài 40 x rộng 55 x cao 50 cm', 'Việt Nam', 'Loại 1');
INSERT IGNORE INTO app_product_category (product_id, category_id) VALUES (75, 3);
INSERT IGNORE INTO app_productimage (product_id, image, date_added) VALUES (75, 'multiple/tu-dau-giuong-go-moho-dalumd/tu-dau-giuong-go-moho-dalumd_2.jpg', NOW());
INSERT IGNORE INTO app_productimage (product_id, image, date_added) VALUES (75, 'multiple/tu-dau-giuong-go-moho-dalumd/tu-dau-giuong-go-moho-dalumd_3.jpg', NOW());
INSERT IGNORE INTO app_productimage (product_id, image, date_added) VALUES (75, 'multiple/tu-dau-giuong-go-moho-dalumd/tu-dau-giuong-go-moho-dalumd_4.jpg', NOW());
INSERT IGNORE INTO app_productimage (product_id, image, date_added) VALUES (75, 'multiple/tu-dau-giuong-go-moho-dalumd/tu-dau-giuong-go-moho-dalumd_5.jpg', NOW());
REPLACE INTO app_product (id, name, price, sale_price, digital, image, description, material, size, origin, quality) VALUES (76, 'tủ đầu giường gỗ moho grenaa 201', 1390000.0, 799000.0, 0, 'main/tu-dau-giuong-go-moho-grenaa-201_1.png', 'tủ đầu giường gỗ moho grenaa 201 mang phong cách hiện đại, phù hợp với không gian sống ngày nay. chất liệu gỗ cao su giúp sản phẩm chống cong vênh và dễ vệ sinh. kích thước dài 40 x rộng 55 x cao 50 cm | tủ đầu giường: dài 45 x rộng 40 x cao 40 cm, phù hợp với nhiều không gian. phù hợp nhiều phong cách phòng ngủ. mang lại giấc ngủ thoải mái và thư giãn.', 'gỗ cao su', 'dài 40 x rộng 55 x cao 50 cm | tủ đầu giường: dài 45 x rộng 40 x cao 40 cm', 'Việt Nam', 'Loại 1');
INSERT IGNORE INTO app_product_category (product_id, category_id) VALUES (76, 3);
INSERT IGNORE INTO app_productimage (product_id, image, date_added) VALUES (76, 'multiple/tu-dau-giuong-go-moho-grenaa-201/tu-dau-giuong-go-moho-grenaa-201_2.jpg', NOW());
INSERT IGNORE INTO app_productimage (product_id, image, date_added) VALUES (76, 'multiple/tu-dau-giuong-go-moho-grenaa-201/tu-dau-giuong-go-moho-grenaa-201_3.jpg', NOW());
INSERT IGNORE INTO app_productimage (product_id, image, date_added) VALUES (76, 'multiple/tu-dau-giuong-go-moho-grenaa-201/tu-dau-giuong-go-moho-grenaa-201_4.png', NOW());
INSERT IGNORE INTO app_productimage (product_id, image, date_added) VALUES (76, 'multiple/tu-dau-giuong-go-moho-grenaa-201/tu-dau-giuong-go-moho-grenaa-201_5.png', NOW());
REPLACE INTO app_product (id, name, price, sale_price, digital, image, description, material, size, origin, quality) VALUES (77, 'tủ đầu giường gỗ moho hobro 301', 3190000.0, 2490000.0, 0, 'main/tu-dau-giuong-go-moho-hobro-301_1.jpg', 'tủ đầu giường gỗ moho hobro 301 nổi bật với kiểu dáng tối giản nhưng vẫn đảm bảo công năng sử dụng. sản phẩm sử dụng chất liệu gỗ ốc chó, đảm bảo độ bền và tính thẩm mỹ cao. với kích thước dài 60cm x rộng 40cm x cao 50cm, sản phẩm tối ưu diện tích hiệu quả. phù hợp nhiều phong cách phòng ngủ. thiết kế chắc chắn, hỗ trợ tốt cho cơ thể.', 'gỗ ốc chó', 'dài 60cm x rộng 40cm x cao 50cm', 'Việt Nam', 'Loại 1');
INSERT IGNORE INTO app_product_category (product_id, category_id) VALUES (77, 3);
INSERT IGNORE INTO app_productimage (product_id, image, date_added) VALUES (77, 'multiple/tu-dau-giuong-go-moho-hobro-301/tu-dau-giuong-go-moho-hobro-301_2.jpg', NOW());
INSERT IGNORE INTO app_productimage (product_id, image, date_added) VALUES (77, 'multiple/tu-dau-giuong-go-moho-hobro-301/tu-dau-giuong-go-moho-hobro-301_3.jpg', NOW());
INSERT IGNORE INTO app_productimage (product_id, image, date_added) VALUES (77, 'multiple/tu-dau-giuong-go-moho-hobro-301/tu-dau-giuong-go-moho-hobro-301_4.jpg', NOW());
INSERT IGNORE INTO app_productimage (product_id, image, date_added) VALUES (77, 'multiple/tu-dau-giuong-go-moho-hobro-301/tu-dau-giuong-go-moho-hobro-301_5.jpg', NOW());
REPLACE INTO app_product (id, name, price, sale_price, digital, image, description, material, size, origin, quality) VALUES (78, 'tủ đầu giường gỗ moho narvik 201', 1590000.0, 1490000.0, 0, 'main/tu-dau-giuong-go-moho-narvik-201_1.png', 'với thiết kế tinh tế, tủ đầu giường gỗ moho narvik 201 là lựa chọn lý tưởng cho mọi gia đình. sản phẩm sử dụng chất liệu gỗ cao su, đảm bảo độ bền và tính thẩm mỹ cao. thiết kế kích thước dài 550 x rộng 400 x cao 500, đáp ứng nhu cầu sử dụng linh hoạt. mang lại giấc ngủ thoải mái và thư giãn. phù hợp nhiều phong cách phòng ngủ.', 'gỗ cao su', 'dài 550 x rộng 400 x cao 500', 'Việt Nam', 'Loại 1');
INSERT IGNORE INTO app_product_category (product_id, category_id) VALUES (78, 3);
INSERT IGNORE INTO app_productimage (product_id, image, date_added) VALUES (78, 'multiple/tu-dau-giuong-go-moho-narvik-201/tu-dau-giuong-go-moho-narvik-201_2.png', NOW());
INSERT IGNORE INTO app_productimage (product_id, image, date_added) VALUES (78, 'multiple/tu-dau-giuong-go-moho-narvik-201/tu-dau-giuong-go-moho-narvik-201_3.png', NOW());
INSERT IGNORE INTO app_productimage (product_id, image, date_added) VALUES (78, 'multiple/tu-dau-giuong-go-moho-narvik-201/tu-dau-giuong-go-moho-narvik-201_4.png', NOW());
INSERT IGNORE INTO app_productimage (product_id, image, date_added) VALUES (78, 'multiple/tu-dau-giuong-go-moho-narvik-201/tu-dau-giuong-go-moho-narvik-201_5.png', NOW());
REPLACE INTO app_product (id, name, price, sale_price, digital, image, description, material, size, origin, quality) VALUES (79, 'tủ đầu giường gỗ moho vline 801', 2590000.0, 2490000.0, 0, 'main/tu-dau-giuong-go-moho-vline-801_1.jpg', 'tủ đầu giường gỗ moho vline 801 mang phong cách hiện đại, phù hợp với không gian sống ngày nay. được hoàn thiện từ gỗ công nghiệp (mdf/mfc), sản phẩm mang lại sự chắc chắn và bền bỉ. kích thước dài 55cm x rộng 41cm x cao 51,5cm, phù hợp với nhiều không gian. phù hợp nhiều phong cách phòng ngủ. thiết kế chắc chắn, hỗ trợ tốt cho cơ thể.', 'gỗ công nghiệp (mdf/mfc)', 'dài 55cm x rộng 41cm x cao 51,5cm', 'Việt Nam', 'Loại 1');
INSERT IGNORE INTO app_product_category (product_id, category_id) VALUES (79, 3);
INSERT IGNORE INTO app_productimage (product_id, image, date_added) VALUES (79, 'multiple/tu-dau-giuong-go-moho-vline-801/tu-dau-giuong-go-moho-vline-801_2.jpg', NOW());
INSERT IGNORE INTO app_productimage (product_id, image, date_added) VALUES (79, 'multiple/tu-dau-giuong-go-moho-vline-801/tu-dau-giuong-go-moho-vline-801_3.jpg', NOW());
INSERT IGNORE INTO app_productimage (product_id, image, date_added) VALUES (79, 'multiple/tu-dau-giuong-go-moho-vline-801/tu-dau-giuong-go-moho-vline-801_4.jpg', NOW());
INSERT IGNORE INTO app_productimage (product_id, image, date_added) VALUES (79, 'multiple/tu-dau-giuong-go-moho-vline-801/tu-dau-giuong-go-moho-vline-801_5.jpg', NOW());
REPLACE INTO app_product (id, name, price, sale_price, digital, image, description, material, size, origin, quality) VALUES (80, 'tủ đầu giường gỗ moho vline 801 màu tự nhiên', 2590000.0, 2490000.0, 0, 'main/tu-dau-giuong-go-moho-vline-801-mau-tu-nhien_1.jpg', 'tủ đầu giường gỗ moho vline 801 màu tự nhiên mang phong cách hiện đại, phù hợp với không gian sống ngày nay. được hoàn thiện từ gỗ công nghiệp (mdf/mfc), sản phẩm mang lại sự chắc chắn và bền bỉ. kích thước dài 55cm x rộng 41cm x cao 51,5cm, phù hợp với nhiều không gian. thiết kế chắc chắn, hỗ trợ tốt cho cơ thể. mang lại giấc ngủ thoải mái và thư giãn.', 'gỗ công nghiệp (mdf/mfc)', 'dài 55cm x rộng 41cm x cao 51,5cm', 'Việt Nam', 'Loại 1');
INSERT IGNORE INTO app_product_category (product_id, category_id) VALUES (80, 3);
INSERT IGNORE INTO app_productimage (product_id, image, date_added) VALUES (80, 'multiple/tu-dau-giuong-go-moho-vline-801-mau-tu-nhien/tu-dau-giuong-go-moho-vline-801-mau-tu-nhien_2.jpg', NOW());
INSERT IGNORE INTO app_productimage (product_id, image, date_added) VALUES (80, 'multiple/tu-dau-giuong-go-moho-vline-801-mau-tu-nhien/tu-dau-giuong-go-moho-vline-801-mau-tu-nhien_3.jpg', NOW());
INSERT IGNORE INTO app_productimage (product_id, image, date_added) VALUES (80, 'multiple/tu-dau-giuong-go-moho-vline-801-mau-tu-nhien/tu-dau-giuong-go-moho-vline-801-mau-tu-nhien_4.jpg', NOW());
INSERT IGNORE INTO app_productimage (product_id, image, date_added) VALUES (80, 'multiple/tu-dau-giuong-go-moho-vline-801-mau-tu-nhien/tu-dau-giuong-go-moho-vline-801-mau-tu-nhien_5.jpg', NOW());
REPLACE INTO app_product (id, name, price, sale_price, digital, image, description, material, size, origin, quality) VALUES (81, 'tủ đầu giường gỗ tần bì cao cấp scarlet moho signature', 5990000.0, 4990000.0, 0, 'main/tu-dau-giuong-go-tan-bi-cao-cap-scarlet-moho-signature_1.jpg', 'tủ đầu giường gỗ tần bì cao cấp scarlet moho signature nổi bật với kiểu dáng tối giản nhưng vẫn đảm bảo công năng sử dụng. chất liệu gỗ công nghiệp (mdf/mfc) giúp sản phẩm chống cong vênh và dễ vệ sinh. thiết kế kích thước dài 55 × rộng 55 × cao 50 (cm) | dài 55 × rộng 55 × cao 50 (cm), đáp ứng nhu cầu sử dụng linh hoạt. mang lại giấc ngủ thoải mái và thư giãn. thiết kế chắc chắn, hỗ trợ tốt cho cơ thể.', 'gỗ công nghiệp (mdf/mfc)', 'dài 55 × rộng 55 × cao 50 (cm) | dài 55 × rộng 55 × cao 50 (cm)', 'Việt Nam', 'Loại 1');
INSERT IGNORE INTO app_product_category (product_id, category_id) VALUES (81, 3);
INSERT IGNORE INTO app_productimage (product_id, image, date_added) VALUES (81, 'multiple/tu-dau-giuong-go-tan-bi-cao-cap-scarlet-moho-signature/tu-dau-giuong-go-tan-bi-cao-cap-scarlet-moho-signature_2.jpg', NOW());
INSERT IGNORE INTO app_productimage (product_id, image, date_added) VALUES (81, 'multiple/tu-dau-giuong-go-tan-bi-cao-cap-scarlet-moho-signature/tu-dau-giuong-go-tan-bi-cao-cap-scarlet-moho-signature_3.jpg', NOW());
INSERT IGNORE INTO app_productimage (product_id, image, date_added) VALUES (81, 'multiple/tu-dau-giuong-go-tan-bi-cao-cap-scarlet-moho-signature/tu-dau-giuong-go-tan-bi-cao-cap-scarlet-moho-signature_4.jpg', NOW());
INSERT IGNORE INTO app_productimage (product_id, image, date_added) VALUES (81, 'multiple/tu-dau-giuong-go-tan-bi-cao-cap-scarlet-moho-signature/tu-dau-giuong-go-tan-bi-cao-cap-scarlet-moho-signature_5.jpg', NOW());
REPLACE INTO app_product (id, name, price, sale_price, digital, image, description, material, size, origin, quality) VALUES (82, 'tủ đầu giường moho koster màu nâu', 1890000.0, 1490000.0, 0, 'main/tu-dau-giuong-moho-koster-mau-nau_1.png', 'tủ đầu giường moho koster màu nâu mang phong cách hiện đại, phù hợp với không gian sống ngày nay. chất liệu gỗ cao su giúp sản phẩm chống cong vênh và dễ vệ sinh. với kích thước dài 40 x rộng 50 x cao 50 (cm), sản phẩm tối ưu diện tích hiệu quả. thiết kế chắc chắn, hỗ trợ tốt cho cơ thể. mang lại giấc ngủ thoải mái và thư giãn.', 'gỗ cao su', 'dài 40 x rộng 50 x cao 50 (cm)', 'Việt Nam', 'Loại 1');
INSERT IGNORE INTO app_product_category (product_id, category_id) VALUES (82, 3);
INSERT IGNORE INTO app_productimage (product_id, image, date_added) VALUES (82, 'multiple/tu-dau-giuong-moho-koster-mau-nau/tu-dau-giuong-moho-koster-mau-nau_2.png', NOW());
INSERT IGNORE INTO app_productimage (product_id, image, date_added) VALUES (82, 'multiple/tu-dau-giuong-moho-koster-mau-nau/tu-dau-giuong-moho-koster-mau-nau_3.png', NOW());
INSERT IGNORE INTO app_productimage (product_id, image, date_added) VALUES (82, 'multiple/tu-dau-giuong-moho-koster-mau-nau/tu-dau-giuong-moho-koster-mau-nau_4.png', NOW());
INSERT IGNORE INTO app_productimage (product_id, image, date_added) VALUES (82, 'multiple/tu-dau-giuong-moho-koster-mau-nau/tu-dau-giuong-moho-koster-mau-nau_5.png', NOW());
REPLACE INTO app_product (id, name, price, sale_price, digital, image, description, material, size, origin, quality) VALUES (83, 'tủ đầu giường vienna (màu gỗ phối trắng)', 1890000.0, 1690000.0, 0, 'main/tu-dau-giuong-vienna-mau-go-phoi-trang_1.png', 'tủ đầu giường vienna (màu gỗ phối trắng) nổi bật với kiểu dáng tối giản nhưng vẫn đảm bảo công năng sử dụng. được hoàn thiện từ gỗ công nghiệp (mdf/mfc), sản phẩm mang lại sự chắc chắn và bền bỉ. với kích thước w50 x d40 x h45 cm, sản phẩm tối ưu diện tích hiệu quả. phù hợp nhiều phong cách phòng ngủ. mang lại giấc ngủ thoải mái và thư giãn.', 'gỗ công nghiệp (mdf/mfc)', 'w50 x d40 x h45 cm ', 'Việt Nam', 'Loại 1');
INSERT IGNORE INTO app_product_category (product_id, category_id) VALUES (83, 3);
INSERT IGNORE INTO app_productimage (product_id, image, date_added) VALUES (83, 'multiple/tu-dau-giuong-vienna-mau-go-phoi-trang/tu-dau-giuong-vienna-mau-go-phoi-trang_2.jpg', NOW());
INSERT IGNORE INTO app_productimage (product_id, image, date_added) VALUES (83, 'multiple/tu-dau-giuong-vienna-mau-go-phoi-trang/tu-dau-giuong-vienna-mau-go-phoi-trang_3.jpg', NOW());
INSERT IGNORE INTO app_productimage (product_id, image, date_added) VALUES (83, 'multiple/tu-dau-giuong-vienna-mau-go-phoi-trang/tu-dau-giuong-vienna-mau-go-phoi-trang_4.jpg', NOW());
INSERT IGNORE INTO app_productimage (product_id, image, date_added) VALUES (83, 'multiple/tu-dau-giuong-vienna-mau-go-phoi-trang/tu-dau-giuong-vienna-mau-go-phoi-trang_5.jpg', NOW());
REPLACE INTO app_product (id, name, price, sale_price, digital, image, description, material, size, origin, quality) VALUES (84, 'nệm foam moho sleep balance', 8990000.0, 7990000.0, 0, 'main/nem-foam-moho-sleep-balance_1.png', 'với thiết kế tinh tế, nệm foam moho sleep balance là lựa chọn lý tưởng cho mọi gia đình. được hoàn thiện từ gỗ cẩm lai, sản phẩm mang lại sự chắc chắn và bền bỉ. kích thước r140/160/180 x d200 x c20 cm | 140/160/180 x 200 x 20 cm, phù hợp với nhiều không gian. thiết kế tiện lợi và linh hoạt. phù hợp nhiều mục đích.', 'gỗ cẩm lai', 'r140/160/180 x d200 x c20 cm | 140/160/180 x 200 x 20 cm', 'Việt Nam', 'Loại 1');
INSERT IGNORE INTO app_product_category (product_id, category_id) VALUES (84, 4);
INSERT IGNORE INTO app_productimage (product_id, image, date_added) VALUES (84, 'multiple/nem-foam-moho-sleep-balance/nem-foam-moho-sleep-balance_2.png', NOW());
INSERT IGNORE INTO app_productimage (product_id, image, date_added) VALUES (84, 'multiple/nem-foam-moho-sleep-balance/nem-foam-moho-sleep-balance_3.png', NOW());
INSERT IGNORE INTO app_productimage (product_id, image, date_added) VALUES (84, 'multiple/nem-foam-moho-sleep-balance/nem-foam-moho-sleep-balance_4.png', NOW());
INSERT IGNORE INTO app_productimage (product_id, image, date_added) VALUES (84, 'multiple/nem-foam-moho-sleep-balance/nem-foam-moho-sleep-balance_5.png', NOW());
REPLACE INTO app_product (id, name, price, sale_price, digital, image, description, material, size, origin, quality) VALUES (85, 'bộ nội thất phòng khách moho dalumd', 22070000.0, 13490000.0, 0, 'main/bo-noi-that-phong-khach-moho-dalumd_1.jpg', 'với thiết kế tinh tế, bộ nội thất phòng khách moho dalumd là lựa chọn lý tưởng cho mọi gia đình. chất liệu da / simili giúp sản phẩm chống cong vênh và dễ vệ sinh. với kích thước r140/160/180 x d200 x c20 cm | 140/160/180 x 200 x 20 cm, sản phẩm tối ưu diện tích hiệu quả. đáp ứng nhu cầu sử dụng hằng ngày. thiết kế tiện lợi và linh hoạt.', 'da / simili', 'r140/160/180 x d200 x c20 cm | 140/160/180 x 200 x 20 cm', 'Việt Nam', 'Loại 1');
INSERT IGNORE INTO app_product_category (product_id, category_id) VALUES (85, 4);
INSERT IGNORE INTO app_productimage (product_id, image, date_added) VALUES (85, 'multiple/bo-noi-that-phong-khach-moho-dalumd/bo-noi-that-phong-khach-moho-dalumd_2.jpg', NOW());
INSERT IGNORE INTO app_productimage (product_id, image, date_added) VALUES (85, 'multiple/bo-noi-that-phong-khach-moho-dalumd/bo-noi-that-phong-khach-moho-dalumd_3.jpg', NOW());
INSERT IGNORE INTO app_productimage (product_id, image, date_added) VALUES (85, 'multiple/bo-noi-that-phong-khach-moho-dalumd/bo-noi-that-phong-khach-moho-dalumd_4.jpg', NOW());
REPLACE INTO app_product (id, name, price, sale_price, digital, image, description, material, size, origin, quality) VALUES (86, 'full house bộ sưu tập narvik 201 màu tự nhiên', 45380000.0, 30990000.0, 0, 'main/full-house-bo-suu-tap-narvik-201-mau-tu-nhien_1.png', 'với thiết kế tinh tế, full house bộ sưu tập narvik 201 màu tự nhiên là lựa chọn lý tưởng cho mọi gia đình. sản phẩm sử dụng chất liệu gỗ cao su, đảm bảo độ bền và tính thẩm mỹ cao. với kích thước dài 160 x rộng 75 x cao 76 cm, sản phẩm tối ưu diện tích hiệu quả. đáp ứng nhu cầu sử dụng hằng ngày. phù hợp nhiều mục đích.', 'gỗ cao su', 'dài 160 x rộng 75 x cao 76 cm ', 'Việt Nam', 'Loại 1');
INSERT IGNORE INTO app_product_category (product_id, category_id) VALUES (86, 4);
INSERT IGNORE INTO app_productimage (product_id, image, date_added) VALUES (86, 'multiple/full-house-bo-suu-tap-narvik-201-mau-tu-nhien/full-house-bo-suu-tap-narvik-201-mau-tu-nhien_2.jpg', NOW());
INSERT IGNORE INTO app_productimage (product_id, image, date_added) VALUES (86, 'multiple/full-house-bo-suu-tap-narvik-201-mau-tu-nhien/full-house-bo-suu-tap-narvik-201-mau-tu-nhien_3.jpg', NOW());
INSERT IGNORE INTO app_productimage (product_id, image, date_added) VALUES (86, 'multiple/full-house-bo-suu-tap-narvik-201-mau-tu-nhien/full-house-bo-suu-tap-narvik-201-mau-tu-nhien_4.jpg', NOW());
INSERT IGNORE INTO app_productimage (product_id, image, date_added) VALUES (86, 'multiple/full-house-bo-suu-tap-narvik-201-mau-tu-nhien/full-house-bo-suu-tap-narvik-201-mau-tu-nhien_5.jpg', NOW());
REPLACE INTO app_product (id, name, price, sale_price, digital, image, description, material, size, origin, quality) VALUES (87, 'full house moho koster màu nâu', 52880000.0, 32990000.0, 0, 'main/full-house-moho-koster-mau-nau_1.jpg', 'full house moho koster màu nâu nổi bật với kiểu dáng tối giản nhưng vẫn đảm bảo công năng sử dụng. sản phẩm sử dụng chất liệu gỗ ốc chó, đảm bảo độ bền và tính thẩm mỹ cao. kích thước full house 1: 3 phòng | 1 ghế sofa (mfsncdd01.b18): w180 x d79 x h75 cm | 1 ghế đôn (mfsscdd01.b04):, phù hợp với nhiều không gian. phù hợp nhiều mục đích. thiết kế tiện lợi và linh hoạt.', 'gỗ ốc chó', 'full house 1: 3 phòng | 1 ghế sofa (mfsncdd01.b18): w180 x d79 x h75 cm | 1 ghế đôn (mfsscdd01.b04):', 'Việt Nam', 'Loại 1');
INSERT IGNORE INTO app_product_category (product_id, category_id) VALUES (87, 4);
INSERT IGNORE INTO app_productimage (product_id, image, date_added) VALUES (87, 'multiple/full-house-moho-koster-mau-nau/full-house-moho-koster-mau-nau_2.jpg', NOW());
INSERT IGNORE INTO app_productimage (product_id, image, date_added) VALUES (87, 'multiple/full-house-moho-koster-mau-nau/full-house-moho-koster-mau-nau_3.jpg', NOW());
INSERT IGNORE INTO app_productimage (product_id, image, date_added) VALUES (87, 'multiple/full-house-moho-koster-mau-nau/full-house-moho-koster-mau-nau_4.jpg', NOW());
INSERT IGNORE INTO app_productimage (product_id, image, date_added) VALUES (87, 'multiple/full-house-moho-koster-mau-nau/full-house-moho-koster-mau-nau_5.jpg', NOW());
REPLACE INTO app_product (id, name, price, sale_price, digital, image, description, material, size, origin, quality) VALUES (88, 'ghế ăn gỗ cao su tự nhiên hobro 301', 2490000.0, 2290000.0, 0, 'main/ghe-an-go-cao-su-tu-nhien-hobro-301_1.jpg', 'ghế ăn gỗ cao su tự nhiên hobro 301 nổi bật với kiểu dáng tối giản nhưng vẫn đảm bảo công năng sử dụng. chất liệu gỗ cao su giúp sản phẩm chống cong vênh và dễ vệ sinh. với kích thước rộng 410 x dài 515 x cao 787, sản phẩm tối ưu diện tích hiệu quả. thiết kế tiện lợi và linh hoạt. đáp ứng nhu cầu sử dụng hằng ngày.', 'gỗ cao su', 'rộng 410 x dài 515 x cao 787', 'Việt Nam', 'Loại 1');
INSERT IGNORE INTO app_product_category (product_id, category_id) VALUES (88, 4);
INSERT IGNORE INTO app_productimage (product_id, image, date_added) VALUES (88, 'multiple/ghe-an-go-cao-su-tu-nhien-hobro-301/ghe-an-go-cao-su-tu-nhien-hobro-301_2.jpg', NOW());
INSERT IGNORE INTO app_productimage (product_id, image, date_added) VALUES (88, 'multiple/ghe-an-go-cao-su-tu-nhien-hobro-301/ghe-an-go-cao-su-tu-nhien-hobro-301_3.jpg', NOW());
INSERT IGNORE INTO app_productimage (product_id, image, date_added) VALUES (88, 'multiple/ghe-an-go-cao-su-tu-nhien-hobro-301/ghe-an-go-cao-su-tu-nhien-hobro-301_4.jpg', NOW());
INSERT IGNORE INTO app_productimage (product_id, image, date_added) VALUES (88, 'multiple/ghe-an-go-cao-su-tu-nhien-hobro-301/ghe-an-go-cao-su-tu-nhien-hobro-301_5.jpg', NOW());
REPLACE INTO app_product (id, name, price, sale_price, digital, image, description, material, size, origin, quality) VALUES (89, 'ghế ăn gỗ cao su tự nhiên moho fyn', 2390000.0, 1990000.0, 0, 'main/ghe-an-go-cao-su-tu-nhien-moho-fyn_1.jpg', 'với thiết kế tinh tế, ghế ăn gỗ cao su tự nhiên moho fyn là lựa chọn lý tưởng cho mọi gia đình. chất liệu gỗ cao su giúp sản phẩm chống cong vênh và dễ vệ sinh. kích thước dài 45cm x rộng 50cm x cao đến đệm ngồi/lưng tựa: 45cm/ 79cm, phù hợp với nhiều không gian. thiết kế tiện lợi và linh hoạt. đáp ứng nhu cầu sử dụng hằng ngày.', 'gỗ cao su', 'dài 45cm x rộng 50cm x cao đến đệm ngồi/lưng tựa: 45cm/ 79cm', 'Việt Nam', 'Loại 1');
INSERT IGNORE INTO app_product_category (product_id, category_id) VALUES (89, 4);
INSERT IGNORE INTO app_productimage (product_id, image, date_added) VALUES (89, 'multiple/ghe-an-go-cao-su-tu-nhien-moho-fyn/ghe-an-go-cao-su-tu-nhien-moho-fyn_2.jpg', NOW());
INSERT IGNORE INTO app_productimage (product_id, image, date_added) VALUES (89, 'multiple/ghe-an-go-cao-su-tu-nhien-moho-fyn/ghe-an-go-cao-su-tu-nhien-moho-fyn_3.jpg', NOW());
INSERT IGNORE INTO app_productimage (product_id, image, date_added) VALUES (89, 'multiple/ghe-an-go-cao-su-tu-nhien-moho-fyn/ghe-an-go-cao-su-tu-nhien-moho-fyn_4.jpg', NOW());
INSERT IGNORE INTO app_productimage (product_id, image, date_added) VALUES (89, 'multiple/ghe-an-go-cao-su-tu-nhien-moho-fyn/ghe-an-go-cao-su-tu-nhien-moho-fyn_5.jpg', NOW());
REPLACE INTO app_product (id, name, price, sale_price, digital, image, description, material, size, origin, quality) VALUES (90, 'ghế ăn gỗ cao su tự nhiên moho milan 601 màu gỗ', 1990000.0, 1490000.0, 0, 'main/ghe-an-go-cao-su-tu-nhien-moho-milan-601-mau-go_1.jpg', 'với thiết kế tinh tế, ghế ăn gỗ cao su tự nhiên moho milan 601 màu gỗ là lựa chọn lý tưởng cho mọi gia đình. sản phẩm sử dụng chất liệu gỗ cao su, đảm bảo độ bền và tính thẩm mỹ cao. kích thước dài 45cm x rộng 50cm x cao đến đệm ngồi/lưng tựa: 45cm/ 79cm, phù hợp với nhiều không gian. đáp ứng nhu cầu sử dụng hằng ngày. thiết kế tiện lợi và linh hoạt.', 'gỗ cao su', 'dài 45cm x rộng 50cm x cao đến đệm ngồi/lưng tựa: 45cm/ 79cm', 'Việt Nam', 'Loại 1');
INSERT IGNORE INTO app_product_category (product_id, category_id) VALUES (90, 4);
INSERT IGNORE INTO app_productimage (product_id, image, date_added) VALUES (90, 'multiple/ghe-an-go-cao-su-tu-nhien-moho-milan-601-mau-go/ghe-an-go-cao-su-tu-nhien-moho-milan-601-mau-go_2.jpg', NOW());
INSERT IGNORE INTO app_productimage (product_id, image, date_added) VALUES (90, 'multiple/ghe-an-go-cao-su-tu-nhien-moho-milan-601-mau-go/ghe-an-go-cao-su-tu-nhien-moho-milan-601-mau-go_3.jpg', NOW());
INSERT IGNORE INTO app_productimage (product_id, image, date_added) VALUES (90, 'multiple/ghe-an-go-cao-su-tu-nhien-moho-milan-601-mau-go/ghe-an-go-cao-su-tu-nhien-moho-milan-601-mau-go_4.jpg', NOW());
INSERT IGNORE INTO app_productimage (product_id, image, date_added) VALUES (90, 'multiple/ghe-an-go-cao-su-tu-nhien-moho-milan-601-mau-go/ghe-an-go-cao-su-tu-nhien-moho-milan-601-mau-go_5.jpg', NOW());
REPLACE INTO app_product (id, name, price, sale_price, digital, image, description, material, size, origin, quality) VALUES (91, 'ghế ăn gỗ cao su tự nhiên moho milan 601 màu nâu', 1990000.0, 1490000.0, 0, 'main/ghe-an-go-cao-su-tu-nhien-moho-milan-601-mau-nau_1.jpg', 'với thiết kế tinh tế, ghế ăn gỗ cao su tự nhiên moho milan 601 màu nâu là lựa chọn lý tưởng cho mọi gia đình. được hoàn thiện từ gỗ cao su, sản phẩm mang lại sự chắc chắn và bền bỉ. kích thước dài 52cm x rộng 49cm x cao đến đệm ngồi/lưng tựa 46cm/74cm, phù hợp với nhiều không gian. thiết kế tiện lợi và linh hoạt. phù hợp nhiều mục đích.', 'gỗ cao su', 'dài 52cm x rộng 49cm x cao đến đệm ngồi/lưng tựa 46cm/74cm', 'Việt Nam', 'Loại 1');
INSERT IGNORE INTO app_product_category (product_id, category_id) VALUES (91, 4);
INSERT IGNORE INTO app_productimage (product_id, image, date_added) VALUES (91, 'multiple/ghe-an-go-cao-su-tu-nhien-moho-milan-601-mau-nau/ghe-an-go-cao-su-tu-nhien-moho-milan-601-mau-nau_2.jpg', NOW());
INSERT IGNORE INTO app_productimage (product_id, image, date_added) VALUES (91, 'multiple/ghe-an-go-cao-su-tu-nhien-moho-milan-601-mau-nau/ghe-an-go-cao-su-tu-nhien-moho-milan-601-mau-nau_3.jpg', NOW());
INSERT IGNORE INTO app_productimage (product_id, image, date_added) VALUES (91, 'multiple/ghe-an-go-cao-su-tu-nhien-moho-milan-601-mau-nau/ghe-an-go-cao-su-tu-nhien-moho-milan-601-mau-nau_4.jpg', NOW());
INSERT IGNORE INTO app_productimage (product_id, image, date_added) VALUES (91, 'multiple/ghe-an-go-cao-su-tu-nhien-moho-milan-601-mau-nau/ghe-an-go-cao-su-tu-nhien-moho-milan-601-mau-nau_5.png', NOW());
REPLACE INTO app_product (id, name, price, sale_price, digital, image, description, material, size, origin, quality) VALUES (92, 'ghế ăn gỗ cao su tự nhiên moho oslo 601', 1990000.0, 1490000.0, 0, 'main/ghe-an-go-cao-su-tu-nhien-moho-oslo-601_1.png', 'với thiết kế tinh tế, ghế ăn gỗ cao su tự nhiên moho oslo 601 là lựa chọn lý tưởng cho mọi gia đình. được hoàn thiện từ gỗ cao su, sản phẩm mang lại sự chắc chắn và bền bỉ. với kích thước dài 50cm x rộng 51cm x cao đến đệm ngồi/lưng tựa 41cm/ 81cm, sản phẩm tối ưu diện tích hiệu quả. thiết kế tiện lợi và linh hoạt. đáp ứng nhu cầu sử dụng hằng ngày.', 'gỗ cao su', 'dài 50cm x rộng 51cm x cao đến đệm ngồi/lưng tựa 41cm/ 81cm', 'Việt Nam', 'Loại 1');
INSERT IGNORE INTO app_product_category (product_id, category_id) VALUES (92, 4);
INSERT IGNORE INTO app_productimage (product_id, image, date_added) VALUES (92, 'multiple/ghe-an-go-cao-su-tu-nhien-moho-oslo-601/ghe-an-go-cao-su-tu-nhien-moho-oslo-601_2.png', NOW());
INSERT IGNORE INTO app_productimage (product_id, image, date_added) VALUES (92, 'multiple/ghe-an-go-cao-su-tu-nhien-moho-oslo-601/ghe-an-go-cao-su-tu-nhien-moho-oslo-601_3.jpg', NOW());
INSERT IGNORE INTO app_productimage (product_id, image, date_added) VALUES (92, 'multiple/ghe-an-go-cao-su-tu-nhien-moho-oslo-601/ghe-an-go-cao-su-tu-nhien-moho-oslo-601_4.jpg', NOW());
INSERT IGNORE INTO app_productimage (product_id, image, date_added) VALUES (92, 'multiple/ghe-an-go-cao-su-tu-nhien-moho-oslo-601/ghe-an-go-cao-su-tu-nhien-moho-oslo-601_5.jpg', NOW());
REPLACE INTO app_product (id, name, price, sale_price, digital, image, description, material, size, origin, quality) VALUES (93, 'ghế ăn gỗ cao su tự nhiên moho viborg 601', 1890000.0, 1099000.0, 0, 'main/ghe-an-go-cao-su-tu-nhien-moho-viborg-601_1.jpg', 'với thiết kế tinh tế, ghế ăn gỗ cao su tự nhiên moho viborg 601 là lựa chọn lý tưởng cho mọi gia đình. sản phẩm sử dụng chất liệu gỗ cao su, đảm bảo độ bền và tính thẩm mỹ cao. kích thước dài 42cm x rộng 52cm x cao 85cm, phù hợp với nhiều không gian. thiết kế tiện lợi và linh hoạt. đáp ứng nhu cầu sử dụng hằng ngày.', 'gỗ cao su', 'dài 42cm x rộng 52cm x cao 85cm', 'Việt Nam', 'Loại 1');
INSERT IGNORE INTO app_product_category (product_id, category_id) VALUES (93, 4);
INSERT IGNORE INTO app_productimage (product_id, image, date_added) VALUES (93, 'multiple/ghe-an-go-cao-su-tu-nhien-moho-viborg-601/ghe-an-go-cao-su-tu-nhien-moho-viborg-601_2.jpg', NOW());
INSERT IGNORE INTO app_productimage (product_id, image, date_added) VALUES (93, 'multiple/ghe-an-go-cao-su-tu-nhien-moho-viborg-601/ghe-an-go-cao-su-tu-nhien-moho-viborg-601_3.jpg', NOW());
INSERT IGNORE INTO app_productimage (product_id, image, date_added) VALUES (93, 'multiple/ghe-an-go-cao-su-tu-nhien-moho-viborg-601/ghe-an-go-cao-su-tu-nhien-moho-viborg-601_4.jpg', NOW());
INSERT IGNORE INTO app_productimage (product_id, image, date_added) VALUES (93, 'multiple/ghe-an-go-cao-su-tu-nhien-moho-viborg-601/ghe-an-go-cao-su-tu-nhien-moho-viborg-601_5.jpg', NOW());
REPLACE INTO app_product (id, name, price, sale_price, digital, image, description, material, size, origin, quality) VALUES (94, 'ghế ăn gỗ cao su tự nhiên moho vline 601', 1990000.0, 1490000.0, 0, 'main/ghe-an-go-cao-su-tu-nhien-moho-vline-601_1.png', 'với thiết kế tinh tế, ghế ăn gỗ cao su tự nhiên moho vline 601 là lựa chọn lý tưởng cho mọi gia đình. được hoàn thiện từ gỗ cao su, sản phẩm mang lại sự chắc chắn và bền bỉ. với kích thước dài 50cm x rộng 56cm x cao đến đệm ngồi/lưng tựa 37cm/ 70cm, sản phẩm tối ưu diện tích hiệu quả. thiết kế tiện lợi và linh hoạt. đáp ứng nhu cầu sử dụng hằng ngày.', 'gỗ cao su', 'dài 50cm x rộng 56cm x cao đến đệm ngồi/lưng tựa 37cm/ 70cm', 'Việt Nam', 'Loại 1');
INSERT IGNORE INTO app_product_category (product_id, category_id) VALUES (94, 4);
INSERT IGNORE INTO app_productimage (product_id, image, date_added) VALUES (94, 'multiple/ghe-an-go-cao-su-tu-nhien-moho-vline-601/ghe-an-go-cao-su-tu-nhien-moho-vline-601_2.png', NOW());
INSERT IGNORE INTO app_productimage (product_id, image, date_added) VALUES (94, 'multiple/ghe-an-go-cao-su-tu-nhien-moho-vline-601/ghe-an-go-cao-su-tu-nhien-moho-vline-601_3.jpg', NOW());
INSERT IGNORE INTO app_productimage (product_id, image, date_added) VALUES (94, 'multiple/ghe-an-go-cao-su-tu-nhien-moho-vline-601/ghe-an-go-cao-su-tu-nhien-moho-vline-601_4.jpg', NOW());
INSERT IGNORE INTO app_productimage (product_id, image, date_added) VALUES (94, 'multiple/ghe-an-go-cao-su-tu-nhien-moho-vline-601/ghe-an-go-cao-su-tu-nhien-moho-vline-601_5.png', NOW());
REPLACE INTO app_product (id, name, price, sale_price, digital, image, description, material, size, origin, quality) VALUES (95, 'ghế ăn gỗ moho koster màu nâu', 1990000.0, 1490000.0, 0, 'main/ghe-an-go-moho-koster-mau-nau_1.png', 'ghế ăn gỗ moho koster màu nâu nổi bật với kiểu dáng tối giản nhưng vẫn đảm bảo công năng sử dụng. sản phẩm sử dụng chất liệu gỗ cao su, đảm bảo độ bền và tính thẩm mỹ cao. với kích thước dài 48,5 x rộng 42 x cao 77 (cm), sản phẩm tối ưu diện tích hiệu quả. đáp ứng nhu cầu sử dụng hằng ngày. phù hợp nhiều mục đích.', 'gỗ cao su', 'dài 48,5 x rộng 42 x cao 77 (cm)', 'Việt Nam', 'Loại 1');
INSERT IGNORE INTO app_product_category (product_id, category_id) VALUES (95, 4);
INSERT IGNORE INTO app_productimage (product_id, image, date_added) VALUES (95, 'multiple/ghe-an-go-moho-koster-mau-nau/ghe-an-go-moho-koster-mau-nau_2.png', NOW());
INSERT IGNORE INTO app_productimage (product_id, image, date_added) VALUES (95, 'multiple/ghe-an-go-moho-koster-mau-nau/ghe-an-go-moho-koster-mau-nau_3.png', NOW());
INSERT IGNORE INTO app_productimage (product_id, image, date_added) VALUES (95, 'multiple/ghe-an-go-moho-koster-mau-nau/ghe-an-go-moho-koster-mau-nau_4.png', NOW());
INSERT IGNORE INTO app_productimage (product_id, image, date_added) VALUES (95, 'multiple/ghe-an-go-moho-koster-mau-nau/ghe-an-go-moho-koster-mau-nau_5.png', NOW());
REPLACE INTO app_product (id, name, price, sale_price, digital, image, description, material, size, origin, quality) VALUES (96, 'ghế băng dài gỗ cao su tự nhiên moho vline 602', 2290000.0, 1990000.0, 0, 'main/ghe-bang-dai-go-cao-su-tu-nhien-moho-vline-602_1.jpg', 'với thiết kế tinh tế, ghế băng dài gỗ cao su tự nhiên moho vline 602 là lựa chọn lý tưởng cho mọi gia đình. sản phẩm sử dụng chất liệu gỗ cao su, đảm bảo độ bền và tính thẩm mỹ cao. với kích thước dài 110cm x rộng 41cm x cao 38,7cm | cao thông thường: dài 120cm x rộng 44cm x c40cm, sản phẩm tối ưu diện tích hiệu quả. phù hợp nhiều mục đích. đáp ứng nhu cầu sử dụng hằng ngày.', 'gỗ cao su', ' dài 110cm x rộng 41cm x cao 38,7cm | cao thông thường: dài 120cm x rộng 44cm x c40cm', 'Việt Nam', 'Loại 1');
INSERT IGNORE INTO app_product_category (product_id, category_id) VALUES (96, 4);
INSERT IGNORE INTO app_productimage (product_id, image, date_added) VALUES (96, 'multiple/ghe-bang-dai-go-cao-su-tu-nhien-moho-vline-602/ghe-bang-dai-go-cao-su-tu-nhien-moho-vline-602_2.jpg', NOW());
INSERT IGNORE INTO app_productimage (product_id, image, date_added) VALUES (96, 'multiple/ghe-bang-dai-go-cao-su-tu-nhien-moho-vline-602/ghe-bang-dai-go-cao-su-tu-nhien-moho-vline-602_3.jpg', NOW());
INSERT IGNORE INTO app_productimage (product_id, image, date_added) VALUES (96, 'multiple/ghe-bang-dai-go-cao-su-tu-nhien-moho-vline-602/ghe-bang-dai-go-cao-su-tu-nhien-moho-vline-602_4.jpg', NOW());
INSERT IGNORE INTO app_productimage (product_id, image, date_added) VALUES (96, 'multiple/ghe-bang-dai-go-cao-su-tu-nhien-moho-vline-602/ghe-bang-dai-go-cao-su-tu-nhien-moho-vline-602_5.jpg', NOW());
REPLACE INTO app_product (id, name, price, sale_price, digital, image, description, material, size, origin, quality) VALUES (97, 'ghế băng plank', 5330000.0, 3990000.0, 0, 'main/ghe-bang-plank_1.jpg', 'ghế băng plank nổi bật với kiểu dáng tối giản nhưng vẫn đảm bảo công năng sử dụng. được hoàn thiện từ gỗ ốc chó, sản phẩm mang lại sự chắc chắn và bền bỉ. thiết kế kích thước d37 x r140 x c45 cm, đáp ứng nhu cầu sử dụng linh hoạt. phù hợp nhiều mục đích. đáp ứng nhu cầu sử dụng hằng ngày.', 'gỗ ốc chó', 'd37 x r140 x c45 cm ', 'Việt Nam', 'Loại 1');
INSERT IGNORE INTO app_product_category (product_id, category_id) VALUES (97, 4);
INSERT IGNORE INTO app_productimage (product_id, image, date_added) VALUES (97, 'multiple/ghe-bang-plank/ghe-bang-plank_2.jpg', NOW());
INSERT IGNORE INTO app_productimage (product_id, image, date_added) VALUES (97, 'multiple/ghe-bang-plank/ghe-bang-plank_3.jpg', NOW());
INSERT IGNORE INTO app_productimage (product_id, image, date_added) VALUES (97, 'multiple/ghe-bang-plank/ghe-bang-plank_4.jpg', NOW());
INSERT IGNORE INTO app_productimage (product_id, image, date_added) VALUES (97, 'multiple/ghe-bang-plank/ghe-bang-plank_5.jpg', NOW());
REPLACE INTO app_product (id, name, price, sale_price, digital, image, description, material, size, origin, quality) VALUES (98, 'ghế băng tựa gỗ cao su tự nhiên moho vline 601', 3290000.0, 2690000.0, 0, 'main/ghe-bang-tua-go-cao-su-tu-nhien-moho-vline-601_1.jpg', 'ghế băng tựa gỗ cao su tự nhiên moho vline 601 mang phong cách hiện đại, phù hợp với không gian sống ngày nay. được hoàn thiện từ gỗ cao su, sản phẩm mang lại sự chắc chắn và bền bỉ. thiết kế kích thước dài 120cm x rộng 52,4cm cao đến đệm ngồi/lưng tựa: 39,5cm/70 cm, đáp ứng nhu cầu sử dụng linh hoạt. thiết kế tiện lợi và linh hoạt. phù hợp nhiều mục đích.', 'gỗ cao su', 'dài 120cm x rộng 52,4cm cao đến đệm ngồi/lưng tựa: 39,5cm/70 cm ', 'Việt Nam', 'Loại 1');
INSERT IGNORE INTO app_product_category (product_id, category_id) VALUES (98, 4);
INSERT IGNORE INTO app_productimage (product_id, image, date_added) VALUES (98, 'multiple/ghe-bang-tua-go-cao-su-tu-nhien-moho-vline-601/ghe-bang-tua-go-cao-su-tu-nhien-moho-vline-601_2.jpg', NOW());
INSERT IGNORE INTO app_productimage (product_id, image, date_added) VALUES (98, 'multiple/ghe-bang-tua-go-cao-su-tu-nhien-moho-vline-601/ghe-bang-tua-go-cao-su-tu-nhien-moho-vline-601_3.jpg', NOW());
INSERT IGNORE INTO app_productimage (product_id, image, date_added) VALUES (98, 'multiple/ghe-bang-tua-go-cao-su-tu-nhien-moho-vline-601/ghe-bang-tua-go-cao-su-tu-nhien-moho-vline-601_4.jpg', NOW());
INSERT IGNORE INTO app_productimage (product_id, image, date_added) VALUES (98, 'multiple/ghe-bang-tua-go-cao-su-tu-nhien-moho-vline-601/ghe-bang-tua-go-cao-su-tu-nhien-moho-vline-601_5.jpg', NOW());
REPLACE INTO app_product (id, name, price, sale_price, digital, image, description, material, size, origin, quality) VALUES (99, 'ghế gỗ lyh đệm lưng tháo rời', 3090000.0, 2490000.0, 0, 'main/ghe-go-lyh-dem-lung-thao-roi_1.png', 'ghế gỗ lyh đệm lưng tháo rời nổi bật với kiểu dáng tối giản nhưng vẫn đảm bảo công năng sử dụng. chất liệu gỗ cao su giúp sản phẩm chống cong vênh và dễ vệ sinh. với kích thước r50 x d51 x c84 cm | rộng 51 x dài 50 x cao 84 cm | cao mặt ghế: 45, sản phẩm tối ưu diện tích hiệu quả. đáp ứng nhu cầu sử dụng hằng ngày. thiết kế tiện lợi và linh hoạt.', 'gỗ cao su', 'r50 x d51 x c84 cm | rộng 51 x dài 50 x cao 84 cm | cao mặt ghế: 45 ', 'Việt Nam', 'Loại 1');
INSERT IGNORE INTO app_product_category (product_id, category_id) VALUES (99, 4);
INSERT IGNORE INTO app_productimage (product_id, image, date_added) VALUES (99, 'multiple/ghe-go-lyh-dem-lung-thao-roi/ghe-go-lyh-dem-lung-thao-roi_2.png', NOW());
INSERT IGNORE INTO app_productimage (product_id, image, date_added) VALUES (99, 'multiple/ghe-go-lyh-dem-lung-thao-roi/ghe-go-lyh-dem-lung-thao-roi_3.png', NOW());
INSERT IGNORE INTO app_productimage (product_id, image, date_added) VALUES (99, 'multiple/ghe-go-lyh-dem-lung-thao-roi/ghe-go-lyh-dem-lung-thao-roi_4.png', NOW());
INSERT IGNORE INTO app_productimage (product_id, image, date_added) VALUES (99, 'multiple/ghe-go-lyh-dem-lung-thao-roi/ghe-go-lyh-dem-lung-thao-roi_5.png', NOW());
REPLACE INTO app_product (id, name, price, sale_price, digital, image, description, material, size, origin, quality) VALUES (100, 'trọn bộ phòng khách moho koster màu nâu', 18960000.0, 12990000.0, 0, 'main/tron-bo-phong-khach-moho-koster-mau-nau_1.jpg', 'trọn bộ phòng khách moho koster màu nâu mang phong cách hiện đại, phù hợp với không gian sống ngày nay. chất liệu gỗ cẩm lai giúp sản phẩm chống cong vênh và dễ vệ sinh. thiết kế kích thước gồm: 1 ghế sofa 1m8 (ngang 180cm x sâu 85–90cm x cao 75–85cm), 1 bàn cafe (ngang 90–120cm x sâu 50–60cm x cao 40–45cm), 1 ghế đôn (ngang 40–60cm x sâu 40–60cm x cao 40–45cm), 1 tủ tivi 1m6 (ngang 160cm x sâu 40–45cm x cao 45–60cm), đáp ứng nhu cầu sử dụng linh hoạt. đáp ứng nhu cầu sử dụng hằng ngày. phù hợp nhiều mục đích.', 'gỗ cẩm lai', 'gồm: 1 ghế sofa 1m8 (ngang 180cm x sâu 85–90cm x cao 75–85cm), 1 bàn cafe (ngang 90–120cm x sâu 50–60cm x cao 40–45cm), 1 ghế đôn (ngang 40–60cm x sâu 40–60cm x cao 40–45cm), 1 tủ tivi 1m6 (ngang 160cm x sâu 40–45cm x cao 45–60cm)', 'Việt Nam', 'Loại 1');
INSERT IGNORE INTO app_product_category (product_id, category_id) VALUES (100, 4);
INSERT IGNORE INTO app_productimage (product_id, image, date_added) VALUES (100, 'multiple/tron-bo-phong-khach-moho-koster-mau-nau/tron-bo-phong-khach-moho-koster-mau-nau_2.jpg', NOW());
INSERT IGNORE INTO app_productimage (product_id, image, date_added) VALUES (100, 'multiple/tron-bo-phong-khach-moho-koster-mau-nau/tron-bo-phong-khach-moho-koster-mau-nau_3.jpg', NOW());
INSERT IGNORE INTO app_productimage (product_id, image, date_added) VALUES (100, 'multiple/tron-bo-phong-khach-moho-koster-mau-nau/tron-bo-phong-khach-moho-koster-mau-nau_4.jpg', NOW());
INSERT IGNORE INTO app_productimage (product_id, image, date_added) VALUES (100, 'multiple/tron-bo-phong-khach-moho-koster-mau-nau/tron-bo-phong-khach-moho-koster-mau-nau_5.jpg', NOW());
REPLACE INTO app_product (id, name, price, sale_price, digital, image, description, material, size, origin, quality) VALUES (101, 'bàn sofa – bàn cafe – bàn trà  gỗ moho oslo 901', 2390000.0, 1990000.0, 0, 'main/ban-sofa-ban-cafe-ban-tra-go-moho-oslo-901_1.jpg', 'với thiết kế tinh tế, bàn sofa – bàn cafe – bàn trà  gỗ moho oslo 901 là lựa chọn lý tưởng cho mọi gia đình. chất liệu gỗ công nghiệp (mdf/mfc) giúp sản phẩm chống cong vênh và dễ vệ sinh. với kích thước dài 95cm x rộng 50cm x cao 42cm, sản phẩm tối ưu diện tích hiệu quả. phù hợp phòng khách hiện đại. mang lại cảm giác thư giãn khi sử dụng.', 'gỗ công nghiệp (mdf/mfc)', 'dài 95cm x rộng 50cm x cao 42cm ', 'Việt Nam', 'Loại 1');
INSERT IGNORE INTO app_product_category (product_id, category_id) VALUES (101, 5);
INSERT IGNORE INTO app_productimage (product_id, image, date_added) VALUES (101, 'multiple/ban-sofa-ban-cafe-ban-tra-go-moho-oslo-901/ban-sofa-ban-cafe-ban-tra-go-moho-oslo-901_2.jpg', NOW());
INSERT IGNORE INTO app_productimage (product_id, image, date_added) VALUES (101, 'multiple/ban-sofa-ban-cafe-ban-tra-go-moho-oslo-901/ban-sofa-ban-cafe-ban-tra-go-moho-oslo-901_3.jpg', NOW());
INSERT IGNORE INTO app_productimage (product_id, image, date_added) VALUES (101, 'multiple/ban-sofa-ban-cafe-ban-tra-go-moho-oslo-901/ban-sofa-ban-cafe-ban-tra-go-moho-oslo-901_4.jpg', NOW());
INSERT IGNORE INTO app_productimage (product_id, image, date_added) VALUES (101, 'multiple/ban-sofa-ban-cafe-ban-tra-go-moho-oslo-901/ban-sofa-ban-cafe-ban-tra-go-moho-oslo-901_5.jpg', NOW());
REPLACE INTO app_product (id, name, price, sale_price, digital, image, description, material, size, origin, quality) VALUES (102, 'bàn sofa bàn cafe bàn trà gỗ  moho vline 601', 2690000.0, 2490000.0, 0, 'main/ban-sofa-ban-cafe-ban-tra-go-moho-vline-601_1.jpg', 'bàn sofa bàn cafe bàn trà gỗ  moho vline 601 mang phong cách hiện đại, phù hợp với không gian sống ngày nay. được hoàn thiện từ gỗ công nghiệp (mdf/mfc), sản phẩm mang lại sự chắc chắn và bền bỉ. thiết kế kích thước dài 100cm x  rộng 50cm x cao 40cm, đáp ứng nhu cầu sử dụng linh hoạt. tạo điểm nhấn không gian. mang lại cảm giác thư giãn khi sử dụng.', 'gỗ công nghiệp (mdf/mfc)', 'dài 100cm x  rộng 50cm x cao 40cm', 'Việt Nam', 'Loại 1');
INSERT IGNORE INTO app_product_category (product_id, category_id) VALUES (102, 5);
INSERT IGNORE INTO app_productimage (product_id, image, date_added) VALUES (102, 'multiple/ban-sofa-ban-cafe-ban-tra-go-moho-vline-601/ban-sofa-ban-cafe-ban-tra-go-moho-vline-601_2.png', NOW());
INSERT IGNORE INTO app_productimage (product_id, image, date_added) VALUES (102, 'multiple/ban-sofa-ban-cafe-ban-tra-go-moho-vline-601/ban-sofa-ban-cafe-ban-tra-go-moho-vline-601_3.jpg', NOW());
INSERT IGNORE INTO app_productimage (product_id, image, date_added) VALUES (102, 'multiple/ban-sofa-ban-cafe-ban-tra-go-moho-vline-601/ban-sofa-ban-cafe-ban-tra-go-moho-vline-601_4.jpg', NOW());
INSERT IGNORE INTO app_productimage (product_id, image, date_added) VALUES (102, 'multiple/ban-sofa-ban-cafe-ban-tra-go-moho-vline-601/ban-sofa-ban-cafe-ban-tra-go-moho-vline-601_5.jpg', NOW());
REPLACE INTO app_product (id, name, price, sale_price, digital, image, description, material, size, origin, quality) VALUES (103, 'bàn sofa – bàn cafe – bàn trà gỗ cao su moho milan 601 trắng', 690000.0, 590000.0, 0, 'main/ban-sofa-ban-cafe-ban-tra-go-cao-su-moho-milan-601-trang_1.jpg', 'bàn sofa – bàn cafe – bàn trà gỗ cao su moho milan 601 trắng mang phong cách hiện đại, phù hợp với không gian sống ngày nay. chất liệu gỗ công nghiệp (mdf/mfc) giúp sản phẩm chống cong vênh và dễ vệ sinh. với kích thước dài 60cm x rộng 51cm x cao 42cm, sản phẩm tối ưu diện tích hiệu quả. phù hợp phòng khách hiện đại. tạo điểm nhấn không gian.', 'gỗ công nghiệp (mdf/mfc)', 'dài 60cm x rộng 51cm x cao 42cm ', 'Việt Nam', 'Loại 1');
INSERT IGNORE INTO app_product_category (product_id, category_id) VALUES (103, 5);
INSERT IGNORE INTO app_productimage (product_id, image, date_added) VALUES (103, 'multiple/ban-sofa-ban-cafe-ban-tra-go-cao-su-moho-milan-601-trang/ban-sofa-ban-cafe-ban-tra-go-cao-su-moho-milan-601-trang_2.png', NOW());
INSERT IGNORE INTO app_productimage (product_id, image, date_added) VALUES (103, 'multiple/ban-sofa-ban-cafe-ban-tra-go-cao-su-moho-milan-601-trang/ban-sofa-ban-cafe-ban-tra-go-cao-su-moho-milan-601-trang_3.jpg', NOW());
INSERT IGNORE INTO app_productimage (product_id, image, date_added) VALUES (103, 'multiple/ban-sofa-ban-cafe-ban-tra-go-cao-su-moho-milan-601-trang/ban-sofa-ban-cafe-ban-tra-go-cao-su-moho-milan-601-trang_4.jpg', NOW());
INSERT IGNORE INTO app_productimage (product_id, image, date_added) VALUES (103, 'multiple/ban-sofa-ban-cafe-ban-tra-go-cao-su-moho-milan-601-trang/ban-sofa-ban-cafe-ban-tra-go-cao-su-moho-milan-601-trang_5.png', NOW());
REPLACE INTO app_product (id, name, price, sale_price, digital, image, description, material, size, origin, quality) VALUES (104, 'bàn sofa – bàn cafe – bàn trà gỗ cao su moho milan 601 xám', 729000.0, 649000.0, 0, 'main/ban-sofa-ban-cafe-ban-tra-go-cao-su-moho-milan-601-xam_1.jpg', 'với thiết kế tinh tế, bàn sofa – bàn cafe – bàn trà gỗ cao su moho milan 601 xám là lựa chọn lý tưởng cho mọi gia đình. chất liệu gỗ cao su giúp sản phẩm chống cong vênh và dễ vệ sinh. kích thước dài 70cm x rộng 60cm x cao 38cm, phù hợp với nhiều không gian. tạo điểm nhấn không gian. mang lại cảm giác thư giãn khi sử dụng.', 'gỗ cao su', 'dài 70cm x rộng 60cm x cao 38cm ', 'Việt Nam', 'Loại 1');
INSERT IGNORE INTO app_product_category (product_id, category_id) VALUES (104, 5);
INSERT IGNORE INTO app_productimage (product_id, image, date_added) VALUES (104, 'multiple/ban-sofa-ban-cafe-ban-tra-go-cao-su-moho-milan-601-xam/ban-sofa-ban-cafe-ban-tra-go-cao-su-moho-milan-601-xam_2.png', NOW());
INSERT IGNORE INTO app_productimage (product_id, image, date_added) VALUES (104, 'multiple/ban-sofa-ban-cafe-ban-tra-go-cao-su-moho-milan-601-xam/ban-sofa-ban-cafe-ban-tra-go-cao-su-moho-milan-601-xam_3.png', NOW());
INSERT IGNORE INTO app_productimage (product_id, image, date_added) VALUES (104, 'multiple/ban-sofa-ban-cafe-ban-tra-go-cao-su-moho-milan-601-xam/ban-sofa-ban-cafe-ban-tra-go-cao-su-moho-milan-601-xam_4.png', NOW());
INSERT IGNORE INTO app_productimage (product_id, image, date_added) VALUES (104, 'multiple/ban-sofa-ban-cafe-ban-tra-go-cao-su-moho-milan-601-xam/ban-sofa-ban-cafe-ban-tra-go-cao-su-moho-milan-601-xam_5.png', NOW());
REPLACE INTO app_product (id, name, price, sale_price, digital, image, description, material, size, origin, quality) VALUES (105, 'bàn sofa bàn cafe bàn trà gỗ moho narvik 201 70cm', 1590000.0, 1490000.0, 0, 'main/ban-sofa-ban-cafe-ban-tra-go-moho-narvik-201-70cm_1.png', 'bàn sofa bàn cafe bàn trà gỗ moho narvik 201 70cm nổi bật với kiểu dáng tối giản nhưng vẫn đảm bảo công năng sử dụng. sản phẩm sử dụng chất liệu gỗ tràm, đảm bảo độ bền và tính thẩm mỹ cao. với kích thước dài 70 x rộng 50 x cao 35 (cm), sản phẩm tối ưu diện tích hiệu quả. mang lại cảm giác thư giãn khi sử dụng. tạo điểm nhấn không gian.', 'gỗ tràm', 'dài 70 x rộng 50 x cao 35 (cm) ', 'Việt Nam', 'Loại 1');
INSERT IGNORE INTO app_product_category (product_id, category_id) VALUES (105, 5);
INSERT IGNORE INTO app_productimage (product_id, image, date_added) VALUES (105, 'multiple/ban-sofa-ban-cafe-ban-tra-go-moho-narvik-201-70cm/ban-sofa-ban-cafe-ban-tra-go-moho-narvik-201-70cm_2.png', NOW());
INSERT IGNORE INTO app_productimage (product_id, image, date_added) VALUES (105, 'multiple/ban-sofa-ban-cafe-ban-tra-go-moho-narvik-201-70cm/ban-sofa-ban-cafe-ban-tra-go-moho-narvik-201-70cm_3.png', NOW());
INSERT IGNORE INTO app_productimage (product_id, image, date_added) VALUES (105, 'multiple/ban-sofa-ban-cafe-ban-tra-go-moho-narvik-201-70cm/ban-sofa-ban-cafe-ban-tra-go-moho-narvik-201-70cm_4.png', NOW());
INSERT IGNORE INTO app_productimage (product_id, image, date_added) VALUES (105, 'multiple/ban-sofa-ban-cafe-ban-tra-go-moho-narvik-201-70cm/ban-sofa-ban-cafe-ban-tra-go-moho-narvik-201-70cm_5.png', NOW());
REPLACE INTO app_product (id, name, price, sale_price, digital, image, description, material, size, origin, quality) VALUES (106, 'bàn sofa bàn cafe bàn trà gỗ moho ubeda 201', 1690000.0, 899000.0, 0, 'main/ban-sofa-ban-cafe-ban-tra-go-moho-ubeda-201_1.jpg', 'với thiết kế tinh tế, bàn sofa bàn cafe bàn trà gỗ moho ubeda 201 là lựa chọn lý tưởng cho mọi gia đình. sản phẩm sử dụng chất liệu gỗ tràm, đảm bảo độ bền và tính thẩm mỹ cao. thiết kế kích thước dài 600 x rộng 400 x cao 350, đáp ứng nhu cầu sử dụng linh hoạt. mang lại cảm giác thư giãn khi sử dụng. phù hợp phòng khách hiện đại.', 'gỗ tràm', 'dài 600 x rộng 400 x cao 350 ', 'Việt Nam', 'Loại 1');
INSERT IGNORE INTO app_product_category (product_id, category_id) VALUES (106, 5);
INSERT IGNORE INTO app_productimage (product_id, image, date_added) VALUES (106, 'multiple/ban-sofa-ban-cafe-ban-tra-go-moho-ubeda-201/ban-sofa-ban-cafe-ban-tra-go-moho-ubeda-201_2.jpg', NOW());
INSERT IGNORE INTO app_productimage (product_id, image, date_added) VALUES (106, 'multiple/ban-sofa-ban-cafe-ban-tra-go-moho-ubeda-201/ban-sofa-ban-cafe-ban-tra-go-moho-ubeda-201_3.jpg', NOW());
INSERT IGNORE INTO app_productimage (product_id, image, date_added) VALUES (106, 'multiple/ban-sofa-ban-cafe-ban-tra-go-moho-ubeda-201/ban-sofa-ban-cafe-ban-tra-go-moho-ubeda-201_4.jpg', NOW());
INSERT IGNORE INTO app_productimage (product_id, image, date_added) VALUES (106, 'multiple/ban-sofa-ban-cafe-ban-tra-go-moho-ubeda-201/ban-sofa-ban-cafe-ban-tra-go-moho-ubeda-201_5.jpg', NOW());
REPLACE INTO app_product (id, name, price, sale_price, digital, image, description, material, size, origin, quality) VALUES (107, 'bàn sofa bàn cafe bàn trà gỗ moho vline 501', 2690000.0, 2490000.0, 0, 'main/ban-sofa-ban-cafe-ban-tra-go-moho-vline-501_1.jpg', 'bàn sofa bàn cafe bàn trà gỗ moho vline 501 nổi bật với kiểu dáng tối giản nhưng vẫn đảm bảo công năng sử dụng. được hoàn thiện từ gỗ công nghiệp (mdf/mfc), sản phẩm mang lại sự chắc chắn và bền bỉ. với kích thước dài 100cm x rộng 50cm x cao 40cm, sản phẩm tối ưu diện tích hiệu quả. mang lại cảm giác thư giãn khi sử dụng. phù hợp phòng khách hiện đại.', 'gỗ công nghiệp (mdf/mfc)', 'dài 100cm x rộng 50cm x cao 40cm', 'Việt Nam', 'Loại 1');
INSERT IGNORE INTO app_product_category (product_id, category_id) VALUES (107, 5);
INSERT IGNORE INTO app_productimage (product_id, image, date_added) VALUES (107, 'multiple/ban-sofa-ban-cafe-ban-tra-go-moho-vline-501/ban-sofa-ban-cafe-ban-tra-go-moho-vline-501_2.jpg', NOW());
INSERT IGNORE INTO app_productimage (product_id, image, date_added) VALUES (107, 'multiple/ban-sofa-ban-cafe-ban-tra-go-moho-vline-501/ban-sofa-ban-cafe-ban-tra-go-moho-vline-501_3.jpg', NOW());
INSERT IGNORE INTO app_productimage (product_id, image, date_added) VALUES (107, 'multiple/ban-sofa-ban-cafe-ban-tra-go-moho-vline-501/ban-sofa-ban-cafe-ban-tra-go-moho-vline-501_4.jpg', NOW());
INSERT IGNORE INTO app_productimage (product_id, image, date_added) VALUES (107, 'multiple/ban-sofa-ban-cafe-ban-tra-go-moho-vline-501/ban-sofa-ban-cafe-ban-tra-go-moho-vline-501_5.jpg', NOW());
REPLACE INTO app_product (id, name, price, sale_price, digital, image, description, material, size, origin, quality) VALUES (108, 'bàn sofa – bàn cafe – bàn trà tròn cao gỗ moho oslo 901', 1090000.0, 890000.0, 0, 'main/ban-sofa-ban-cafe-ban-tra-tron-cao-go-moho-oslo-901_1.jpg', 'với thiết kế tinh tế, bàn sofa – bàn cafe – bàn trà tròn cao gỗ moho oslo 901 là lựa chọn lý tưởng cho mọi gia đình. chất liệu gỗ công nghiệp (mdf/mfc) giúp sản phẩm chống cong vênh và dễ vệ sinh. thiết kế kích thước đường kính rộng 68cm x cao 51cm, đáp ứng nhu cầu sử dụng linh hoạt. tạo điểm nhấn không gian. mang lại cảm giác thư giãn khi sử dụng.', 'gỗ công nghiệp (mdf/mfc)', 'đường kính rộng 68cm x cao 51cm', 'Việt Nam', 'Loại 1');
INSERT IGNORE INTO app_product_category (product_id, category_id) VALUES (108, 5);
INSERT IGNORE INTO app_productimage (product_id, image, date_added) VALUES (108, 'multiple/ban-sofa-ban-cafe-ban-tra-tron-cao-go-moho-oslo-901/ban-sofa-ban-cafe-ban-tra-tron-cao-go-moho-oslo-901_2.jpg', NOW());
INSERT IGNORE INTO app_productimage (product_id, image, date_added) VALUES (108, 'multiple/ban-sofa-ban-cafe-ban-tra-tron-cao-go-moho-oslo-901/ban-sofa-ban-cafe-ban-tra-tron-cao-go-moho-oslo-901_3.jpg', NOW());
INSERT IGNORE INTO app_productimage (product_id, image, date_added) VALUES (108, 'multiple/ban-sofa-ban-cafe-ban-tra-tron-cao-go-moho-oslo-901/ban-sofa-ban-cafe-ban-tra-tron-cao-go-moho-oslo-901_4.jpg', NOW());
INSERT IGNORE INTO app_productimage (product_id, image, date_added) VALUES (108, 'multiple/ban-sofa-ban-cafe-ban-tra-tron-cao-go-moho-oslo-901/ban-sofa-ban-cafe-ban-tra-tron-cao-go-moho-oslo-901_5.jpg', NOW());
REPLACE INTO app_product (id, name, price, sale_price, digital, image, description, material, size, origin, quality) VALUES (109, 'bàn sofa – bàn cafe – bàn trà tròn gỗ moho oslo 901', 2490000.0, 1990000.0, 0, 'main/ban-sofa-ban-cafe-ban-tra-tron-go-moho-oslo-901_1.jpg', 'bàn sofa – bàn cafe – bàn trà tròn gỗ moho oslo 901 mang phong cách hiện đại, phù hợp với không gian sống ngày nay. chất liệu gỗ công nghiệp (mdf/mfc) giúp sản phẩm chống cong vênh và dễ vệ sinh. thiết kế kích thước đường kính rộng 68cm x cao 42cm, đáp ứng nhu cầu sử dụng linh hoạt. phù hợp phòng khách hiện đại. mang lại cảm giác thư giãn khi sử dụng.', 'gỗ công nghiệp (mdf/mfc)', 'đường kính rộng 68cm x cao 42cm', 'Việt Nam', 'Loại 1');
INSERT IGNORE INTO app_product_category (product_id, category_id) VALUES (109, 5);
INSERT IGNORE INTO app_productimage (product_id, image, date_added) VALUES (109, 'multiple/ban-sofa-ban-cafe-ban-tra-tron-go-moho-oslo-901/ban-sofa-ban-cafe-ban-tra-tron-go-moho-oslo-901_2.jpg', NOW());
INSERT IGNORE INTO app_productimage (product_id, image, date_added) VALUES (109, 'multiple/ban-sofa-ban-cafe-ban-tra-tron-go-moho-oslo-901/ban-sofa-ban-cafe-ban-tra-tron-go-moho-oslo-901_3.jpg', NOW());
INSERT IGNORE INTO app_productimage (product_id, image, date_added) VALUES (109, 'multiple/ban-sofa-ban-cafe-ban-tra-tron-go-moho-oslo-901/ban-sofa-ban-cafe-ban-tra-tron-go-moho-oslo-901_4.jpg', NOW());
INSERT IGNORE INTO app_productimage (product_id, image, date_added) VALUES (109, 'multiple/ban-sofa-ban-cafe-ban-tra-tron-go-moho-oslo-901/ban-sofa-ban-cafe-ban-tra-tron-go-moho-oslo-901_5.jpg', NOW());
REPLACE INTO app_product (id, name, price, sale_price, digital, image, description, material, size, origin, quality) VALUES (110, 'bàn sofa hobro 301 (màu nâu 90)', 2190000.0, 1990000.0, 0, 'main/ban-sofa-hobro-301-mau-nau-90_1.jpg', 'bàn sofa hobro 301 (màu nâu 90) nổi bật với kiểu dáng tối giản nhưng vẫn đảm bảo công năng sử dụng. được hoàn thiện từ gỗ tự nhiên câm xe, sản phẩm mang lại sự chắc chắn và bền bỉ. với kích thước rộng 400 x dài 900 x cao 400 | mặt bàn: gỗ công nghiệp mdf chuẩn carb-p2 (*), sản phẩm tối ưu diện tích hiệu quả. mang lại cảm giác thư giãn khi sử dụng. tạo điểm nhấn không gian.', 'gỗ tự nhiên câm xe', 'rộng 400 x dài 900 x cao 400 | mặt bàn: gỗ công nghiệp mdf chuẩn carb-p2 (*)', 'Việt Nam', 'Loại 1');
INSERT IGNORE INTO app_product_category (product_id, category_id) VALUES (110, 5);
INSERT IGNORE INTO app_productimage (product_id, image, date_added) VALUES (110, 'multiple/ban-sofa-hobro-301-mau-nau-90/ban-sofa-hobro-301-mau-nau-90_2.jpg', NOW());
INSERT IGNORE INTO app_productimage (product_id, image, date_added) VALUES (110, 'multiple/ban-sofa-hobro-301-mau-nau-90/ban-sofa-hobro-301-mau-nau-90_3.jpg', NOW());
INSERT IGNORE INTO app_productimage (product_id, image, date_added) VALUES (110, 'multiple/ban-sofa-hobro-301-mau-nau-90/ban-sofa-hobro-301-mau-nau-90_4.jpg', NOW());
INSERT IGNORE INTO app_productimage (product_id, image, date_added) VALUES (110, 'multiple/ban-sofa-hobro-301-mau-nau-90/ban-sofa-hobro-301-mau-nau-90_5.jpg', NOW());
REPLACE INTO app_product (id, name, price, sale_price, digital, image, description, material, size, origin, quality) VALUES (111, 'combo sofa gỗ cao su chữ l moho hobro ( màu nâu, 2m7)', 25980000.0, 18990000.0, 0, 'main/combo-sofa-go-cao-su-chu-l-moho-hobro-mau-nau-2m7_1.png', 'combo sofa gỗ cao su chữ l moho hobro ( màu nâu, 2m7) nổi bật với kiểu dáng tối giản nhưng vẫn đảm bảo công năng sử dụng. được hoàn thiện từ gỗ cao su, sản phẩm mang lại sự chắc chắn và bền bỉ. kích thước sofa: rộng 90 x dài 180 x cao 70 cm | ghế góc: rộng 90 x dài 160 x cao 70 cm, phù hợp với nhiều không gian. phù hợp phòng khách hiện đại. tạo điểm nhấn không gian.', 'gỗ cao su', 'sofa: rộng 90 x dài 180 x cao 70 cm | ghế góc: rộng 90 x dài 160 x cao 70 cm', 'Việt Nam', 'Loại 1');
INSERT IGNORE INTO app_product_category (product_id, category_id) VALUES (111, 5);
INSERT IGNORE INTO app_productimage (product_id, image, date_added) VALUES (111, 'multiple/combo-sofa-go-cao-su-chu-l-moho-hobro-mau-nau-2m7/combo-sofa-go-cao-su-chu-l-moho-hobro-mau-nau-2m7_2.png', NOW());
INSERT IGNORE INTO app_productimage (product_id, image, date_added) VALUES (111, 'multiple/combo-sofa-go-cao-su-chu-l-moho-hobro-mau-nau-2m7/combo-sofa-go-cao-su-chu-l-moho-hobro-mau-nau-2m7_3.png', NOW());
INSERT IGNORE INTO app_productimage (product_id, image, date_added) VALUES (111, 'multiple/combo-sofa-go-cao-su-chu-l-moho-hobro-mau-nau-2m7/combo-sofa-go-cao-su-chu-l-moho-hobro-mau-nau-2m7_4.png', NOW());
INSERT IGNORE INTO app_productimage (product_id, image, date_added) VALUES (111, 'multiple/combo-sofa-go-cao-su-chu-l-moho-hobro-mau-nau-2m7/combo-sofa-go-cao-su-chu-l-moho-hobro-mau-nau-2m7_5.png', NOW());
REPLACE INTO app_product (id, name, price, sale_price, digital, image, description, material, size, origin, quality) VALUES (112, 'ghế armchair thư giãn kèm đôn moho olly', 18480000.0, 9990000.0, 0, 'main/ghe-armchair-thu-gian-kem-don-moho-olly_1.png', 'ghế armchair thư giãn kèm đôn moho olly mang phong cách hiện đại, phù hợp với không gian sống ngày nay. sản phẩm sử dụng chất liệu gỗ cẩm lai, đảm bảo độ bền và tính thẩm mỹ cao. với kích thước ghế armchair (ghế bành): d920xw500xh840 cm | ghế đôn: d630xw630xh400, sản phẩm tối ưu diện tích hiệu quả. tạo điểm nhấn không gian. phù hợp phòng khách hiện đại.', 'gỗ cẩm lai', 'ghế armchair (ghế bành): d920xw500xh840 cm | ghế đôn: d630xw630xh400', 'Việt Nam', 'Loại 1');
INSERT IGNORE INTO app_product_category (product_id, category_id) VALUES (112, 5);
INSERT IGNORE INTO app_productimage (product_id, image, date_added) VALUES (112, 'multiple/ghe-armchair-thu-gian-kem-don-moho-olly/ghe-armchair-thu-gian-kem-don-moho-olly_2.jpg', NOW());
INSERT IGNORE INTO app_productimage (product_id, image, date_added) VALUES (112, 'multiple/ghe-armchair-thu-gian-kem-don-moho-olly/ghe-armchair-thu-gian-kem-don-moho-olly_3.jpg', NOW());
INSERT IGNORE INTO app_productimage (product_id, image, date_added) VALUES (112, 'multiple/ghe-armchair-thu-gian-kem-don-moho-olly/ghe-armchair-thu-gian-kem-don-moho-olly_4.jpg', NOW());
INSERT IGNORE INTO app_productimage (product_id, image, date_added) VALUES (112, 'multiple/ghe-armchair-thu-gian-kem-don-moho-olly/ghe-armchair-thu-gian-kem-don-moho-olly_5.jpg', NOW());
REPLACE INTO app_product (id, name, price, sale_price, digital, image, description, material, size, origin, quality) VALUES (113, 'ghế đôn sofa gỗ cao su tự nhiên moho fyn 601', 2590000.0, 1899000.0, 0, 'main/ghe-don-sofa-go-cao-su-tu-nhien-moho-fyn-601_1.jpg', 'ghế đôn sofa gỗ cao su tự nhiên moho fyn 601 nổi bật với kiểu dáng tối giản nhưng vẫn đảm bảo công năng sử dụng. được hoàn thiện từ gỗ cao su, sản phẩm mang lại sự chắc chắn và bền bỉ. kích thước dài 60cm x rộng 60cm x cao 42cm, phù hợp với nhiều không gian. mang lại cảm giác thư giãn khi sử dụng. phù hợp phòng khách hiện đại.', 'gỗ cao su', 'dài 60cm x rộng 60cm x cao 42cm', 'Việt Nam', 'Loại 1');
INSERT IGNORE INTO app_product_category (product_id, category_id) VALUES (113, 5);
INSERT IGNORE INTO app_productimage (product_id, image, date_added) VALUES (113, 'multiple/ghe-don-sofa-go-cao-su-tu-nhien-moho-fyn-601/ghe-don-sofa-go-cao-su-tu-nhien-moho-fyn-601_2.jpg', NOW());
INSERT IGNORE INTO app_productimage (product_id, image, date_added) VALUES (113, 'multiple/ghe-don-sofa-go-cao-su-tu-nhien-moho-fyn-601/ghe-don-sofa-go-cao-su-tu-nhien-moho-fyn-601_3.jpg', NOW());
INSERT IGNORE INTO app_productimage (product_id, image, date_added) VALUES (113, 'multiple/ghe-don-sofa-go-cao-su-tu-nhien-moho-fyn-601/ghe-don-sofa-go-cao-su-tu-nhien-moho-fyn-601_4.jpg', NOW());
INSERT IGNORE INTO app_productimage (product_id, image, date_added) VALUES (113, 'multiple/ghe-don-sofa-go-cao-su-tu-nhien-moho-fyn-601/ghe-don-sofa-go-cao-su-tu-nhien-moho-fyn-601_5.jpg', NOW());
REPLACE INTO app_product (id, name, price, sale_price, digital, image, description, material, size, origin, quality) VALUES (114, 'ghế đôn sofa gỗ cao su tự nhiên moho vline 601', 2690000.0, 2490000.0, 0, 'main/ghe-don-sofa-go-cao-su-tu-nhien-moho-vline-601_1.jpg', 'với thiết kế tinh tế, ghế đôn sofa gỗ cao su tự nhiên moho vline 601 là lựa chọn lý tưởng cho mọi gia đình. sản phẩm sử dụng chất liệu gỗ cao su, đảm bảo độ bền và tính thẩm mỹ cao. với kích thước dài 60cm x rộng 60cm x cao 37cm, sản phẩm tối ưu diện tích hiệu quả. mang lại cảm giác thư giãn khi sử dụng. tạo điểm nhấn không gian.', 'gỗ cao su', 'dài 60cm x rộng 60cm x cao 37cm', 'Việt Nam', 'Loại 1');
INSERT IGNORE INTO app_product_category (product_id, category_id) VALUES (114, 5);
INSERT IGNORE INTO app_productimage (product_id, image, date_added) VALUES (114, 'multiple/ghe-don-sofa-go-cao-su-tu-nhien-moho-vline-601/ghe-don-sofa-go-cao-su-tu-nhien-moho-vline-601_2.jpg', NOW());
INSERT IGNORE INTO app_productimage (product_id, image, date_added) VALUES (114, 'multiple/ghe-don-sofa-go-cao-su-tu-nhien-moho-vline-601/ghe-don-sofa-go-cao-su-tu-nhien-moho-vline-601_3.jpg', NOW());
INSERT IGNORE INTO app_productimage (product_id, image, date_added) VALUES (114, 'multiple/ghe-don-sofa-go-cao-su-tu-nhien-moho-vline-601/ghe-don-sofa-go-cao-su-tu-nhien-moho-vline-601_4.jpg', NOW());
INSERT IGNORE INTO app_productimage (product_id, image, date_added) VALUES (114, 'multiple/ghe-don-sofa-go-cao-su-tu-nhien-moho-vline-601/ghe-don-sofa-go-cao-su-tu-nhien-moho-vline-601_5.jpg', NOW());
REPLACE INTO app_product (id, name, price, sale_price, digital, image, description, material, size, origin, quality) VALUES (115, 'ghế đôn sofa gỗ cao su tự nhiên moho vline 601 màu xám đậm', 2690000.0, 2490000.0, 0, 'main/ghe-don-sofa-go-cao-su-tu-nhien-moho-vline-601-mau-xam-dam_1.jpg', 'ghế đôn sofa gỗ cao su tự nhiên moho vline 601 màu xám đậm nổi bật với kiểu dáng tối giản nhưng vẫn đảm bảo công năng sử dụng. sản phẩm sử dụng chất liệu gỗ cao su, đảm bảo độ bền và tính thẩm mỹ cao. với kích thước dài 60cm x rộng 60cm x cao 37cm, sản phẩm tối ưu diện tích hiệu quả. phù hợp phòng khách hiện đại. mang lại cảm giác thư giãn khi sử dụng.', 'gỗ cao su', 'dài 60cm x rộng 60cm x cao 37cm', 'Việt Nam', 'Loại 1');
INSERT IGNORE INTO app_product_category (product_id, category_id) VALUES (115, 5);
INSERT IGNORE INTO app_productimage (product_id, image, date_added) VALUES (115, 'multiple/ghe-don-sofa-go-cao-su-tu-nhien-moho-vline-601-mau-xam-dam/ghe-don-sofa-go-cao-su-tu-nhien-moho-vline-601-mau-xam-dam_2.jpg', NOW());
INSERT IGNORE INTO app_productimage (product_id, image, date_added) VALUES (115, 'multiple/ghe-don-sofa-go-cao-su-tu-nhien-moho-vline-601-mau-xam-dam/ghe-don-sofa-go-cao-su-tu-nhien-moho-vline-601-mau-xam-dam_3.jpg', NOW());
INSERT IGNORE INTO app_productimage (product_id, image, date_added) VALUES (115, 'multiple/ghe-don-sofa-go-cao-su-tu-nhien-moho-vline-601-mau-xam-dam/ghe-don-sofa-go-cao-su-tu-nhien-moho-vline-601-mau-xam-dam_4.jpg', NOW());
INSERT IGNORE INTO app_productimage (product_id, image, date_added) VALUES (115, 'multiple/ghe-don-sofa-go-cao-su-tu-nhien-moho-vline-601-mau-xam-dam/ghe-don-sofa-go-cao-su-tu-nhien-moho-vline-601-mau-xam-dam_5.jpg', NOW());
REPLACE INTO app_product (id, name, price, sale_price, digital, image, description, material, size, origin, quality) VALUES (116, 'ghế đôn sofa hobro 301', 4190000.0, 3490000.0, 0, 'main/ghe-don-sofa-hobro-301_1.jpg', 'với thiết kế tinh tế, ghế đôn sofa hobro 301 là lựa chọn lý tưởng cho mọi gia đình. sản phẩm sử dụng chất liệu gỗ cẩm lai, đảm bảo độ bền và tính thẩm mỹ cao. với kích thước rộng 700 x dài 700 x cao 400, sản phẩm tối ưu diện tích hiệu quả. mang lại cảm giác thư giãn khi sử dụng. phù hợp phòng khách hiện đại.', 'gỗ cẩm lai', 'rộng 700 x dài 700 x cao 400', 'Việt Nam', 'Loại 1');
INSERT IGNORE INTO app_product_category (product_id, category_id) VALUES (116, 5);
INSERT IGNORE INTO app_productimage (product_id, image, date_added) VALUES (116, 'multiple/ghe-don-sofa-hobro-301/ghe-don-sofa-hobro-301_2.jpg', NOW());
INSERT IGNORE INTO app_productimage (product_id, image, date_added) VALUES (116, 'multiple/ghe-don-sofa-hobro-301/ghe-don-sofa-hobro-301_3.jpg', NOW());
INSERT IGNORE INTO app_productimage (product_id, image, date_added) VALUES (116, 'multiple/ghe-don-sofa-hobro-301/ghe-don-sofa-hobro-301_4.jpg', NOW());
INSERT IGNORE INTO app_productimage (product_id, image, date_added) VALUES (116, 'multiple/ghe-don-sofa-hobro-301/ghe-don-sofa-hobro-301_5.jpg', NOW());
REPLACE INTO app_product (id, name, price, sale_price, digital, image, description, material, size, origin, quality) VALUES (117, 'ghế đôn sofa moho narvik', 1290000.0, 990000.0, 0, 'main/ghe-don-sofa-moho-narvik_1.png', 'với thiết kế tinh tế, ghế đôn sofa moho narvik là lựa chọn lý tưởng cho mọi gia đình. sản phẩm sử dụng chất liệu gỗ tràm, đảm bảo độ bền và tính thẩm mỹ cao. kích thước dài 40 x rộng 40 x cao 32.5 (cm), phù hợp với nhiều không gian. tạo điểm nhấn không gian. phù hợp phòng khách hiện đại.', 'gỗ tràm', 'dài 40 x rộng 40 x cao 32.5 (cm)', 'Việt Nam', 'Loại 1');
INSERT IGNORE INTO app_product_category (product_id, category_id) VALUES (117, 5);
INSERT IGNORE INTO app_productimage (product_id, image, date_added) VALUES (117, 'multiple/ghe-don-sofa-moho-narvik/ghe-don-sofa-moho-narvik_2.png', NOW());
INSERT IGNORE INTO app_productimage (product_id, image, date_added) VALUES (117, 'multiple/ghe-don-sofa-moho-narvik/ghe-don-sofa-moho-narvik_3.png', NOW());
INSERT IGNORE INTO app_productimage (product_id, image, date_added) VALUES (117, 'multiple/ghe-don-sofa-moho-narvik/ghe-don-sofa-moho-narvik_4.png', NOW());
INSERT IGNORE INTO app_productimage (product_id, image, date_added) VALUES (117, 'multiple/ghe-don-sofa-moho-narvik/ghe-don-sofa-moho-narvik_5.png', NOW());
REPLACE INTO app_product (id, name, price, sale_price, digital, image, description, material, size, origin, quality) VALUES (118, 'ghế sofa aurora moho signature', 40287000.0, 23990000.0, 0, 'main/ghe-sofa-aurora-moho-signature_1.jpg', 'ghế sofa aurora moho signature nổi bật với kiểu dáng tối giản nhưng vẫn đảm bảo công năng sử dụng. sản phẩm sử dụng chất liệu gỗ ốc chó, đảm bảo độ bền và tính thẩm mỹ cao. thiết kế kích thước d250x s109x c77 cm, đáp ứng nhu cầu sử dụng linh hoạt. phù hợp phòng khách hiện đại. tạo điểm nhấn không gian.', 'gỗ ốc chó', 'd250x s109x c77 cm', 'Việt Nam', 'Loại 1');
INSERT IGNORE INTO app_product_category (product_id, category_id) VALUES (118, 5);
INSERT IGNORE INTO app_productimage (product_id, image, date_added) VALUES (118, 'multiple/ghe-sofa-aurora-moho-signature/ghe-sofa-aurora-moho-signature_2.jpg', NOW());
INSERT IGNORE INTO app_productimage (product_id, image, date_added) VALUES (118, 'multiple/ghe-sofa-aurora-moho-signature/ghe-sofa-aurora-moho-signature_3.jpg', NOW());
INSERT IGNORE INTO app_productimage (product_id, image, date_added) VALUES (118, 'multiple/ghe-sofa-aurora-moho-signature/ghe-sofa-aurora-moho-signature_4.jpg', NOW());
INSERT IGNORE INTO app_productimage (product_id, image, date_added) VALUES (118, 'multiple/ghe-sofa-aurora-moho-signature/ghe-sofa-aurora-moho-signature_5.jpg', NOW());
REPLACE INTO app_product (id, name, price, sale_price, digital, image, description, material, size, origin, quality) VALUES (119, 'ghế sofa băng 2m2 verona', 21990000.0, 13990000.0, 0, 'main/ghe-sofa-bang-2m2-verona_1.png', 'với thiết kế tinh tế, ghế sofa băng 2m2 verona là lựa chọn lý tưởng cho mọi gia đình. sản phẩm sử dụng chất liệu gỗ cẩm lai, đảm bảo độ bền và tính thẩm mỹ cao. kích thước d220cm x s90cm x c70cm, phù hợp với nhiều không gian. mang lại cảm giác thư giãn khi sử dụng. phù hợp phòng khách hiện đại.', 'gỗ cẩm lai', 'd220cm x s90cm x c70cm', 'Việt Nam', 'Loại 1');
INSERT IGNORE INTO app_product_category (product_id, category_id) VALUES (119, 5);
INSERT IGNORE INTO app_productimage (product_id, image, date_added) VALUES (119, 'multiple/ghe-sofa-bang-2m2-verona/ghe-sofa-bang-2m2-verona_2.png', NOW());
INSERT IGNORE INTO app_productimage (product_id, image, date_added) VALUES (119, 'multiple/ghe-sofa-bang-2m2-verona/ghe-sofa-bang-2m2-verona_3.png', NOW());
INSERT IGNORE INTO app_productimage (product_id, image, date_added) VALUES (119, 'multiple/ghe-sofa-bang-2m2-verona/ghe-sofa-bang-2m2-verona_4.png', NOW());
INSERT IGNORE INTO app_productimage (product_id, image, date_added) VALUES (119, 'multiple/ghe-sofa-bang-2m2-verona/ghe-sofa-bang-2m2-verona_5.png', NOW());
REPLACE INTO app_product (id, name, price, sale_price, digital, image, description, material, size, origin, quality) VALUES (120, 'ghế sofa băng gỗ tự nhiên moho vline 601', 11490000.0, 9490000.0, 0, 'main/ghe-sofa-bang-go-tu-nhien-moho-vline-601_1.jpg', 'ghế sofa băng gỗ tự nhiên moho vline 601 nổi bật với kiểu dáng tối giản nhưng vẫn đảm bảo công năng sử dụng. sản phẩm sử dụng chất liệu gỗ công nghiệp (mdf/mfc), đảm bảo độ bền và tính thẩm mỹ cao. kích thước dài: 180cm x rộng 84cm x cao 69cm, phù hợp với nhiều không gian. tạo điểm nhấn không gian. phù hợp phòng khách hiện đại.', 'gỗ công nghiệp (mdf/mfc)', 'dài: 180cm x rộng 84cm x cao 69cm', 'Việt Nam', 'Loại 1');
INSERT IGNORE INTO app_product_category (product_id, category_id) VALUES (120, 5);
INSERT IGNORE INTO app_productimage (product_id, image, date_added) VALUES (120, 'multiple/ghe-sofa-bang-go-tu-nhien-moho-vline-601/ghe-sofa-bang-go-tu-nhien-moho-vline-601_2.jpg', NOW());
INSERT IGNORE INTO app_productimage (product_id, image, date_added) VALUES (120, 'multiple/ghe-sofa-bang-go-tu-nhien-moho-vline-601/ghe-sofa-bang-go-tu-nhien-moho-vline-601_3.jpg', NOW());
INSERT IGNORE INTO app_productimage (product_id, image, date_added) VALUES (120, 'multiple/ghe-sofa-bang-go-tu-nhien-moho-vline-601/ghe-sofa-bang-go-tu-nhien-moho-vline-601_4.jpg', NOW());
INSERT IGNORE INTO app_productimage (product_id, image, date_added) VALUES (120, 'multiple/ghe-sofa-bang-go-tu-nhien-moho-vline-601/ghe-sofa-bang-go-tu-nhien-moho-vline-601_5.jpg', NOW());
REPLACE INTO app_product (id, name, price, sale_price, digital, image, description, material, size, origin, quality) VALUES (121, 'ghế sofa da moho riga 2m', 18290000.0, 11490000.0, 0, 'main/ghe-sofa-da-moho-riga-2m_2.jpg', 'ghế sofa da moho riga 2m nổi bật với kiểu dáng tối giản nhưng vẫn đảm bảo công năng sử dụng. sản phẩm sử dụng chất liệu da / simili, đảm bảo độ bền và tính thẩm mỹ cao. kích thước dài 200cm x rộng 83cm x cao 80cm, phù hợp với nhiều không gian. phù hợp phòng khách hiện đại. mang lại cảm giác thư giãn khi sử dụng.', 'da / simili', 'dài 200cm x rộng 83cm x cao 80cm ', 'Việt Nam', 'Loại 1');
INSERT IGNORE INTO app_product_category (product_id, category_id) VALUES (121, 5);
INSERT IGNORE INTO app_productimage (product_id, image, date_added) VALUES (121, 'multiple/ghe-sofa-da-moho-riga-2m/ghe-sofa-da-moho-riga-2m_3.jpg', NOW());
INSERT IGNORE INTO app_productimage (product_id, image, date_added) VALUES (121, 'multiple/ghe-sofa-da-moho-riga-2m/ghe-sofa-da-moho-riga-2m_4.jpg', NOW());
INSERT IGNORE INTO app_productimage (product_id, image, date_added) VALUES (121, 'multiple/ghe-sofa-da-moho-riga-2m/ghe-sofa-da-moho-riga-2m_5.jpg', NOW());
INSERT IGNORE INTO app_productimage (product_id, image, date_added) VALUES (121, 'multiple/ghe-sofa-da-moho-riga-2m/ghe-sofa-da-moho-riga-2m_6.jpg', NOW());
REPLACE INTO app_product (id, name, price, sale_price, digital, image, description, material, size, origin, quality) VALUES (122, 'ghế sofa gỗ cao su tự nhiên moho fyn 901', 16490000.0, 10990000.0, 0, 'main/ghe-sofa-go-cao-su-tu-nhien-moho-fyn-901_1.jpg', 'với thiết kế tinh tế, ghế sofa gỗ cao su tự nhiên moho fyn 901 là lựa chọn lý tưởng cho mọi gia đình. sản phẩm sử dụng chất liệu gỗ cao su, đảm bảo độ bền và tính thẩm mỹ cao. với kích thước dài 206cm x rộng 81,5cm x cao 79cm, sản phẩm tối ưu diện tích hiệu quả. mang lại cảm giác thư giãn khi sử dụng. phù hợp phòng khách hiện đại.', 'gỗ cao su', 'dài 206cm x rộng 81,5cm x cao 79cm', 'Việt Nam', 'Loại 1');
INSERT IGNORE INTO app_product_category (product_id, category_id) VALUES (122, 5);
INSERT IGNORE INTO app_productimage (product_id, image, date_added) VALUES (122, 'multiple/ghe-sofa-go-cao-su-tu-nhien-moho-fyn-901/ghe-sofa-go-cao-su-tu-nhien-moho-fyn-901_2.jpg', NOW());
INSERT IGNORE INTO app_productimage (product_id, image, date_added) VALUES (122, 'multiple/ghe-sofa-go-cao-su-tu-nhien-moho-fyn-901/ghe-sofa-go-cao-su-tu-nhien-moho-fyn-901_3.jpg', NOW());
INSERT IGNORE INTO app_productimage (product_id, image, date_added) VALUES (122, 'multiple/ghe-sofa-go-cao-su-tu-nhien-moho-fyn-901/ghe-sofa-go-cao-su-tu-nhien-moho-fyn-901_4.jpg', NOW());
INSERT IGNORE INTO app_productimage (product_id, image, date_added) VALUES (122, 'multiple/ghe-sofa-go-cao-su-tu-nhien-moho-fyn-901/ghe-sofa-go-cao-su-tu-nhien-moho-fyn-901_5.jpg', NOW());
REPLACE INTO app_product (id, name, price, sale_price, digital, image, description, material, size, origin, quality) VALUES (123, 'ghế sofa gỗ cao su tự nhiên moho ubeda 201', 8190000.0, 4499000.0, 0, 'main/ghe-sofa-go-cao-su-tu-nhien-moho-ubeda-201_1.jpg', 'ghế sofa gỗ cao su tự nhiên moho ubeda 201 nổi bật với kiểu dáng tối giản nhưng vẫn đảm bảo công năng sử dụng. chất liệu gỗ tràm giúp sản phẩm chống cong vênh và dễ vệ sinh. với kích thước dài 1600 x rộng 780 x cao 750, sản phẩm tối ưu diện tích hiệu quả. mang lại cảm giác thư giãn khi sử dụng. phù hợp phòng khách hiện đại.', 'gỗ tràm', 'dài 1600 x rộng 780 x cao 750', 'Việt Nam', 'Loại 1');
INSERT IGNORE INTO app_product_category (product_id, category_id) VALUES (123, 5);
INSERT IGNORE INTO app_productimage (product_id, image, date_added) VALUES (123, 'multiple/ghe-sofa-go-cao-su-tu-nhien-moho-ubeda-201/ghe-sofa-go-cao-su-tu-nhien-moho-ubeda-201_2.jpg', NOW());
INSERT IGNORE INTO app_productimage (product_id, image, date_added) VALUES (123, 'multiple/ghe-sofa-go-cao-su-tu-nhien-moho-ubeda-201/ghe-sofa-go-cao-su-tu-nhien-moho-ubeda-201_3.jpg', NOW());
INSERT IGNORE INTO app_productimage (product_id, image, date_added) VALUES (123, 'multiple/ghe-sofa-go-cao-su-tu-nhien-moho-ubeda-201/ghe-sofa-go-cao-su-tu-nhien-moho-ubeda-201_4.jpg', NOW());
INSERT IGNORE INTO app_productimage (product_id, image, date_added) VALUES (123, 'multiple/ghe-sofa-go-cao-su-tu-nhien-moho-ubeda-201/ghe-sofa-go-cao-su-tu-nhien-moho-ubeda-201_5.png', NOW());
REPLACE INTO app_product (id, name, price, sale_price, digital, image, description, material, size, origin, quality) VALUES (124, 'ghế sofa gỗ cao su tự nhiên moho vline 601', 11490000.0, 9490000.0, 0, 'main/ghe-sofa-go-cao-su-tu-nhien-moho-vline-601_1.jpg', 'với thiết kế tinh tế, ghế sofa gỗ cao su tự nhiên moho vline 601 là lựa chọn lý tưởng cho mọi gia đình. chất liệu gỗ cao su giúp sản phẩm chống cong vênh và dễ vệ sinh. thiết kế kích thước dài 180cm x rộng 84cm x cao 69cm, đáp ứng nhu cầu sử dụng linh hoạt. phù hợp phòng khách hiện đại. tạo điểm nhấn không gian.', 'gỗ cao su', 'dài 180cm x rộng 84cm x cao 69cm', 'Việt Nam', 'Loại 1');
INSERT IGNORE INTO app_product_category (product_id, category_id) VALUES (124, 5);
INSERT IGNORE INTO app_productimage (product_id, image, date_added) VALUES (124, 'multiple/ghe-sofa-go-cao-su-tu-nhien-moho-vline-601/ghe-sofa-go-cao-su-tu-nhien-moho-vline-601_2.jpg', NOW());
INSERT IGNORE INTO app_productimage (product_id, image, date_added) VALUES (124, 'multiple/ghe-sofa-go-cao-su-tu-nhien-moho-vline-601/ghe-sofa-go-cao-su-tu-nhien-moho-vline-601_3.jpg', NOW());
INSERT IGNORE INTO app_productimage (product_id, image, date_added) VALUES (124, 'multiple/ghe-sofa-go-cao-su-tu-nhien-moho-vline-601/ghe-sofa-go-cao-su-tu-nhien-moho-vline-601_4.jpg', NOW());
REPLACE INTO app_product (id, name, price, sale_price, digital, image, description, material, size, origin, quality) VALUES (125, 'ghế sofa gỗ tự nhiên moho vline 601 màu xám đậm', 11490000.0, 9490000.0, 0, 'main/ghe-sofa-go-tu-nhien-moho-vline-601-mau-xam-dam_1.jpg', 'ghế sofa gỗ tự nhiên moho vline 601 màu xám đậm mang phong cách hiện đại, phù hợp với không gian sống ngày nay. được hoàn thiện từ gỗ cẩm lai, sản phẩm mang lại sự chắc chắn và bền bỉ. thiết kế kích thước dài 180cm x rộng 84cm x cao 69cm, đáp ứng nhu cầu sử dụng linh hoạt. phù hợp phòng khách hiện đại. mang lại cảm giác thư giãn khi sử dụng.', 'gỗ cẩm lai', 'dài 180cm x rộng 84cm x cao 69cm', 'Việt Nam', 'Loại 1');
INSERT IGNORE INTO app_product_category (product_id, category_id) VALUES (125, 5);
INSERT IGNORE INTO app_productimage (product_id, image, date_added) VALUES (125, 'multiple/ghe-sofa-go-tu-nhien-moho-vline-601-mau-xam-dam/ghe-sofa-go-tu-nhien-moho-vline-601-mau-xam-dam_2.jpg', NOW());
INSERT IGNORE INTO app_productimage (product_id, image, date_added) VALUES (125, 'multiple/ghe-sofa-go-tu-nhien-moho-vline-601-mau-xam-dam/ghe-sofa-go-tu-nhien-moho-vline-601-mau-xam-dam_3.jpg', NOW());
INSERT IGNORE INTO app_productimage (product_id, image, date_added) VALUES (125, 'multiple/ghe-sofa-go-tu-nhien-moho-vline-601-mau-xam-dam/ghe-sofa-go-tu-nhien-moho-vline-601-mau-xam-dam_4.jpg', NOW());
INSERT IGNORE INTO app_productimage (product_id, image, date_added) VALUES (125, 'multiple/ghe-sofa-go-tu-nhien-moho-vline-601-mau-xam-dam/ghe-sofa-go-tu-nhien-moho-vline-601-mau-xam-dam_5.jpg', NOW());
REPLACE INTO app_product (id, name, price, sale_price, digital, image, description, material, size, origin, quality) VALUES (126, 'ghế sofa góc chữ l gỗ cao su tự nhiên moho vline 601', 18980000.0, 13990000.0, 0, 'main/ghe-sofa-goc-chu-l-go-cao-su-tu-nhien-moho-vline-601_1.jpg', 'ghế sofa góc chữ l gỗ cao su tự nhiên moho vline 601 nổi bật với kiểu dáng tối giản nhưng vẫn đảm bảo công năng sử dụng. được hoàn thiện từ gỗ cao su, sản phẩm mang lại sự chắc chắn và bền bỉ. thiết kế kích thước ghế sofa: dài: 180cm x rộng 85cm x cao 69cm | ghế sofa góc: rộng 140cm x dài 60cm x cao 69cm, đáp ứng nhu cầu sử dụng linh hoạt. mang lại cảm giác thư giãn khi sử dụng. tạo điểm nhấn không gian.', 'gỗ cao su', 'ghế sofa: dài: 180cm x rộng 85cm x cao 69cm | ghế sofa góc: rộng 140cm x dài 60cm x cao 69cm ', 'Việt Nam', 'Loại 1');
INSERT IGNORE INTO app_product_category (product_id, category_id) VALUES (126, 5);
INSERT IGNORE INTO app_productimage (product_id, image, date_added) VALUES (126, 'multiple/ghe-sofa-goc-chu-l-go-cao-su-tu-nhien-moho-vline-601/ghe-sofa-goc-chu-l-go-cao-su-tu-nhien-moho-vline-601_2.jpg', NOW());
INSERT IGNORE INTO app_productimage (product_id, image, date_added) VALUES (126, 'multiple/ghe-sofa-goc-chu-l-go-cao-su-tu-nhien-moho-vline-601/ghe-sofa-goc-chu-l-go-cao-su-tu-nhien-moho-vline-601_3.jpg', NOW());
INSERT IGNORE INTO app_productimage (product_id, image, date_added) VALUES (126, 'multiple/ghe-sofa-goc-chu-l-go-cao-su-tu-nhien-moho-vline-601/ghe-sofa-goc-chu-l-go-cao-su-tu-nhien-moho-vline-601_4.jpg', NOW());
INSERT IGNORE INTO app_productimage (product_id, image, date_added) VALUES (126, 'multiple/ghe-sofa-goc-chu-l-go-cao-su-tu-nhien-moho-vline-601/ghe-sofa-goc-chu-l-go-cao-su-tu-nhien-moho-vline-601_5.jpg', NOW());
REPLACE INTO app_product (id, name, price, sale_price, digital, image, description, material, size, origin, quality) VALUES (127, 'ghế sofa góc chữ l gỗ cao su tự nhiên moho vline 601 kèm đôn', 21670000.0, 14990000.0, 0, 'main/ghe-sofa-goc-chu-l-go-cao-su-tu-nhien-moho-vline-601-kem-don_1.jpg', 'ghế sofa góc chữ l gỗ cao su tự nhiên moho vline 601 kèm đôn nổi bật với kiểu dáng tối giản nhưng vẫn đảm bảo công năng sử dụng. sản phẩm sử dụng chất liệu gỗ cao su, đảm bảo độ bền và tính thẩm mỹ cao. kích thước ghế sofa: dài: 180cm x rộng 85cm x cao 69cm | ghế sofa góc: dài 140cm x rộng 60cm x cao 69cm, phù hợp với nhiều không gian. phù hợp phòng khách hiện đại. tạo điểm nhấn không gian.', 'gỗ cao su', 'ghế sofa: dài: 180cm x rộng 85cm x cao 69cm | ghế sofa góc: dài 140cm x rộng 60cm x cao 69cm ', 'Việt Nam', 'Loại 1');
INSERT IGNORE INTO app_product_category (product_id, category_id) VALUES (127, 5);
INSERT IGNORE INTO app_productimage (product_id, image, date_added) VALUES (127, 'multiple/ghe-sofa-goc-chu-l-go-cao-su-tu-nhien-moho-vline-601-kem-don/ghe-sofa-goc-chu-l-go-cao-su-tu-nhien-moho-vline-601-kem-don_2.jpg', NOW());
INSERT IGNORE INTO app_productimage (product_id, image, date_added) VALUES (127, 'multiple/ghe-sofa-goc-chu-l-go-cao-su-tu-nhien-moho-vline-601-kem-don/ghe-sofa-goc-chu-l-go-cao-su-tu-nhien-moho-vline-601-kem-don_3.jpg', NOW());
INSERT IGNORE INTO app_productimage (product_id, image, date_added) VALUES (127, 'multiple/ghe-sofa-goc-chu-l-go-cao-su-tu-nhien-moho-vline-601-kem-don/ghe-sofa-goc-chu-l-go-cao-su-tu-nhien-moho-vline-601-kem-don_4.png', NOW());
INSERT IGNORE INTO app_productimage (product_id, image, date_added) VALUES (127, 'multiple/ghe-sofa-goc-chu-l-go-cao-su-tu-nhien-moho-vline-601-kem-don/ghe-sofa-goc-chu-l-go-cao-su-tu-nhien-moho-vline-601-kem-don_5.jpg', NOW());
REPLACE INTO app_product (id, name, price, sale_price, digital, image, description, material, size, origin, quality) VALUES (128, 'ghế sofa góc gỗ cao su tự nhiên moho vline 601', 7490000.0, 5990000.0, 0, 'main/ghe-sofa-goc-go-cao-su-tu-nhien-moho-vline-601_1.jpg', 'với thiết kế tinh tế, ghế sofa góc gỗ cao su tự nhiên moho vline 601 là lựa chọn lý tưởng cho mọi gia đình. được hoàn thiện từ gỗ cao su, sản phẩm mang lại sự chắc chắn và bền bỉ. với kích thước rộng 140cm x dài 60cm x cao 69cm, sản phẩm tối ưu diện tích hiệu quả. phù hợp phòng khách hiện đại. tạo điểm nhấn không gian.', 'gỗ cao su', 'rộng 140cm x dài 60cm x cao 69cm', 'Việt Nam', 'Loại 1');
INSERT IGNORE INTO app_product_category (product_id, category_id) VALUES (128, 5);
INSERT IGNORE INTO app_productimage (product_id, image, date_added) VALUES (128, 'multiple/ghe-sofa-goc-go-cao-su-tu-nhien-moho-vline-601/ghe-sofa-goc-go-cao-su-tu-nhien-moho-vline-601_2.jpg', NOW());
INSERT IGNORE INTO app_productimage (product_id, image, date_added) VALUES (128, 'multiple/ghe-sofa-goc-go-cao-su-tu-nhien-moho-vline-601/ghe-sofa-goc-go-cao-su-tu-nhien-moho-vline-601_3.jpg', NOW());
INSERT IGNORE INTO app_productimage (product_id, image, date_added) VALUES (128, 'multiple/ghe-sofa-goc-go-cao-su-tu-nhien-moho-vline-601/ghe-sofa-goc-go-cao-su-tu-nhien-moho-vline-601_4.jpg', NOW());
INSERT IGNORE INTO app_productimage (product_id, image, date_added) VALUES (128, 'multiple/ghe-sofa-goc-go-cao-su-tu-nhien-moho-vline-601/ghe-sofa-goc-go-cao-su-tu-nhien-moho-vline-601_5.jpg', NOW());
REPLACE INTO app_product (id, name, price, sale_price, digital, image, description, material, size, origin, quality) VALUES (129, 'ghế sofa góc hobro 301 (160) bên trái', 11990000.0, 9990000.0, 0, 'main/ghe-sofa-goc-hobro-301-160-ben-trai_1.jpg', 'ghế sofa góc hobro 301 (160) bên trái mang phong cách hiện đại, phù hợp với không gian sống ngày nay. sản phẩm sử dụng chất liệu gỗ công nghiệp (mdf/mfc), đảm bảo độ bền và tính thẩm mỹ cao. thiết kế kích thước rộng 900 x dài 1600 x cao 700, đáp ứng nhu cầu sử dụng linh hoạt. tạo điểm nhấn không gian. phù hợp phòng khách hiện đại.', 'gỗ công nghiệp (mdf/mfc)', 'rộng 900 x dài 1600 x cao 700', 'Việt Nam', 'Loại 1');
INSERT IGNORE INTO app_product_category (product_id, category_id) VALUES (129, 5);
INSERT IGNORE INTO app_productimage (product_id, image, date_added) VALUES (129, 'multiple/ghe-sofa-goc-hobro-301-160-ben-trai/ghe-sofa-goc-hobro-301-160-ben-trai_2.jpg', NOW());
INSERT IGNORE INTO app_productimage (product_id, image, date_added) VALUES (129, 'multiple/ghe-sofa-goc-hobro-301-160-ben-trai/ghe-sofa-goc-hobro-301-160-ben-trai_3.jpg', NOW());
INSERT IGNORE INTO app_productimage (product_id, image, date_added) VALUES (129, 'multiple/ghe-sofa-goc-hobro-301-160-ben-trai/ghe-sofa-goc-hobro-301-160-ben-trai_4.jpg', NOW());
INSERT IGNORE INTO app_productimage (product_id, image, date_added) VALUES (129, 'multiple/ghe-sofa-goc-hobro-301-160-ben-trai/ghe-sofa-goc-hobro-301-160-ben-trai_5.jpg', NOW());
REPLACE INTO app_product (id, name, price, sale_price, digital, image, description, material, size, origin, quality) VALUES (130, 'ghế sofa góc hobro 301 bên phải', 11990000.0, 9990000.0, 0, 'main/ghe-sofa-goc-hobro-301-ben-phai_1.jpg', 'ghế sofa góc hobro 301 bên phải mang phong cách hiện đại, phù hợp với không gian sống ngày nay. chất liệu gỗ cẩm lai giúp sản phẩm chống cong vênh và dễ vệ sinh. thiết kế kích thước rộng 900 x dài 1600 x cao 700, đáp ứng nhu cầu sử dụng linh hoạt. tạo điểm nhấn không gian. phù hợp phòng khách hiện đại.', 'gỗ cẩm lai', 'rộng 900 x dài 1600 x cao 700', 'Việt Nam', 'Loại 1');
INSERT IGNORE INTO app_product_category (product_id, category_id) VALUES (130, 5);
INSERT IGNORE INTO app_productimage (product_id, image, date_added) VALUES (130, 'multiple/ghe-sofa-goc-hobro-301-ben-phai/ghe-sofa-goc-hobro-301-ben-phai_2.jpg', NOW());
INSERT IGNORE INTO app_productimage (product_id, image, date_added) VALUES (130, 'multiple/ghe-sofa-goc-hobro-301-ben-phai/ghe-sofa-goc-hobro-301-ben-phai_3.jpg', NOW());
INSERT IGNORE INTO app_productimage (product_id, image, date_added) VALUES (130, 'multiple/ghe-sofa-goc-hobro-301-ben-phai/ghe-sofa-goc-hobro-301-ben-phai_4.jpg', NOW());
INSERT IGNORE INTO app_productimage (product_id, image, date_added) VALUES (130, 'multiple/ghe-sofa-goc-hobro-301-ben-phai/ghe-sofa-goc-hobro-301-ben-phai_5.jpg', NOW());
REPLACE INTO app_product (id, name, price, sale_price, digital, image, description, material, size, origin, quality) VALUES (131, 'ghế sofa góc moho vline 601 màu xám đậm', 7490000.0, 5990000.0, 0, 'main/ghe-sofa-goc-moho-vline-601-mau-xam-dam_1.jpg', 'ghế sofa góc moho vline 601 màu xám đậm nổi bật với kiểu dáng tối giản nhưng vẫn đảm bảo công năng sử dụng. sản phẩm sử dụng chất liệu gỗ công nghiệp (mdf/mfc), đảm bảo độ bền và tính thẩm mỹ cao. với kích thước dài 140cm x rộng 60cm x cao 69cm, sản phẩm tối ưu diện tích hiệu quả. tạo điểm nhấn không gian. phù hợp phòng khách hiện đại.', 'gỗ công nghiệp (mdf/mfc)', 'dài 140cm x rộng 60cm x cao 69cm', 'Việt Nam', 'Loại 1');
INSERT IGNORE INTO app_product_category (product_id, category_id) VALUES (131, 5);
INSERT IGNORE INTO app_productimage (product_id, image, date_added) VALUES (131, 'multiple/ghe-sofa-goc-moho-vline-601-mau-xam-dam/ghe-sofa-goc-moho-vline-601-mau-xam-dam_2.jpg', NOW());
INSERT IGNORE INTO app_productimage (product_id, image, date_added) VALUES (131, 'multiple/ghe-sofa-goc-moho-vline-601-mau-xam-dam/ghe-sofa-goc-moho-vline-601-mau-xam-dam_3.jpg', NOW());
INSERT IGNORE INTO app_productimage (product_id, image, date_added) VALUES (131, 'multiple/ghe-sofa-goc-moho-vline-601-mau-xam-dam/ghe-sofa-goc-moho-vline-601-mau-xam-dam_4.jpg', NOW());
INSERT IGNORE INTO app_productimage (product_id, image, date_added) VALUES (131, 'multiple/ghe-sofa-goc-moho-vline-601-mau-xam-dam/ghe-sofa-goc-moho-vline-601-mau-xam-dam_5.jpg', NOW());
REPLACE INTO app_product (id, name, price, sale_price, digital, image, description, material, size, origin, quality) VALUES (132, 'ghế sofa hobro 301 (180) bên phải', 13990000.0, 11990000.0, 0, 'main/ghe-sofa-hobro-301-180-ben-phai_1.jpg', 'ghế sofa hobro 301 (180) bên phải nổi bật với kiểu dáng tối giản nhưng vẫn đảm bảo công năng sử dụng. được hoàn thiện từ gỗ công nghiệp (mdf/mfc), sản phẩm mang lại sự chắc chắn và bền bỉ. kích thước rộng 900 x dài 1800 x cao 700, phù hợp với nhiều không gian. phù hợp phòng khách hiện đại. mang lại cảm giác thư giãn khi sử dụng.', 'gỗ công nghiệp (mdf/mfc)', 'rộng 900 x dài 1800 x cao 700', 'Việt Nam', 'Loại 1');
INSERT IGNORE INTO app_product_category (product_id, category_id) VALUES (132, 5);
INSERT IGNORE INTO app_productimage (product_id, image, date_added) VALUES (132, 'multiple/ghe-sofa-hobro-301-180-ben-phai/ghe-sofa-hobro-301-180-ben-phai_2.jpg', NOW());
INSERT IGNORE INTO app_productimage (product_id, image, date_added) VALUES (132, 'multiple/ghe-sofa-hobro-301-180-ben-phai/ghe-sofa-hobro-301-180-ben-phai_3.jpg', NOW());
INSERT IGNORE INTO app_productimage (product_id, image, date_added) VALUES (132, 'multiple/ghe-sofa-hobro-301-180-ben-phai/ghe-sofa-hobro-301-180-ben-phai_4.jpg', NOW());
INSERT IGNORE INTO app_productimage (product_id, image, date_added) VALUES (132, 'multiple/ghe-sofa-hobro-301-180-ben-phai/ghe-sofa-hobro-301-180-ben-phai_5.jpg', NOW());
REPLACE INTO app_product (id, name, price, sale_price, digital, image, description, material, size, origin, quality) VALUES (133, 'ghế sofa hobro 301 bên trái', 13990000.0, 11990000.0, 0, 'main/ghe-sofa-hobro-301-ben-trai_1.jpg', 'với thiết kế tinh tế, ghế sofa hobro 301 bên trái là lựa chọn lý tưởng cho mọi gia đình. được hoàn thiện từ gỗ công nghiệp (mdf/mfc), sản phẩm mang lại sự chắc chắn và bền bỉ. kích thước rộng 900 x dài 1800 x cao 700, phù hợp với nhiều không gian. mang lại cảm giác thư giãn khi sử dụng. tạo điểm nhấn không gian.', 'gỗ công nghiệp (mdf/mfc)', 'rộng 900 x dài 1800 x cao 700', 'Việt Nam', 'Loại 1');
INSERT IGNORE INTO app_product_category (product_id, category_id) VALUES (133, 5);
INSERT IGNORE INTO app_productimage (product_id, image, date_added) VALUES (133, 'multiple/ghe-sofa-hobro-301-ben-trai/ghe-sofa-hobro-301-ben-trai_2.jpg', NOW());
INSERT IGNORE INTO app_productimage (product_id, image, date_added) VALUES (133, 'multiple/ghe-sofa-hobro-301-ben-trai/ghe-sofa-hobro-301-ben-trai_3.jpg', NOW());
INSERT IGNORE INTO app_productimage (product_id, image, date_added) VALUES (133, 'multiple/ghe-sofa-hobro-301-ben-trai/ghe-sofa-hobro-301-ben-trai_4.jpg', NOW());
INSERT IGNORE INTO app_productimage (product_id, image, date_added) VALUES (133, 'multiple/ghe-sofa-hobro-301-ben-trai/ghe-sofa-hobro-301-ben-trai_5.jpg', NOW());
REPLACE INTO app_product (id, name, price, sale_price, digital, image, description, material, size, origin, quality) VALUES (134, 'ghế sofa moho dalumd 301 (màu nâu 180)', 12990000.0, 9490000.0, 0, 'main/ghe-sofa-moho-dalumd-301-mau-nau-180_1.jpg', 'ghế sofa moho dalumd 301 (màu nâu 180) mang phong cách hiện đại, phù hợp với không gian sống ngày nay. sản phẩm sử dụng chất liệu da / simili, đảm bảo độ bền và tính thẩm mỹ cao. với kích thước dài 180cm x rộng 85cm x cao 78cm, sản phẩm tối ưu diện tích hiệu quả. phù hợp phòng khách hiện đại. tạo điểm nhấn không gian.', 'da / simili', 'dài 180cm x rộng 85cm x cao 78cm', 'Việt Nam', 'Loại 1');
INSERT IGNORE INTO app_product_category (product_id, category_id) VALUES (134, 5);
INSERT IGNORE INTO app_productimage (product_id, image, date_added) VALUES (134, 'multiple/ghe-sofa-moho-dalumd-301-mau-nau-180/ghe-sofa-moho-dalumd-301-mau-nau-180_2.jpg', NOW());
INSERT IGNORE INTO app_productimage (product_id, image, date_added) VALUES (134, 'multiple/ghe-sofa-moho-dalumd-301-mau-nau-180/ghe-sofa-moho-dalumd-301-mau-nau-180_3.jpg', NOW());
INSERT IGNORE INTO app_productimage (product_id, image, date_added) VALUES (134, 'multiple/ghe-sofa-moho-dalumd-301-mau-nau-180/ghe-sofa-moho-dalumd-301-mau-nau-180_4.png', NOW());
INSERT IGNORE INTO app_productimage (product_id, image, date_added) VALUES (134, 'multiple/ghe-sofa-moho-dalumd-301-mau-nau-180/ghe-sofa-moho-dalumd-301-mau-nau-180_5.png', NOW());
REPLACE INTO app_product (id, name, price, sale_price, digital, image, description, material, size, origin, quality) VALUES (135, 'ghế sofa moho leeds 701', 15490000.0, 8999000.0, 0, 'main/ghe-sofa-moho-leeds-701_1.jpg', 'ghế sofa moho leeds 701 nổi bật với kiểu dáng tối giản nhưng vẫn đảm bảo công năng sử dụng. được hoàn thiện từ gỗ ốc chó, sản phẩm mang lại sự chắc chắn và bền bỉ. thiết kế kích thước 200cm x rộng 93 cm x cao 78cm, đáp ứng nhu cầu sử dụng linh hoạt. mang lại cảm giác thư giãn khi sử dụng. phù hợp phòng khách hiện đại.', 'gỗ ốc chó', '200cm x rộng 93 cm x cao 78cm', 'Việt Nam', 'Loại 1');
INSERT IGNORE INTO app_product_category (product_id, category_id) VALUES (135, 5);
INSERT IGNORE INTO app_productimage (product_id, image, date_added) VALUES (135, 'multiple/ghe-sofa-moho-leeds-701/ghe-sofa-moho-leeds-701_2.jpg', NOW());
INSERT IGNORE INTO app_productimage (product_id, image, date_added) VALUES (135, 'multiple/ghe-sofa-moho-leeds-701/ghe-sofa-moho-leeds-701_3.jpg', NOW());
INSERT IGNORE INTO app_productimage (product_id, image, date_added) VALUES (135, 'multiple/ghe-sofa-moho-leeds-701/ghe-sofa-moho-leeds-701_4.jpg', NOW());
INSERT IGNORE INTO app_productimage (product_id, image, date_added) VALUES (135, 'multiple/ghe-sofa-moho-leeds-701/ghe-sofa-moho-leeds-701_5.jpg', NOW());
REPLACE INTO app_product (id, name, price, sale_price, digital, image, description, material, size, origin, quality) VALUES (136, 'ghế sofa moho soluna moho signature', 35748000.0, 21990000.0, 0, 'main/ghe-sofa-moho-soluna-moho-signature_1.png', 'ghế sofa moho soluna moho signature mang phong cách hiện đại, phù hợp với không gian sống ngày nay. được hoàn thiện từ gỗ ốc chó, sản phẩm mang lại sự chắc chắn và bền bỉ. thiết kế kích thước d227 x s96 x 83 cm, đáp ứng nhu cầu sử dụng linh hoạt. tạo điểm nhấn không gian. mang lại cảm giác thư giãn khi sử dụng.', 'gỗ ốc chó', 'd227 x s96 x 83 cm', 'Việt Nam', 'Loại 1');
INSERT IGNORE INTO app_product_category (product_id, category_id) VALUES (136, 5);
INSERT IGNORE INTO app_productimage (product_id, image, date_added) VALUES (136, 'multiple/ghe-sofa-moho-soluna-moho-signature/ghe-sofa-moho-soluna-moho-signature_2.png', NOW());
INSERT IGNORE INTO app_productimage (product_id, image, date_added) VALUES (136, 'multiple/ghe-sofa-moho-soluna-moho-signature/ghe-sofa-moho-soluna-moho-signature_3.png', NOW());
INSERT IGNORE INTO app_productimage (product_id, image, date_added) VALUES (136, 'multiple/ghe-sofa-moho-soluna-moho-signature/ghe-sofa-moho-soluna-moho-signature_4.png', NOW());
INSERT IGNORE INTO app_productimage (product_id, image, date_added) VALUES (136, 'multiple/ghe-sofa-moho-soluna-moho-signature/ghe-sofa-moho-soluna-moho-signature_5.png', NOW());
REPLACE INTO app_product (id, name, price, sale_price, digital, image, description, material, size, origin, quality) VALUES (137, 'ghế sofa vải moho giorgio moho signature', 42887000.0, 25990000.0, 0, 'main/ghe-sofa-vai-moho-giorgio-moho-signature_1.jpg', 'ghế sofa vải moho giorgio moho signature nổi bật với kiểu dáng tối giản nhưng vẫn đảm bảo công năng sử dụng. sản phẩm sử dụng chất liệu vải / nỉ, đảm bảo độ bền và tính thẩm mỹ cao. kích thước 250 x 107 x 83 cm, phù hợp với nhiều không gian. tạo điểm nhấn không gian. phù hợp phòng khách hiện đại.', 'vải / nỉ', '250 x 107 x 83 cm  ', 'Việt Nam', 'Loại 1');
INSERT IGNORE INTO app_product_category (product_id, category_id) VALUES (137, 5);
INSERT IGNORE INTO app_productimage (product_id, image, date_added) VALUES (137, 'multiple/ghe-sofa-vai-moho-giorgio-moho-signature/ghe-sofa-vai-moho-giorgio-moho-signature_2.jpg', NOW());
INSERT IGNORE INTO app_productimage (product_id, image, date_added) VALUES (137, 'multiple/ghe-sofa-vai-moho-giorgio-moho-signature/ghe-sofa-vai-moho-giorgio-moho-signature_3.jpg', NOW());
INSERT IGNORE INTO app_productimage (product_id, image, date_added) VALUES (137, 'multiple/ghe-sofa-vai-moho-giorgio-moho-signature/ghe-sofa-vai-moho-giorgio-moho-signature_4.jpg', NOW());
INSERT IGNORE INTO app_productimage (product_id, image, date_added) VALUES (137, 'multiple/ghe-sofa-vai-moho-giorgio-moho-signature/ghe-sofa-vai-moho-giorgio-moho-signature_5.jpg', NOW());
REPLACE INTO app_product (id, name, price, sale_price, digital, image, description, material, size, origin, quality) VALUES (138, 'set 2 bàn sofa – bàn cafe – bàn trà gỗ cao su moho milan 601', 1419000.0, 990000.0, 0, 'main/set-2-ban-sofa-ban-cafe-ban-tra-go-cao-su-moho-milan-601_1.jpg', 'với thiết kế tinh tế, set 2 bàn sofa – bàn cafe – bàn trà gỗ cao su moho milan 601 là lựa chọn lý tưởng cho mọi gia đình. được hoàn thiện từ gỗ cao su, sản phẩm mang lại sự chắc chắn và bền bỉ. với kích thước bàn trắng: dài 60cm x rộng 51cm x cao 42cm | bàn xám: dài 70cm x rộng 60cm x cao 37,5cm, sản phẩm tối ưu diện tích hiệu quả. mang lại cảm giác thư giãn khi sử dụng. phù hợp phòng khách hiện đại.', 'gỗ cao su', 'bàn trắng: dài 60cm x rộng 51cm x cao 42cm | bàn xám: dài 70cm x rộng 60cm x cao 37,5cm', 'Việt Nam', 'Loại 1');
INSERT IGNORE INTO app_product_category (product_id, category_id) VALUES (138, 5);
INSERT IGNORE INTO app_productimage (product_id, image, date_added) VALUES (138, 'multiple/set-2-ban-sofa-ban-cafe-ban-tra-go-cao-su-moho-milan-601/set-2-ban-sofa-ban-cafe-ban-tra-go-cao-su-moho-milan-601_2.jpg', NOW());
REPLACE INTO app_product (id, name, price, sale_price, digital, image, description, material, size, origin, quality) VALUES (139, 'set 2 bàn sofa – bàn trà tròn gỗ moho oslo 901', 3580000.0, 2490000.0, 0, 'main/set-2-ban-sofa-ban-tra-tron-go-moho-oslo-901_1.jpg', 'với thiết kế tinh tế, set 2 bàn sofa – bàn trà tròn gỗ moho oslo 901 là lựa chọn lý tưởng cho mọi gia đình. chất liệu gỗ cẩm lai giúp sản phẩm chống cong vênh và dễ vệ sinh. với kích thước bàn tròn cao: dài 49cm x rộng 49cm x cao 51cm | bàn tròn thấp: dài 68cm x rộng 68cm x cao 42cm, sản phẩm tối ưu diện tích hiệu quả. mang lại cảm giác thư giãn khi sử dụng. tạo điểm nhấn không gian.', 'gỗ cẩm lai', 'bàn tròn cao: dài 49cm x rộng 49cm x cao 51cm | bàn tròn thấp: dài 68cm x rộng 68cm x cao 42cm ', 'Việt Nam', 'Loại 1');
INSERT IGNORE INTO app_product_category (product_id, category_id) VALUES (139, 5);
INSERT IGNORE INTO app_productimage (product_id, image, date_added) VALUES (139, 'multiple/set-2-ban-sofa-ban-tra-tron-go-moho-oslo-901/set-2-ban-sofa-ban-tra-tron-go-moho-oslo-901_2.jpg', NOW());
INSERT IGNORE INTO app_productimage (product_id, image, date_added) VALUES (139, 'multiple/set-2-ban-sofa-ban-tra-tron-go-moho-oslo-901/set-2-ban-sofa-ban-tra-tron-go-moho-oslo-901_3.jpg', NOW());
INSERT IGNORE INTO app_productimage (product_id, image, date_added) VALUES (139, 'multiple/set-2-ban-sofa-ban-tra-tron-go-moho-oslo-901/set-2-ban-sofa-ban-tra-tron-go-moho-oslo-901_4.jpg', NOW());
REPLACE INTO app_product (id, name, price, sale_price, digital, image, description, material, size, origin, quality) VALUES (140, 'set bàn sofa bàn trà bàn cafe gỗ kline', 3490000.0, 1990000.0, 0, 'main/set-ban-sofa-ban-tra-ban-cafe-go-kline_1.png', 'set bàn sofa bàn trà bàn cafe gỗ kline nổi bật với kiểu dáng tối giản nhưng vẫn đảm bảo công năng sử dụng. chất liệu gỗ cẩm lai giúp sản phẩm chống cong vênh và dễ vệ sinh. thiết kế kích thước bàn oval thấp: dài 75cm x rộng 40cm x cao 38cm bàn tròn cao:  rộng 50cm x cao 48 cm, đáp ứng nhu cầu sử dụng linh hoạt. phù hợp phòng khách hiện đại. tạo điểm nhấn không gian.', 'gỗ cẩm lai', 'bàn oval thấp: dài 75cm x rộng 40cm x cao 38cm bàn tròn cao:  rộng 50cm x cao 48 cm ', 'Việt Nam', 'Loại 1');
INSERT IGNORE INTO app_product_category (product_id, category_id) VALUES (140, 5);
INSERT IGNORE INTO app_productimage (product_id, image, date_added) VALUES (140, 'multiple/set-ban-sofa-ban-tra-ban-cafe-go-kline/set-ban-sofa-ban-tra-ban-cafe-go-kline_2.png', NOW());
INSERT IGNORE INTO app_productimage (product_id, image, date_added) VALUES (140, 'multiple/set-ban-sofa-ban-tra-ban-cafe-go-kline/set-ban-sofa-ban-tra-ban-cafe-go-kline_3.png', NOW());
INSERT IGNORE INTO app_productimage (product_id, image, date_added) VALUES (140, 'multiple/set-ban-sofa-ban-tra-ban-cafe-go-kline/set-ban-sofa-ban-tra-ban-cafe-go-kline_4.png', NOW());
INSERT IGNORE INTO app_productimage (product_id, image, date_added) VALUES (140, 'multiple/set-ban-sofa-ban-tra-ban-cafe-go-kline/set-ban-sofa-ban-tra-ban-cafe-go-kline_5.png', NOW());
REPLACE INTO app_product (id, name, price, sale_price, digital, image, description, material, size, origin, quality) VALUES (141, 'sofa phòng khách hiện đại kline', 12990000.0, 10490000.0, 0, 'main/sofa-phong-khach-hien-dai-kline_1.png', 'với thiết kế tinh tế, sofa phòng khách hiện đại kline là lựa chọn lý tưởng cho mọi gia đình. chất liệu gỗ ốc chó giúp sản phẩm chống cong vênh và dễ vệ sinh. thiết kế kích thước dài 200cm x rộng 82cm x cao 80cm, đáp ứng nhu cầu sử dụng linh hoạt. phù hợp phòng khách hiện đại. tạo điểm nhấn không gian.', 'gỗ ốc chó', 'dài 200cm x rộng 82cm x cao 80cm', 'Việt Nam', 'Loại 1');
INSERT IGNORE INTO app_product_category (product_id, category_id) VALUES (141, 5);
INSERT IGNORE INTO app_productimage (product_id, image, date_added) VALUES (141, 'multiple/sofa-phong-khach-hien-dai-kline/sofa-phong-khach-hien-dai-kline_2.png', NOW());
INSERT IGNORE INTO app_productimage (product_id, image, date_added) VALUES (141, 'multiple/sofa-phong-khach-hien-dai-kline/sofa-phong-khach-hien-dai-kline_3.png', NOW());
INSERT IGNORE INTO app_productimage (product_id, image, date_added) VALUES (141, 'multiple/sofa-phong-khach-hien-dai-kline/sofa-phong-khach-hien-dai-kline_4.png', NOW());
INSERT IGNORE INTO app_productimage (product_id, image, date_added) VALUES (141, 'multiple/sofa-phong-khach-hien-dai-kline/sofa-phong-khach-hien-dai-kline_5.jpg', NOW());
REPLACE INTO app_product (id, name, price, sale_price, digital, image, description, material, size, origin, quality) VALUES (142, 'vỏ bọc nệm sofa moho vline màu be', 990000.0, 599000.0, 0, 'main/vo-boc-nem-sofa-moho-vline-mau-be_1.jpg', 'vỏ bọc nệm sofa moho vline màu be nổi bật với kiểu dáng tối giản nhưng vẫn đảm bảo công năng sử dụng. sản phẩm sử dụng chất liệu vải / nỉ, đảm bảo độ bền và tính thẩm mỹ cao. thiết kế kích thước ghế sofa vline: dài 180cm x rộng 85cm x cao 82cm | sofa sofa góc: dài 140cm x rộng 60cm x cao 82cm, đáp ứng nhu cầu sử dụng linh hoạt. tạo điểm nhấn không gian. phù hợp phòng khách hiện đại.', 'vải / nỉ', 'ghế sofa vline: dài 180cm x rộng 85cm x cao 82cm | sofa sofa góc: dài 140cm x rộng 60cm x cao 82cm ', 'Việt Nam', 'Loại 1');
INSERT IGNORE INTO app_product_category (product_id, category_id) VALUES (142, 5);
INSERT IGNORE INTO app_productimage (product_id, image, date_added) VALUES (142, 'multiple/vo-boc-nem-sofa-moho-vline-mau-be/vo-boc-nem-sofa-moho-vline-mau-be_2.jpg', NOW());
INSERT IGNORE INTO app_productimage (product_id, image, date_added) VALUES (142, 'multiple/vo-boc-nem-sofa-moho-vline-mau-be/vo-boc-nem-sofa-moho-vline-mau-be_3.jpg', NOW());
INSERT IGNORE INTO app_productimage (product_id, image, date_added) VALUES (142, 'multiple/vo-boc-nem-sofa-moho-vline-mau-be/vo-boc-nem-sofa-moho-vline-mau-be_4.jpg', NOW());
INSERT IGNORE INTO app_productimage (product_id, image, date_added) VALUES (142, 'multiple/vo-boc-nem-sofa-moho-vline-mau-be/vo-boc-nem-sofa-moho-vline-mau-be_5.jpg', NOW());
REPLACE INTO app_product (id, name, price, sale_price, digital, image, description, material, size, origin, quality) VALUES (143, 'combo tủ quần áo cánh kính moho astro nhiều kích thước', 27480000.0, 22990000.0, 0, 'main/combo-tu-quan-ao-canh-kinh-moho-astro-nhieu-kich-thuoc_1.png', 'với thiết kế tinh tế, combo tủ quần áo cánh kính moho astro nhiều kích thước là lựa chọn lý tưởng cho mọi gia đình. sản phẩm sử dụng chất liệu gỗ công nghiệp (mdf/mfc), đảm bảo độ bền và tính thẩm mỹ cao. thiết kế kích thước tủ đôi : dài 120cm x rộng 60cm x cao 200cm | tủ đơn : dài 60cm x rộng 60cm x cao 200cm, đáp ứng nhu cầu sử dụng linh hoạt. giúp tối ưu không gian lưu trữ. thiết kế nhiều ngăn tiện lợi.', 'gỗ công nghiệp (mdf/mfc)', 'tủ đôi : dài 120cm x rộng 60cm x cao 200cm | tủ đơn : dài 60cm x rộng 60cm x cao 200cm ', 'Việt Nam', 'Loại 1');
INSERT IGNORE INTO app_product_category (product_id, category_id) VALUES (143, 6);
INSERT IGNORE INTO app_productimage (product_id, image, date_added) VALUES (143, 'multiple/combo-tu-quan-ao-canh-kinh-moho-astro-nhieu-kich-thuoc/combo-tu-quan-ao-canh-kinh-moho-astro-nhieu-kich-thuoc_2.png', NOW());
INSERT IGNORE INTO app_productimage (product_id, image, date_added) VALUES (143, 'multiple/combo-tu-quan-ao-canh-kinh-moho-astro-nhieu-kich-thuoc/combo-tu-quan-ao-canh-kinh-moho-astro-nhieu-kich-thuoc_3.png', NOW());
INSERT IGNORE INTO app_productimage (product_id, image, date_added) VALUES (143, 'multiple/combo-tu-quan-ao-canh-kinh-moho-astro-nhieu-kich-thuoc/combo-tu-quan-ao-canh-kinh-moho-astro-nhieu-kich-thuoc_4.png', NOW());
INSERT IGNORE INTO app_productimage (product_id, image, date_added) VALUES (143, 'multiple/combo-tu-quan-ao-canh-kinh-moho-astro-nhieu-kich-thuoc/combo-tu-quan-ao-canh-kinh-moho-astro-nhieu-kich-thuoc_5.png', NOW());
REPLACE INTO app_product (id, name, price, sale_price, digital, image, description, material, size, origin, quality) VALUES (144, 'combo tủ quần áo vline v3', 20980000.0, 15490000.0, 0, 'main/combo-tu-quan-ao-vline-v3_1.jpg', 'combo tủ quần áo vline v3 mang phong cách hiện đại, phù hợp với không gian sống ngày nay. sản phẩm sử dụng chất liệu gỗ công nghiệp (mdf/mfc), đảm bảo độ bền và tính thẩm mỹ cao. với kích thước tủ 2 cánh vline : dài 120cm x rộng 60cm x cao 200cm | tủ đơn vline :  dài 60cm x rộng 60cm x cao 200cm, sản phẩm tối ưu diện tích hiệu quả. giữ không gian gọn gàng. giúp tối ưu không gian lưu trữ.', 'gỗ công nghiệp (mdf/mfc)', 'tủ 2 cánh vline : dài 120cm x rộng 60cm x cao 200cm | tủ đơn vline :  dài 60cm x rộng 60cm x cao 200cm', 'Việt Nam', 'Loại 1');
INSERT IGNORE INTO app_product_category (product_id, category_id) VALUES (144, 6);
INSERT IGNORE INTO app_productimage (product_id, image, date_added) VALUES (144, 'multiple/combo-tu-quan-ao-vline-v3/combo-tu-quan-ao-vline-v3_2.jpg', NOW());
INSERT IGNORE INTO app_productimage (product_id, image, date_added) VALUES (144, 'multiple/combo-tu-quan-ao-vline-v3/combo-tu-quan-ao-vline-v3_3.jpg', NOW());
INSERT IGNORE INTO app_productimage (product_id, image, date_added) VALUES (144, 'multiple/combo-tu-quan-ao-vline-v3/combo-tu-quan-ao-vline-v3_4.jpg', NOW());
INSERT IGNORE INTO app_productimage (product_id, image, date_added) VALUES (144, 'multiple/combo-tu-quan-ao-vline-v3/combo-tu-quan-ao-vline-v3_5.jpg', NOW());
REPLACE INTO app_product (id, name, price, sale_price, digital, image, description, material, size, origin, quality) VALUES (145, 'hệ tủ bếp moho kitchen dòng essential', 24880000.0, 21060000.0, 0, 'main/he-tu-bep-moho-kitchen-dong-essential_1.jpg', 'với thiết kế tinh tế, hệ tủ bếp moho kitchen dòng essential là lựa chọn lý tưởng cho mọi gia đình. được hoàn thiện từ gỗ cẩm lai, sản phẩm mang lại sự chắc chắn và bền bỉ. với kích thước dài 300cm x rộng 60cm x cao 82–85cm, sản phẩm tối ưu diện tích hiệu quả. giúp tối ưu không gian lưu trữ. thiết kế nhiều ngăn tiện lợi.', 'gỗ cẩm lai', 'dài 300cm x rộng 60cm x cao 82–85cm', 'Việt Nam', 'Loại 1');
INSERT IGNORE INTO app_product_category (product_id, category_id) VALUES (145, 6);
INSERT IGNORE INTO app_productimage (product_id, image, date_added) VALUES (145, 'multiple/he-tu-bep-moho-kitchen-dong-essential/he-tu-bep-moho-kitchen-dong-essential_2.jpg', NOW());
INSERT IGNORE INTO app_productimage (product_id, image, date_added) VALUES (145, 'multiple/he-tu-bep-moho-kitchen-dong-essential/he-tu-bep-moho-kitchen-dong-essential_3.jpg', NOW());
INSERT IGNORE INTO app_productimage (product_id, image, date_added) VALUES (145, 'multiple/he-tu-bep-moho-kitchen-dong-essential/he-tu-bep-moho-kitchen-dong-essential_4.jpg', NOW());
INSERT IGNORE INTO app_productimage (product_id, image, date_added) VALUES (145, 'multiple/he-tu-bep-moho-kitchen-dong-essential/he-tu-bep-moho-kitchen-dong-essential_5.jpg', NOW());
REPLACE INTO app_product (id, name, price, sale_price, digital, image, description, material, size, origin, quality) VALUES (146, 'hệ tủ bếp moho kitchen dòng premium', 22420000.0, 18470000.0, 0, 'main/he-tu-bep-moho-kitchen-dong-premium_1.jpg', 'hệ tủ bếp moho kitchen dòng premium mang phong cách hiện đại, phù hợp với không gian sống ngày nay. sản phẩm sử dụng chất liệu gỗ cẩm lai, đảm bảo độ bền và tính thẩm mỹ cao. với kích thước dài 300cm x rộng 60cm x cao 82–85cm, sản phẩm tối ưu diện tích hiệu quả. giữ không gian gọn gàng. thiết kế nhiều ngăn tiện lợi.', 'gỗ cẩm lai', 'dài 300cm x rộng 60cm x cao 82–85cm', 'Việt Nam', 'Loại 1');
INSERT IGNORE INTO app_product_category (product_id, category_id) VALUES (146, 6);
INSERT IGNORE INTO app_productimage (product_id, image, date_added) VALUES (146, 'multiple/he-tu-bep-moho-kitchen-dong-premium/he-tu-bep-moho-kitchen-dong-premium_2.jpg', NOW());
INSERT IGNORE INTO app_productimage (product_id, image, date_added) VALUES (146, 'multiple/he-tu-bep-moho-kitchen-dong-premium/he-tu-bep-moho-kitchen-dong-premium_3.jpg', NOW());
INSERT IGNORE INTO app_productimage (product_id, image, date_added) VALUES (146, 'multiple/he-tu-bep-moho-kitchen-dong-premium/he-tu-bep-moho-kitchen-dong-premium_4.jpg', NOW());
INSERT IGNORE INTO app_productimage (product_id, image, date_added) VALUES (146, 'multiple/he-tu-bep-moho-kitchen-dong-premium/he-tu-bep-moho-kitchen-dong-premium_5.jpg', NOW());
REPLACE INTO app_product (id, name, price, sale_price, digital, image, description, material, size, origin, quality) VALUES (147, 'hệ tủ bếp moho kitchen dòng standard', 4400000.0, 3590000.0, 0, 'main/he-tu-bep-moho-kitchen-dong-standard_1.jpg', 'hệ tủ bếp moho kitchen dòng standard nổi bật với kiểu dáng tối giản nhưng vẫn đảm bảo công năng sử dụng. chất liệu da / simili giúp sản phẩm chống cong vênh và dễ vệ sinh. với kích thước dài 300cm x rộng 30–35cm x cao 70–80cm, sản phẩm tối ưu diện tích hiệu quả. giúp tối ưu không gian lưu trữ. giữ không gian gọn gàng.', 'da / simili', 'dài 300cm x rộng 30–35cm x cao 70–80cm', 'Việt Nam', 'Loại 1');
INSERT IGNORE INTO app_product_category (product_id, category_id) VALUES (147, 6);
INSERT IGNORE INTO app_productimage (product_id, image, date_added) VALUES (147, 'multiple/he-tu-bep-moho-kitchen-dong-standard/he-tu-bep-moho-kitchen-dong-standard_2.jpg', NOW());
INSERT IGNORE INTO app_productimage (product_id, image, date_added) VALUES (147, 'multiple/he-tu-bep-moho-kitchen-dong-standard/he-tu-bep-moho-kitchen-dong-standard_3.jpg', NOW());
INSERT IGNORE INTO app_productimage (product_id, image, date_added) VALUES (147, 'multiple/he-tu-bep-moho-kitchen-dong-standard/he-tu-bep-moho-kitchen-dong-standard_4.jpg', NOW());
INSERT IGNORE INTO app_productimage (product_id, image, date_added) VALUES (147, 'multiple/he-tu-bep-moho-kitchen-dong-standard/he-tu-bep-moho-kitchen-dong-standard_5.jpg', NOW());
REPLACE INTO app_product (id, name, price, sale_price, digital, image, description, material, size, origin, quality) VALUES (148, 'hệ tủ bếp moho kitchen premium narvik nhiều kích thước', 2560000.0, 2180000.0, 0, 'main/he-tu-bep-moho-kitchen-premium-narvik-nhieu-kich-thuoc_1.jpg', 'với thiết kế tinh tế, hệ tủ bếp moho kitchen premium narvik nhiều kích thước là lựa chọn lý tưởng cho mọi gia đình. sản phẩm sử dụng chất liệu gỗ cẩm lai, đảm bảo độ bền và tính thẩm mỹ cao. kích thước ngang 300cm x sâu 60cm x cao 82–85cm, phù hợp với nhiều không gian. giúp tối ưu không gian lưu trữ. thiết kế nhiều ngăn tiện lợi.', 'gỗ cẩm lai', 'ngang 300cm x sâu 60cm x cao 82–85cm', 'Việt Nam', 'Loại 1');
INSERT IGNORE INTO app_product_category (product_id, category_id) VALUES (148, 6);
INSERT IGNORE INTO app_productimage (product_id, image, date_added) VALUES (148, 'multiple/he-tu-bep-moho-kitchen-premium-narvik-nhieu-kich-thuoc/he-tu-bep-moho-kitchen-premium-narvik-nhieu-kich-thuoc_2.jpg', NOW());
INSERT IGNORE INTO app_productimage (product_id, image, date_added) VALUES (148, 'multiple/he-tu-bep-moho-kitchen-premium-narvik-nhieu-kich-thuoc/he-tu-bep-moho-kitchen-premium-narvik-nhieu-kich-thuoc_3.jpg', NOW());
INSERT IGNORE INTO app_productimage (product_id, image, date_added) VALUES (148, 'multiple/he-tu-bep-moho-kitchen-premium-narvik-nhieu-kich-thuoc/he-tu-bep-moho-kitchen-premium-narvik-nhieu-kich-thuoc_4.jpg', NOW());
INSERT IGNORE INTO app_productimage (product_id, image, date_added) VALUES (148, 'multiple/he-tu-bep-moho-kitchen-premium-narvik-nhieu-kich-thuoc/he-tu-bep-moho-kitchen-premium-narvik-nhieu-kich-thuoc_5.jpg', NOW());
REPLACE INTO app_product (id, name, price, sale_price, digital, image, description, material, size, origin, quality) VALUES (149, 'kệ tivi style hàn kline', 5990000.0, 4490000.0, 0, 'main/ke-tivi-style-han-kline_1.jpg', 'kệ tivi style hàn kline nổi bật với kiểu dáng tối giản nhưng vẫn đảm bảo công năng sử dụng. sản phẩm sử dụng chất liệu gỗ cẩm lai, đảm bảo độ bền và tính thẩm mỹ cao. kích thước dài 180 cm x rộng 40cm x cao 55cm, phù hợp với nhiều không gian. giúp tối ưu không gian lưu trữ. giữ không gian gọn gàng.', 'gỗ cẩm lai', 'dài 180 cm x rộng 40cm x cao 55cm', 'Việt Nam', 'Loại 1');
INSERT IGNORE INTO app_product_category (product_id, category_id) VALUES (149, 6);
INSERT IGNORE INTO app_productimage (product_id, image, date_added) VALUES (149, 'multiple/ke-tivi-style-han-kline/ke-tivi-style-han-kline_2.jpg', NOW());
INSERT IGNORE INTO app_productimage (product_id, image, date_added) VALUES (149, 'multiple/ke-tivi-style-han-kline/ke-tivi-style-han-kline_3.jpg', NOW());
INSERT IGNORE INTO app_productimage (product_id, image, date_added) VALUES (149, 'multiple/ke-tivi-style-han-kline/ke-tivi-style-han-kline_4.jpg', NOW());
INSERT IGNORE INTO app_productimage (product_id, image, date_added) VALUES (149, 'multiple/ke-tivi-style-han-kline/ke-tivi-style-han-kline_5.jpg', NOW());
REPLACE INTO app_product (id, name, price, sale_price, digital, image, description, material, size, origin, quality) VALUES (150, 'kệ tv moho hobro 301 (màu nâu 180)', 5290000.0, 4490000.0, 0, 'main/ke-tv-moho-hobro-301-mau-nau-180_1.png', 'kệ tv moho hobro 301 (màu nâu 180) mang phong cách hiện đại, phù hợp với không gian sống ngày nay. sản phẩm sử dụng chất liệu gỗ cẩm lai, đảm bảo độ bền và tính thẩm mỹ cao. với kích thước rộng 40 x dài 180 x cao 50 cm, sản phẩm tối ưu diện tích hiệu quả. giữ không gian gọn gàng. giúp tối ưu không gian lưu trữ.', 'gỗ cẩm lai', 'rộng 40 x dài 180 x cao 50 cm ', 'Việt Nam', 'Loại 1');
INSERT IGNORE INTO app_product_category (product_id, category_id) VALUES (150, 6);
INSERT IGNORE INTO app_productimage (product_id, image, date_added) VALUES (150, 'multiple/ke-tv-moho-hobro-301-mau-nau-180/ke-tv-moho-hobro-301-mau-nau-180_2.png', NOW());
INSERT IGNORE INTO app_productimage (product_id, image, date_added) VALUES (150, 'multiple/ke-tv-moho-hobro-301-mau-nau-180/ke-tv-moho-hobro-301-mau-nau-180_3.png', NOW());
INSERT IGNORE INTO app_productimage (product_id, image, date_added) VALUES (150, 'multiple/ke-tv-moho-hobro-301-mau-nau-180/ke-tv-moho-hobro-301-mau-nau-180_4.png', NOW());
INSERT IGNORE INTO app_productimage (product_id, image, date_added) VALUES (150, 'multiple/ke-tv-moho-hobro-301-mau-nau-180/ke-tv-moho-hobro-301-mau-nau-180_5.png', NOW());
REPLACE INTO app_product (id, name, price, sale_price, digital, image, description, material, size, origin, quality) VALUES (151, 'set tủ quần áo gỗ moho dalumd 4 cánh dài (màu nâu hạnh nhân)', 19370000.0, 14990000.0, 0, 'main/set-tu-quan-ao-go-moho-dalumd-4-canh-dai-mau-nau-hanh-nhan_1.jpg', 'set tủ quần áo gỗ moho dalumd 4 cánh dài (màu nâu hạnh nhân) nổi bật với kiểu dáng tối giản nhưng vẫn đảm bảo công năng sử dụng. được hoàn thiện từ gỗ cẩm lai, sản phẩm mang lại sự chắc chắn và bền bỉ. kích thước ngang 120cm x sâu 55–60cm x cao 200–220cm, phù hợp với nhiều không gian. giữ không gian gọn gàng. thiết kế nhiều ngăn tiện lợi.', 'gỗ cẩm lai', 'ngang 120cm x sâu 55–60cm x cao 200–220cm', 'Việt Nam', 'Loại 1');
INSERT IGNORE INTO app_product_category (product_id, category_id) VALUES (151, 6);
INSERT IGNORE INTO app_productimage (product_id, image, date_added) VALUES (151, 'multiple/set-tu-quan-ao-go-moho-dalumd-4-canh-dai-mau-nau-hanh-nhan/set-tu-quan-ao-go-moho-dalumd-4-canh-dai-mau-nau-hanh-nhan_2.jpg', NOW());
INSERT IGNORE INTO app_productimage (product_id, image, date_added) VALUES (151, 'multiple/set-tu-quan-ao-go-moho-dalumd-4-canh-dai-mau-nau-hanh-nhan/set-tu-quan-ao-go-moho-dalumd-4-canh-dai-mau-nau-hanh-nhan_3.jpg', NOW());
INSERT IGNORE INTO app_productimage (product_id, image, date_added) VALUES (151, 'multiple/set-tu-quan-ao-go-moho-dalumd-4-canh-dai-mau-nau-hanh-nhan/set-tu-quan-ao-go-moho-dalumd-4-canh-dai-mau-nau-hanh-nhan_4.jpg', NOW());
INSERT IGNORE INTO app_productimage (product_id, image, date_added) VALUES (151, 'multiple/set-tu-quan-ao-go-moho-dalumd-4-canh-dai-mau-nau-hanh-nhan/set-tu-quan-ao-go-moho-dalumd-4-canh-dai-mau-nau-hanh-nhan_5.png', NOW());
REPLACE INTO app_product (id, name, price, sale_price, digital, image, description, material, size, origin, quality) VALUES (152, 'set tủ quần áo gỗ moho hobro 301 2 cánh', 12380000.0, 9490000.0, 0, 'main/set-tu-quan-ao-go-moho-hobro-301-2-canh_1.png', 'set tủ quần áo gỗ moho hobro 301 2 cánh mang phong cách hiện đại, phù hợp với không gian sống ngày nay. sản phẩm sử dụng chất liệu gỗ cẩm lai, đảm bảo độ bền và tính thẩm mỹ cao. với kích thước dài 100cm x rộng 60cm x cao 210cm, sản phẩm tối ưu diện tích hiệu quả. giữ không gian gọn gàng. giúp tối ưu không gian lưu trữ.', 'gỗ cẩm lai', 'dài 100cm x rộng 60cm x cao 210cm', 'Việt Nam', 'Loại 1');
INSERT IGNORE INTO app_product_category (product_id, category_id) VALUES (152, 6);
INSERT IGNORE INTO app_productimage (product_id, image, date_added) VALUES (152, 'multiple/set-tu-quan-ao-go-moho-hobro-301-2-canh/set-tu-quan-ao-go-moho-hobro-301-2-canh_2.png', NOW());
INSERT IGNORE INTO app_productimage (product_id, image, date_added) VALUES (152, 'multiple/set-tu-quan-ao-go-moho-hobro-301-2-canh/set-tu-quan-ao-go-moho-hobro-301-2-canh_3.png', NOW());
INSERT IGNORE INTO app_productimage (product_id, image, date_added) VALUES (152, 'multiple/set-tu-quan-ao-go-moho-hobro-301-2-canh/set-tu-quan-ao-go-moho-hobro-301-2-canh_4.png', NOW());
INSERT IGNORE INTO app_productimage (product_id, image, date_added) VALUES (152, 'multiple/set-tu-quan-ao-go-moho-hobro-301-2-canh/set-tu-quan-ao-go-moho-hobro-301-2-canh_5.png', NOW());
REPLACE INTO app_product (id, name, price, sale_price, digital, image, description, material, size, origin, quality) VALUES (153, 'set tủ quần áo gỗ moho hobro 301 3 cánh thanh treo', 17180000.0, 11990000.0, 0, 'main/set-tu-quan-ao-go-moho-hobro-301-3-canh-thanh-treo_1.jpg', 'với thiết kế tinh tế, set tủ quần áo gỗ moho hobro 301 3 cánh thanh treo là lựa chọn lý tưởng cho mọi gia đình. sản phẩm sử dụng chất liệu gỗ cẩm lai, đảm bảo độ bền và tính thẩm mỹ cao. kích thước ngang 160–180cm x sâu 55–60cm x cao 200–220cm, phù hợp với nhiều không gian. giữ không gian gọn gàng. giúp tối ưu không gian lưu trữ.', 'gỗ cẩm lai', 'ngang 160–180cm x sâu 55–60cm x cao 200–220cm', 'Việt Nam', 'Loại 1');
INSERT IGNORE INTO app_product_category (product_id, category_id) VALUES (153, 6);
INSERT IGNORE INTO app_productimage (product_id, image, date_added) VALUES (153, 'multiple/set-tu-quan-ao-go-moho-hobro-301-3-canh-thanh-treo/set-tu-quan-ao-go-moho-hobro-301-3-canh-thanh-treo_2.jpg', NOW());
INSERT IGNORE INTO app_productimage (product_id, image, date_added) VALUES (153, 'multiple/set-tu-quan-ao-go-moho-hobro-301-3-canh-thanh-treo/set-tu-quan-ao-go-moho-hobro-301-3-canh-thanh-treo_3.jpg', NOW());
INSERT IGNORE INTO app_productimage (product_id, image, date_added) VALUES (153, 'multiple/set-tu-quan-ao-go-moho-hobro-301-3-canh-thanh-treo/set-tu-quan-ao-go-moho-hobro-301-3-canh-thanh-treo_4.jpg', NOW());
INSERT IGNORE INTO app_productimage (product_id, image, date_added) VALUES (153, 'multiple/set-tu-quan-ao-go-moho-hobro-301-3-canh-thanh-treo/set-tu-quan-ao-go-moho-hobro-301-3-canh-thanh-treo_5.jpg', NOW());
REPLACE INTO app_product (id, name, price, sale_price, digital, image, description, material, size, origin, quality) VALUES (154, 'set tủ quần áo gỗ moho hobro 301 4 cánh', 23370000.0, 16490000.0, 0, 'main/set-tu-quan-ao-go-moho-hobro-301-4-canh_1.jpg', 'set tủ quần áo gỗ moho hobro 301 4 cánh mang phong cách hiện đại, phù hợp với không gian sống ngày nay. chất liệu gỗ cẩm lai giúp sản phẩm chống cong vênh và dễ vệ sinh. kích thước dài 200cm x rộng 60cm x cao 210cm, phù hợp với nhiều không gian. thiết kế nhiều ngăn tiện lợi. giữ không gian gọn gàng.', 'gỗ cẩm lai', 'dài 200cm x rộng 60cm x cao 210cm', 'Việt Nam', 'Loại 1');
INSERT IGNORE INTO app_product_category (product_id, category_id) VALUES (154, 6);
INSERT IGNORE INTO app_productimage (product_id, image, date_added) VALUES (154, 'multiple/set-tu-quan-ao-go-moho-hobro-301-4-canh/set-tu-quan-ao-go-moho-hobro-301-4-canh_2.jpg', NOW());
INSERT IGNORE INTO app_productimage (product_id, image, date_added) VALUES (154, 'multiple/set-tu-quan-ao-go-moho-hobro-301-4-canh/set-tu-quan-ao-go-moho-hobro-301-4-canh_3.jpg', NOW());
INSERT IGNORE INTO app_productimage (product_id, image, date_added) VALUES (154, 'multiple/set-tu-quan-ao-go-moho-hobro-301-4-canh/set-tu-quan-ao-go-moho-hobro-301-4-canh_4.jpg', NOW());
INSERT IGNORE INTO app_productimage (product_id, image, date_added) VALUES (154, 'multiple/set-tu-quan-ao-go-moho-hobro-301-4-canh/set-tu-quan-ao-go-moho-hobro-301-4-canh_5.jpg', NOW());
REPLACE INTO app_product (id, name, price, sale_price, digital, image, description, material, size, origin, quality) VALUES (155, 'set tủ quần áo gỗ moho vienna 201 2 cánh 4 màu', 9980000.0, 7490000.0, 0, 'main/set-tu-quan-ao-go-moho-vienna-201-2-canh-4-mau_1.jpg', 'với thiết kế tinh tế, set tủ quần áo gỗ moho vienna 201 2 cánh 4 màu là lựa chọn lý tưởng cho mọi gia đình. sản phẩm sử dụng chất liệu gỗ cẩm lai, đảm bảo độ bền và tính thẩm mỹ cao. với kích thước dài 100cm x rộng 60cm x cao 2m1 | cánh tủ + thân tủ: gỗ công nghiệp mfc phủ melamin, sản phẩm tối ưu diện tích hiệu quả. thiết kế nhiều ngăn tiện lợi. giữ không gian gọn gàng.', 'gỗ cẩm lai', 'dài 100cm x rộng 60cm x cao 2m1 | cánh tủ + thân tủ: gỗ công nghiệp mfc phủ melamin ', 'Việt Nam', 'Loại 1');
INSERT IGNORE INTO app_product_category (product_id, category_id) VALUES (155, 6);
INSERT IGNORE INTO app_productimage (product_id, image, date_added) VALUES (155, 'multiple/set-tu-quan-ao-go-moho-vienna-201-2-canh-4-mau/set-tu-quan-ao-go-moho-vienna-201-2-canh-4-mau_2.png', NOW());
INSERT IGNORE INTO app_productimage (product_id, image, date_added) VALUES (155, 'multiple/set-tu-quan-ao-go-moho-vienna-201-2-canh-4-mau/set-tu-quan-ao-go-moho-vienna-201-2-canh-4-mau_4.jpg', NOW());
INSERT IGNORE INTO app_productimage (product_id, image, date_added) VALUES (155, 'multiple/set-tu-quan-ao-go-moho-vienna-201-2-canh-4-mau/set-tu-quan-ao-go-moho-vienna-201-2-canh-4-mau_5.jpg', NOW());
INSERT IGNORE INTO app_productimage (product_id, image, date_added) VALUES (155, 'multiple/set-tu-quan-ao-go-moho-vienna-201-2-canh-4-mau/set-tu-quan-ao-go-moho-vienna-201-2-canh-4-mau_6.png', NOW());
REPLACE INTO app_product (id, name, price, sale_price, digital, image, description, material, size, origin, quality) VALUES (156, 'set tủ quần áo gỗ moho vienna 201 3 cánh kệ ngăn 4 màu', 13180000.0, 9990000.0, 0, 'main/set-tu-quan-ao-go-moho-vienna-201-3-canh-ke-ngan-4-mau_1.png', 'set tủ quần áo gỗ moho vienna 201 3 cánh kệ ngăn 4 màu nổi bật với kiểu dáng tối giản nhưng vẫn đảm bảo công năng sử dụng. chất liệu gỗ công nghiệp (mdf/mfc) giúp sản phẩm chống cong vênh và dễ vệ sinh. thiết kế kích thước dài 150cm x rộng 60cm x cao 2m1, đáp ứng nhu cầu sử dụng linh hoạt. giúp tối ưu không gian lưu trữ. giữ không gian gọn gàng.', 'gỗ công nghiệp (mdf/mfc)', 'dài 150cm x rộng 60cm x cao 2m1', 'Việt Nam', 'Loại 1');
INSERT IGNORE INTO app_product_category (product_id, category_id) VALUES (156, 6);
INSERT IGNORE INTO app_productimage (product_id, image, date_added) VALUES (156, 'multiple/set-tu-quan-ao-go-moho-vienna-201-3-canh-ke-ngan-4-mau/set-tu-quan-ao-go-moho-vienna-201-3-canh-ke-ngan-4-mau_2.png', NOW());
INSERT IGNORE INTO app_productimage (product_id, image, date_added) VALUES (156, 'multiple/set-tu-quan-ao-go-moho-vienna-201-3-canh-ke-ngan-4-mau/set-tu-quan-ao-go-moho-vienna-201-3-canh-ke-ngan-4-mau_3.png', NOW());
INSERT IGNORE INTO app_productimage (product_id, image, date_added) VALUES (156, 'multiple/set-tu-quan-ao-go-moho-vienna-201-3-canh-ke-ngan-4-mau/set-tu-quan-ao-go-moho-vienna-201-3-canh-ke-ngan-4-mau_4.png', NOW());
INSERT IGNORE INTO app_productimage (product_id, image, date_added) VALUES (156, 'multiple/set-tu-quan-ao-go-moho-vienna-201-3-canh-ke-ngan-4-mau/set-tu-quan-ao-go-moho-vienna-201-3-canh-ke-ngan-4-mau_5.png', NOW());
REPLACE INTO app_product (id, name, price, sale_price, digital, image, description, material, size, origin, quality) VALUES (157, 'set tủ quần áo gỗ moho vienna 201 3 cánh thanh treo 4 màu', 13180000.0, 9990000.0, 0, 'main/set-tu-quan-ao-go-moho-vienna-201-3-canh-thanh-treo-4-mau_1.png', 'set tủ quần áo gỗ moho vienna 201 3 cánh thanh treo 4 màu nổi bật với kiểu dáng tối giản nhưng vẫn đảm bảo công năng sử dụng. được hoàn thiện từ gỗ ốc chó, sản phẩm mang lại sự chắc chắn và bền bỉ. với kích thước dài 150cm x rộng 60cm x cao 2m1, sản phẩm tối ưu diện tích hiệu quả. thiết kế nhiều ngăn tiện lợi. giữ không gian gọn gàng.', 'gỗ ốc chó', 'dài 150cm x rộng 60cm x cao 2m1 ', 'Việt Nam', 'Loại 1');
INSERT IGNORE INTO app_product_category (product_id, category_id) VALUES (157, 6);
INSERT IGNORE INTO app_productimage (product_id, image, date_added) VALUES (157, 'multiple/set-tu-quan-ao-go-moho-vienna-201-3-canh-thanh-treo-4-mau/set-tu-quan-ao-go-moho-vienna-201-3-canh-thanh-treo-4-mau_2.png', NOW());
INSERT IGNORE INTO app_productimage (product_id, image, date_added) VALUES (157, 'multiple/set-tu-quan-ao-go-moho-vienna-201-3-canh-thanh-treo-4-mau/set-tu-quan-ao-go-moho-vienna-201-3-canh-thanh-treo-4-mau_3.jpg', NOW());
INSERT IGNORE INTO app_productimage (product_id, image, date_added) VALUES (157, 'multiple/set-tu-quan-ao-go-moho-vienna-201-3-canh-thanh-treo-4-mau/set-tu-quan-ao-go-moho-vienna-201-3-canh-thanh-treo-4-mau_4.png', NOW());
INSERT IGNORE INTO app_productimage (product_id, image, date_added) VALUES (157, 'multiple/set-tu-quan-ao-go-moho-vienna-201-3-canh-thanh-treo-4-mau/set-tu-quan-ao-go-moho-vienna-201-3-canh-thanh-treo-4-mau_5.png', NOW());
REPLACE INTO app_product (id, name, price, sale_price, digital, image, description, material, size, origin, quality) VALUES (158, 'set tủ quần áo gỗ moho vienna 201 4 cánh 4 màu', 18170000.0, 12990000.0, 0, 'main/set-tu-quan-ao-go-moho-vienna-201-4-canh-4-mau_1.jpg', 'set tủ quần áo gỗ moho vienna 201 4 cánh 4 màu nổi bật với kiểu dáng tối giản nhưng vẫn đảm bảo công năng sử dụng. sản phẩm sử dụng chất liệu gỗ ốc chó, đảm bảo độ bền và tính thẩm mỹ cao. với kích thước dài 200cm x rộng 60cm x cao 2m1, sản phẩm tối ưu diện tích hiệu quả. thiết kế nhiều ngăn tiện lợi. giữ không gian gọn gàng.', 'gỗ ốc chó', 'dài 200cm x rộng 60cm x cao 2m1', 'Việt Nam', 'Loại 1');
INSERT IGNORE INTO app_product_category (product_id, category_id) VALUES (158, 6);
INSERT IGNORE INTO app_productimage (product_id, image, date_added) VALUES (158, 'multiple/set-tu-quan-ao-go-moho-vienna-201-4-canh-4-mau/set-tu-quan-ao-go-moho-vienna-201-4-canh-4-mau_2.jpg', NOW());
INSERT IGNORE INTO app_productimage (product_id, image, date_added) VALUES (158, 'multiple/set-tu-quan-ao-go-moho-vienna-201-4-canh-4-mau/set-tu-quan-ao-go-moho-vienna-201-4-canh-4-mau_3.jpg', NOW());
INSERT IGNORE INTO app_productimage (product_id, image, date_added) VALUES (158, 'multiple/set-tu-quan-ao-go-moho-vienna-201-4-canh-4-mau/set-tu-quan-ao-go-moho-vienna-201-4-canh-4-mau_4.jpg', NOW());
INSERT IGNORE INTO app_productimage (product_id, image, date_added) VALUES (158, 'multiple/set-tu-quan-ao-go-moho-vienna-201-4-canh-4-mau/set-tu-quan-ao-go-moho-vienna-201-4-canh-4-mau_5.jpg', NOW());
REPLACE INTO app_product (id, name, price, sale_price, digital, image, description, material, size, origin, quality) VALUES (159, 'set tủ quần áo gỗ moho vienna tay nắm 201 3 cánh thanh treo', 11980000.0, 7290000.0, 0, 'main/set-tu-quan-ao-go-moho-vienna-tay-nam-201-3-canh-thanh-treo_1.jpg', 'set tủ quần áo gỗ moho vienna tay nắm 201 3 cánh thanh treo nổi bật với kiểu dáng tối giản nhưng vẫn đảm bảo công năng sử dụng. chất liệu gỗ ốc chó giúp sản phẩm chống cong vênh và dễ vệ sinh. kích thước dài 150cm x rộng 60cm x cao 2m1, phù hợp với nhiều không gian. giữ không gian gọn gàng. thiết kế nhiều ngăn tiện lợi.', 'gỗ ốc chó', 'dài 150cm x rộng 60cm x cao 2m1', 'Việt Nam', 'Loại 1');
INSERT IGNORE INTO app_product_category (product_id, category_id) VALUES (159, 6);
INSERT IGNORE INTO app_productimage (product_id, image, date_added) VALUES (159, 'multiple/set-tu-quan-ao-go-moho-vienna-tay-nam-201-3-canh-thanh-treo/set-tu-quan-ao-go-moho-vienna-tay-nam-201-3-canh-thanh-treo_2.jpg', NOW());
INSERT IGNORE INTO app_productimage (product_id, image, date_added) VALUES (159, 'multiple/set-tu-quan-ao-go-moho-vienna-tay-nam-201-3-canh-thanh-treo/set-tu-quan-ao-go-moho-vienna-tay-nam-201-3-canh-thanh-treo_3.jpg', NOW());
INSERT IGNORE INTO app_productimage (product_id, image, date_added) VALUES (159, 'multiple/set-tu-quan-ao-go-moho-vienna-tay-nam-201-3-canh-thanh-treo/set-tu-quan-ao-go-moho-vienna-tay-nam-201-3-canh-thanh-treo_4.jpg', NOW());
INSERT IGNORE INTO app_productimage (product_id, image, date_added) VALUES (159, 'multiple/set-tu-quan-ao-go-moho-vienna-tay-nam-201-3-canh-thanh-treo/set-tu-quan-ao-go-moho-vienna-tay-nam-201-3-canh-thanh-treo_5.jpg', NOW());
REPLACE INTO app_product (id, name, price, sale_price, digital, image, description, material, size, origin, quality) VALUES (160, 'set tủ quần áo kèm tủ nóc 2m5 vienna', 10780000.0, 8490000.0, 0, 'main/set-tu-quan-ao-kem-tu-noc-2m5-vienna_1.png', 'với thiết kế tinh tế, set tủ quần áo kèm tủ nóc 2m5 vienna là lựa chọn lý tưởng cho mọi gia đình. sản phẩm sử dụng chất liệu gỗ ốc chó, đảm bảo độ bền và tính thẩm mỹ cao. thiết kế kích thước set tủ 2 cánh: d100 x r60 x c250 (cm) | set tủ 3 cánh: d150 x r60 x c250 (cm) | set tủ 4 cánh: d200, đáp ứng nhu cầu sử dụng linh hoạt. thiết kế nhiều ngăn tiện lợi. giữ không gian gọn gàng.', 'gỗ ốc chó', 'set tủ 2 cánh: d100 x r60 x c250 (cm) | set tủ 3 cánh: d150 x r60 x c250 (cm) | set tủ 4 cánh: d200 ', 'Việt Nam', 'Loại 1');
INSERT IGNORE INTO app_product_category (product_id, category_id) VALUES (160, 6);
INSERT IGNORE INTO app_productimage (product_id, image, date_added) VALUES (160, 'multiple/set-tu-quan-ao-kem-tu-noc-2m5-vienna/set-tu-quan-ao-kem-tu-noc-2m5-vienna_2.png', NOW());
INSERT IGNORE INTO app_productimage (product_id, image, date_added) VALUES (160, 'multiple/set-tu-quan-ao-kem-tu-noc-2m5-vienna/set-tu-quan-ao-kem-tu-noc-2m5-vienna_3.png', NOW());
INSERT IGNORE INTO app_productimage (product_id, image, date_added) VALUES (160, 'multiple/set-tu-quan-ao-kem-tu-noc-2m5-vienna/set-tu-quan-ao-kem-tu-noc-2m5-vienna_4.png', NOW());
INSERT IGNORE INTO app_productimage (product_id, image, date_added) VALUES (160, 'multiple/set-tu-quan-ao-kem-tu-noc-2m5-vienna/set-tu-quan-ao-kem-tu-noc-2m5-vienna_5.png', NOW());
REPLACE INTO app_product (id, name, price, sale_price, digital, image, description, material, size, origin, quality) VALUES (161, 'set tủ quần áo moho dalumd 1m8', 14180000.0, 10490000.0, 0, 'main/set-tu-quan-ao-moho-dalumd-1m8_1.jpg', 'set tủ quần áo moho dalumd 1m8 mang phong cách hiện đại, phù hợp với không gian sống ngày nay. chất liệu da / simili giúp sản phẩm chống cong vênh và dễ vệ sinh. kích thước tủ 2 cánh: dài 120 x rộng 60 x cao 200 (cm) | thanh treo: dài 60 x rộng 60 x cao 200 (cm), phù hợp với nhiều không gian. thiết kế nhiều ngăn tiện lợi. giữ không gian gọn gàng.', 'da / simili', 'tủ 2 cánh: dài 120 x rộng 60 x cao 200 (cm) | thanh treo: dài 60 x rộng 60 x cao 200 (cm)', 'Việt Nam', 'Loại 1');
INSERT IGNORE INTO app_product_category (product_id, category_id) VALUES (161, 6);
INSERT IGNORE INTO app_productimage (product_id, image, date_added) VALUES (161, 'multiple/set-tu-quan-ao-moho-dalumd-1m8/set-tu-quan-ao-moho-dalumd-1m8_2.jpg', NOW());
INSERT IGNORE INTO app_productimage (product_id, image, date_added) VALUES (161, 'multiple/set-tu-quan-ao-moho-dalumd-1m8/set-tu-quan-ao-moho-dalumd-1m8_3.jpg', NOW());
INSERT IGNORE INTO app_productimage (product_id, image, date_added) VALUES (161, 'multiple/set-tu-quan-ao-moho-dalumd-1m8/set-tu-quan-ao-moho-dalumd-1m8_4.jpg', NOW());
INSERT IGNORE INTO app_productimage (product_id, image, date_added) VALUES (161, 'multiple/set-tu-quan-ao-moho-dalumd-1m8/set-tu-quan-ao-moho-dalumd-1m8_5.jpg', NOW());
REPLACE INTO app_product (id, name, price, sale_price, digital, image, description, material, size, origin, quality) VALUES (162, 'set tủ quần áo moho hobro 301 3 cánh ngăn kệ', 17180000.0, 11990000.0, 0, 'main/set-tu-quan-ao-moho-hobro-301-3-canh-ngan-ke_1.jpg', 'với thiết kế tinh tế, set tủ quần áo moho hobro 301 3 cánh ngăn kệ là lựa chọn lý tưởng cho mọi gia đình. được hoàn thiện từ gỗ công nghiệp (mdf/mfc), sản phẩm mang lại sự chắc chắn và bền bỉ. thiết kế kích thước dài 150cm x rộng 60cm x cao 210cm, đáp ứng nhu cầu sử dụng linh hoạt. giữ không gian gọn gàng. giúp tối ưu không gian lưu trữ.', 'gỗ công nghiệp (mdf/mfc)', 'dài 150cm x rộng 60cm x cao 210cm', 'Việt Nam', 'Loại 1');
INSERT IGNORE INTO app_product_category (product_id, category_id) VALUES (162, 6);
INSERT IGNORE INTO app_productimage (product_id, image, date_added) VALUES (162, 'multiple/set-tu-quan-ao-moho-hobro-301-3-canh-ngan-ke/set-tu-quan-ao-moho-hobro-301-3-canh-ngan-ke_2.jpg', NOW());
INSERT IGNORE INTO app_productimage (product_id, image, date_added) VALUES (162, 'multiple/set-tu-quan-ao-moho-hobro-301-3-canh-ngan-ke/set-tu-quan-ao-moho-hobro-301-3-canh-ngan-ke_3.jpg', NOW());
INSERT IGNORE INTO app_productimage (product_id, image, date_added) VALUES (162, 'multiple/set-tu-quan-ao-moho-hobro-301-3-canh-ngan-ke/set-tu-quan-ao-moho-hobro-301-3-canh-ngan-ke_4.jpg', NOW());
INSERT IGNORE INTO app_productimage (product_id, image, date_added) VALUES (162, 'multiple/set-tu-quan-ao-moho-hobro-301-3-canh-ngan-ke/set-tu-quan-ao-moho-hobro-301-3-canh-ngan-ke_5.jpg', NOW());
REPLACE INTO app_product (id, name, price, sale_price, digital, image, description, material, size, origin, quality) VALUES (163, 'tủ giày – tủ trang trí gỗ moho oslo 901', 3490000.0, 2990000.0, 0, 'main/tu-giay-tu-trang-tri-go-moho-oslo-901_1.jpg', 'tủ giày – tủ trang trí gỗ moho oslo 901 nổi bật với kiểu dáng tối giản nhưng vẫn đảm bảo công năng sử dụng. được hoàn thiện từ gỗ công nghiệp (mdf/mfc), sản phẩm mang lại sự chắc chắn và bền bỉ. với kích thước dài 80cm x rộng 36cm x cao 92cm, sản phẩm tối ưu diện tích hiệu quả. giữ không gian gọn gàng. thiết kế nhiều ngăn tiện lợi.', 'gỗ công nghiệp (mdf/mfc)', 'dài 80cm x rộng 36cm x cao 92cm', 'Việt Nam', 'Loại 1');
INSERT IGNORE INTO app_product_category (product_id, category_id) VALUES (163, 6);
INSERT IGNORE INTO app_productimage (product_id, image, date_added) VALUES (163, 'multiple/tu-giay-tu-trang-tri-go-moho-oslo-901/tu-giay-tu-trang-tri-go-moho-oslo-901_2.jpg', NOW());
INSERT IGNORE INTO app_productimage (product_id, image, date_added) VALUES (163, 'multiple/tu-giay-tu-trang-tri-go-moho-oslo-901/tu-giay-tu-trang-tri-go-moho-oslo-901_3.jpg', NOW());
INSERT IGNORE INTO app_productimage (product_id, image, date_added) VALUES (163, 'multiple/tu-giay-tu-trang-tri-go-moho-oslo-901/tu-giay-tu-trang-tri-go-moho-oslo-901_4.jpg', NOW());
INSERT IGNORE INTO app_productimage (product_id, image, date_added) VALUES (163, 'multiple/tu-giay-tu-trang-tri-go-moho-oslo-901/tu-giay-tu-trang-tri-go-moho-oslo-901_5.jpg', NOW());
REPLACE INTO app_product (id, name, price, sale_price, digital, image, description, material, size, origin, quality) VALUES (164, 'tủ giày – tủ trang trí gỗ moho vienna 201', 3490000.0, 1999000.0, 0, 'main/tu-giay-tu-trang-tri-go-moho-vienna-201_1.jpg', 'với thiết kế tinh tế, tủ giày – tủ trang trí gỗ moho vienna 201 là lựa chọn lý tưởng cho mọi gia đình. chất liệu gỗ công nghiệp (mdf/mfc) giúp sản phẩm chống cong vênh và dễ vệ sinh. thiết kế kích thước dài 60cm x rộng 32cm x cao 120cm, đáp ứng nhu cầu sử dụng linh hoạt. giúp tối ưu không gian lưu trữ. thiết kế nhiều ngăn tiện lợi.', 'gỗ công nghiệp (mdf/mfc)', 'dài 60cm x rộng 32cm x cao 120cm', 'Việt Nam', 'Loại 1');
INSERT IGNORE INTO app_product_category (product_id, category_id) VALUES (164, 6);
INSERT IGNORE INTO app_productimage (product_id, image, date_added) VALUES (164, 'multiple/tu-giay-tu-trang-tri-go-moho-vienna-201/tu-giay-tu-trang-tri-go-moho-vienna-201_2.jpg', NOW());
INSERT IGNORE INTO app_productimage (product_id, image, date_added) VALUES (164, 'multiple/tu-giay-tu-trang-tri-go-moho-vienna-201/tu-giay-tu-trang-tri-go-moho-vienna-201_3.jpg', NOW());
INSERT IGNORE INTO app_productimage (product_id, image, date_added) VALUES (164, 'multiple/tu-giay-tu-trang-tri-go-moho-vienna-201/tu-giay-tu-trang-tri-go-moho-vienna-201_4.jpg', NOW());
INSERT IGNORE INTO app_productimage (product_id, image, date_added) VALUES (164, 'multiple/tu-giay-tu-trang-tri-go-moho-vienna-201/tu-giay-tu-trang-tri-go-moho-vienna-201_5.jpg', NOW());
REPLACE INTO app_product (id, name, price, sale_price, digital, image, description, material, size, origin, quality) VALUES (165, 'tủ giày – tủ trang trí gỗ moho vienna 203', 5490000.0, 2999000.0, 0, 'main/tu-giay-tu-trang-tri-go-moho-vienna-203_1.jpg', 'với thiết kế tinh tế, tủ giày – tủ trang trí gỗ moho vienna 203 là lựa chọn lý tưởng cho mọi gia đình. sản phẩm sử dụng chất liệu gỗ công nghiệp (mdf/mfc), đảm bảo độ bền và tính thẩm mỹ cao. kích thước dài 80cm x rộng 32cm x cao 120cm, phù hợp với nhiều không gian. giữ không gian gọn gàng. thiết kế nhiều ngăn tiện lợi.', 'gỗ công nghiệp (mdf/mfc)', 'dài 80cm x rộng 32cm x cao 120cm', 'Việt Nam', 'Loại 1');
INSERT IGNORE INTO app_product_category (product_id, category_id) VALUES (165, 6);
INSERT IGNORE INTO app_productimage (product_id, image, date_added) VALUES (165, 'multiple/tu-giay-tu-trang-tri-go-moho-vienna-203/tu-giay-tu-trang-tri-go-moho-vienna-203_2.jpg', NOW());
INSERT IGNORE INTO app_productimage (product_id, image, date_added) VALUES (165, 'multiple/tu-giay-tu-trang-tri-go-moho-vienna-203/tu-giay-tu-trang-tri-go-moho-vienna-203_3.jpg', NOW());
INSERT IGNORE INTO app_productimage (product_id, image, date_added) VALUES (165, 'multiple/tu-giay-tu-trang-tri-go-moho-vienna-203/tu-giay-tu-trang-tri-go-moho-vienna-203_4.jpg', NOW());
INSERT IGNORE INTO app_productimage (product_id, image, date_added) VALUES (165, 'multiple/tu-giay-tu-trang-tri-go-moho-vienna-203/tu-giay-tu-trang-tri-go-moho-vienna-203_5.jpg', NOW());
REPLACE INTO app_product (id, name, price, sale_price, digital, image, description, material, size, origin, quality) VALUES (166, 'tủ giày tủ trang trí gỗ moho vline 601', 3990000.0, 3490000.0, 0, 'main/tu-giay-tu-trang-tri-go-moho-vline-601_1.jpg', 'với thiết kế tinh tế, tủ giày tủ trang trí gỗ moho vline 601 là lựa chọn lý tưởng cho mọi gia đình. chất liệu gỗ công nghiệp (mdf/mfc) giúp sản phẩm chống cong vênh và dễ vệ sinh. thiết kế kích thước dài 80cm x rộng 41cm x cao 75cm, đáp ứng nhu cầu sử dụng linh hoạt. giữ không gian gọn gàng. giúp tối ưu không gian lưu trữ.', 'gỗ công nghiệp (mdf/mfc)', 'dài 80cm x rộng 41cm x cao 75cm', 'Việt Nam', 'Loại 1');
INSERT IGNORE INTO app_product_category (product_id, category_id) VALUES (166, 6);
INSERT IGNORE INTO app_productimage (product_id, image, date_added) VALUES (166, 'multiple/tu-giay-tu-trang-tri-go-moho-vline-601/tu-giay-tu-trang-tri-go-moho-vline-601_2.jpg', NOW());
INSERT IGNORE INTO app_productimage (product_id, image, date_added) VALUES (166, 'multiple/tu-giay-tu-trang-tri-go-moho-vline-601/tu-giay-tu-trang-tri-go-moho-vline-601_3.jpg', NOW());
INSERT IGNORE INTO app_productimage (product_id, image, date_added) VALUES (166, 'multiple/tu-giay-tu-trang-tri-go-moho-vline-601/tu-giay-tu-trang-tri-go-moho-vline-601_4.jpg', NOW());
INSERT IGNORE INTO app_productimage (product_id, image, date_added) VALUES (166, 'multiple/tu-giay-tu-trang-tri-go-moho-vline-601/tu-giay-tu-trang-tri-go-moho-vline-601_5.jpg', NOW());
REPLACE INTO app_product (id, name, price, sale_price, digital, image, description, material, size, origin, quality) VALUES (167, 'tủ giày tủ trang trí gỗ tràm moho vline 601', 3990000.0, 3490000.0, 0, 'main/tu-giay-tu-trang-tri-go-tram-moho-vline-601_1.jpg', 'tủ giày tủ trang trí gỗ tràm moho vline 601 nổi bật với kiểu dáng tối giản nhưng vẫn đảm bảo công năng sử dụng. chất liệu gỗ tràm giúp sản phẩm chống cong vênh và dễ vệ sinh. thiết kế kích thước dài 80cm x rộng 41cm x cao 75cm, đáp ứng nhu cầu sử dụng linh hoạt. thiết kế nhiều ngăn tiện lợi. giữ không gian gọn gàng.', 'gỗ tràm', 'dài 80cm x rộng 41cm x cao 75cm', 'Việt Nam', 'Loại 1');
INSERT IGNORE INTO app_product_category (product_id, category_id) VALUES (167, 6);
INSERT IGNORE INTO app_productimage (product_id, image, date_added) VALUES (167, 'multiple/tu-giay-tu-trang-tri-go-tram-moho-vline-601/tu-giay-tu-trang-tri-go-tram-moho-vline-601_2.jpg', NOW());
INSERT IGNORE INTO app_productimage (product_id, image, date_added) VALUES (167, 'multiple/tu-giay-tu-trang-tri-go-tram-moho-vline-601/tu-giay-tu-trang-tri-go-tram-moho-vline-601_3.jpg', NOW());
INSERT IGNORE INTO app_productimage (product_id, image, date_added) VALUES (167, 'multiple/tu-giay-tu-trang-tri-go-tram-moho-vline-601/tu-giay-tu-trang-tri-go-tram-moho-vline-601_4.jpg', NOW());
INSERT IGNORE INTO app_productimage (product_id, image, date_added) VALUES (167, 'multiple/tu-giay-tu-trang-tri-go-tram-moho-vline-601/tu-giay-tu-trang-tri-go-tram-moho-vline-601_5.jpg', NOW());
REPLACE INTO app_product (id, name, price, sale_price, digital, image, description, material, size, origin, quality) VALUES (168, 'tủ kệ tivi gỗ moho fiji 401', 6290000.0, 3399000.0, 0, 'main/tu-ke-tivi-go-moho-fiji-401_1.jpg', 'với thiết kế tinh tế, tủ kệ tivi gỗ moho fiji 401 là lựa chọn lý tưởng cho mọi gia đình. chất liệu gỗ công nghiệp (mdf/mfc) giúp sản phẩm chống cong vênh và dễ vệ sinh. với kích thước dài 160cm x rộng 41cm x cao 51cm, sản phẩm tối ưu diện tích hiệu quả. thiết kế nhiều ngăn tiện lợi. giúp tối ưu không gian lưu trữ.', 'gỗ công nghiệp (mdf/mfc)', 'dài 160cm x rộng 41cm x cao 51cm', 'Việt Nam', 'Loại 1');
INSERT IGNORE INTO app_product_category (product_id, category_id) VALUES (168, 6);
INSERT IGNORE INTO app_productimage (product_id, image, date_added) VALUES (168, 'multiple/tu-ke-tivi-go-moho-fiji-401/tu-ke-tivi-go-moho-fiji-401_2.jpg', NOW());
INSERT IGNORE INTO app_productimage (product_id, image, date_added) VALUES (168, 'multiple/tu-ke-tivi-go-moho-fiji-401/tu-ke-tivi-go-moho-fiji-401_3.jpg', NOW());
INSERT IGNORE INTO app_productimage (product_id, image, date_added) VALUES (168, 'multiple/tu-ke-tivi-go-moho-fiji-401/tu-ke-tivi-go-moho-fiji-401_4.jpg', NOW());
INSERT IGNORE INTO app_productimage (product_id, image, date_added) VALUES (168, 'multiple/tu-ke-tivi-go-moho-fiji-401/tu-ke-tivi-go-moho-fiji-401_5.jpg', NOW());
REPLACE INTO app_product (id, name, price, sale_price, digital, image, description, material, size, origin, quality) VALUES (169, 'tủ kệ tivi gỗ moho narvik 201 1m6', 3490000.0, 2990000.0, 0, 'main/tu-ke-tivi-go-moho-narvik-201-1m6_1.jpg', 'với thiết kế tinh tế, tủ kệ tivi gỗ moho narvik 201 1m6 là lựa chọn lý tưởng cho mọi gia đình. chất liệu gỗ tràm giúp sản phẩm chống cong vênh và dễ vệ sinh. với kích thước dài 160 x rộng 45 x cao 55 (cm), sản phẩm tối ưu diện tích hiệu quả. thiết kế nhiều ngăn tiện lợi. giúp tối ưu không gian lưu trữ.', 'gỗ tràm', 'dài 160 x rộng 45 x cao 55 (cm)', 'Việt Nam', 'Loại 1');
INSERT IGNORE INTO app_product_category (product_id, category_id) VALUES (169, 6);
INSERT IGNORE INTO app_productimage (product_id, image, date_added) VALUES (169, 'multiple/tu-ke-tivi-go-moho-narvik-201-1m6/tu-ke-tivi-go-moho-narvik-201-1m6_2.png', NOW());
INSERT IGNORE INTO app_productimage (product_id, image, date_added) VALUES (169, 'multiple/tu-ke-tivi-go-moho-narvik-201-1m6/tu-ke-tivi-go-moho-narvik-201-1m6_3.png', NOW());
INSERT IGNORE INTO app_productimage (product_id, image, date_added) VALUES (169, 'multiple/tu-ke-tivi-go-moho-narvik-201-1m6/tu-ke-tivi-go-moho-narvik-201-1m6_4.png', NOW());
INSERT IGNORE INTO app_productimage (product_id, image, date_added) VALUES (169, 'multiple/tu-ke-tivi-go-moho-narvik-201-1m6/tu-ke-tivi-go-moho-narvik-201-1m6_5.png', NOW());
REPLACE INTO app_product (id, name, price, sale_price, digital, image, description, material, size, origin, quality) VALUES (170, 'tủ kệ tivi gỗ moho oslo 201', 3790000.0, 3490000.0, 0, 'main/tu-ke-tivi-go-moho-oslo-201_1.jpg', 'với thiết kế tinh tế, tủ kệ tivi gỗ moho oslo 201 là lựa chọn lý tưởng cho mọi gia đình. sản phẩm sử dụng chất liệu gỗ công nghiệp (mdf/mfc), đảm bảo độ bền và tính thẩm mỹ cao. với kích thước dài 140/160/180 cm x rộng 40 cm x cao 60 cm, sản phẩm tối ưu diện tích hiệu quả. giúp tối ưu không gian lưu trữ. thiết kế nhiều ngăn tiện lợi.', 'gỗ công nghiệp (mdf/mfc)', 'dài 140/160/180 cm x rộng 40 cm x cao 60 cm', 'Việt Nam', 'Loại 1');
INSERT IGNORE INTO app_product_category (product_id, category_id) VALUES (170, 6);
INSERT IGNORE INTO app_productimage (product_id, image, date_added) VALUES (170, 'multiple/tu-ke-tivi-go-moho-oslo-201/tu-ke-tivi-go-moho-oslo-201_2.jpg', NOW());
INSERT IGNORE INTO app_productimage (product_id, image, date_added) VALUES (170, 'multiple/tu-ke-tivi-go-moho-oslo-201/tu-ke-tivi-go-moho-oslo-201_3.jpg', NOW());
INSERT IGNORE INTO app_productimage (product_id, image, date_added) VALUES (170, 'multiple/tu-ke-tivi-go-moho-oslo-201/tu-ke-tivi-go-moho-oslo-201_4.jpg', NOW());
INSERT IGNORE INTO app_productimage (product_id, image, date_added) VALUES (170, 'multiple/tu-ke-tivi-go-moho-oslo-201/tu-ke-tivi-go-moho-oslo-201_5.jpg', NOW());
REPLACE INTO app_product (id, name, price, sale_price, digital, image, description, material, size, origin, quality) VALUES (171, 'tủ kệ tivi gỗ moho vline 301', 4990000.0, 4490000.0, 0, 'main/tu-ke-tivi-go-moho-vline-301_1.jpg', 'với thiết kế tinh tế, tủ kệ tivi gỗ moho vline 301 là lựa chọn lý tưởng cho mọi gia đình. sản phẩm sử dụng chất liệu gỗ tự nhiên câm xe, đảm bảo độ bền và tính thẩm mỹ cao. với kích thước dài 160cm x rộng 41cm x cao 51cm, sản phẩm tối ưu diện tích hiệu quả. giữ không gian gọn gàng. thiết kế nhiều ngăn tiện lợi.', 'gỗ tự nhiên câm xe', 'dài 160cm x rộng 41cm x cao 51cm', 'Việt Nam', 'Loại 1');
INSERT IGNORE INTO app_product_category (product_id, category_id) VALUES (171, 6);
INSERT IGNORE INTO app_productimage (product_id, image, date_added) VALUES (171, 'multiple/tu-ke-tivi-go-moho-vline-301/tu-ke-tivi-go-moho-vline-301_2.jpg', NOW());
INSERT IGNORE INTO app_productimage (product_id, image, date_added) VALUES (171, 'multiple/tu-ke-tivi-go-moho-vline-301/tu-ke-tivi-go-moho-vline-301_3.jpg', NOW());
INSERT IGNORE INTO app_productimage (product_id, image, date_added) VALUES (171, 'multiple/tu-ke-tivi-go-moho-vline-301/tu-ke-tivi-go-moho-vline-301_4.jpg', NOW());
REPLACE INTO app_product (id, name, price, sale_price, digital, image, description, material, size, origin, quality) VALUES (172, 'tủ kệ tivi gỗ tràm moho vline 301', 4990000.0, 4490000.0, 0, 'main/tu-ke-tivi-go-tram-moho-vline-301_1.jpg', 'tủ kệ tivi gỗ tràm moho vline 301 mang phong cách hiện đại, phù hợp với không gian sống ngày nay. sản phẩm sử dụng chất liệu gỗ tràm, đảm bảo độ bền và tính thẩm mỹ cao. với kích thước dài 160cm x rộng 41cm x cao 51cm, sản phẩm tối ưu diện tích hiệu quả. giữ không gian gọn gàng. thiết kế nhiều ngăn tiện lợi.', 'gỗ tràm', 'dài 160cm x rộng 41cm x cao 51cm', 'Việt Nam', 'Loại 1');
INSERT IGNORE INTO app_product_category (product_id, category_id) VALUES (172, 6);
INSERT IGNORE INTO app_productimage (product_id, image, date_added) VALUES (172, 'multiple/tu-ke-tivi-go-tram-moho-vline-301/tu-ke-tivi-go-tram-moho-vline-301_2.jpg', NOW());
INSERT IGNORE INTO app_productimage (product_id, image, date_added) VALUES (172, 'multiple/tu-ke-tivi-go-tram-moho-vline-301/tu-ke-tivi-go-tram-moho-vline-301_3.jpg', NOW());
INSERT IGNORE INTO app_productimage (product_id, image, date_added) VALUES (172, 'multiple/tu-ke-tivi-go-tram-moho-vline-301/tu-ke-tivi-go-tram-moho-vline-301_4.jpg', NOW());
INSERT IGNORE INTO app_productimage (product_id, image, date_added) VALUES (172, 'multiple/tu-ke-tivi-go-tram-moho-vline-301/tu-ke-tivi-go-tram-moho-vline-301_5.jpg', NOW());
REPLACE INTO app_product (id, name, price, sale_price, digital, image, description, material, size, origin, quality) VALUES (173, 'tủ quần áo 2 cánh vline v3', 11990000.0, 9490000.0, 0, 'main/tu-quan-ao-2-canh-vline-v3_1.jpg', 'tủ quần áo 2 cánh vline v3 mang phong cách hiện đại, phù hợp với không gian sống ngày nay. sản phẩm sử dụng chất liệu gỗ công nghiệp (mdf/mfc), đảm bảo độ bền và tính thẩm mỹ cao. thiết kế kích thước dài 120cm x rộng 60cm x cao 200cm, đáp ứng nhu cầu sử dụng linh hoạt. thiết kế nhiều ngăn tiện lợi. giữ không gian gọn gàng.', 'gỗ công nghiệp (mdf/mfc)', 'dài 120cm x rộng 60cm x cao 200cm', 'Việt Nam', 'Loại 1');
INSERT IGNORE INTO app_product_category (product_id, category_id) VALUES (173, 6);
INSERT IGNORE INTO app_productimage (product_id, image, date_added) VALUES (173, 'multiple/tu-quan-ao-2-canh-vline-v3/tu-quan-ao-2-canh-vline-v3_2.jpg', NOW());
INSERT IGNORE INTO app_productimage (product_id, image, date_added) VALUES (173, 'multiple/tu-quan-ao-2-canh-vline-v3/tu-quan-ao-2-canh-vline-v3_3.jpg', NOW());
INSERT IGNORE INTO app_productimage (product_id, image, date_added) VALUES (173, 'multiple/tu-quan-ao-2-canh-vline-v3/tu-quan-ao-2-canh-vline-v3_4.jpg', NOW());
INSERT IGNORE INTO app_productimage (product_id, image, date_added) VALUES (173, 'multiple/tu-quan-ao-2-canh-vline-v3/tu-quan-ao-2-canh-vline-v3_5.jpg', NOW());
REPLACE INTO app_product (id, name, price, sale_price, digital, image, description, material, size, origin, quality) VALUES (174, 'tủ quần áo cánh kính 60cm moho astro nhiều mẫu tủ đơn', 10490000.0, 9490000.0, 0, 'main/tu-quan-ao-canh-kinh-60cm-moho-astro-nhieu-mau-tu-don_1.jpg', 'tủ quần áo cánh kính 60cm moho astro nhiều mẫu tủ đơn nổi bật với kiểu dáng tối giản nhưng vẫn đảm bảo công năng sử dụng. chất liệu gỗ công nghiệp (mdf/mfc) giúp sản phẩm chống cong vênh và dễ vệ sinh. với kích thước rộng 60cm x rộng 60cm x cao 200cm, sản phẩm tối ưu diện tích hiệu quả. giúp tối ưu không gian lưu trữ. giữ không gian gọn gàng.', 'gỗ công nghiệp (mdf/mfc)', 'rộng 60cm x rộng 60cm x cao 200cm', 'Việt Nam', 'Loại 1');
INSERT IGNORE INTO app_product_category (product_id, category_id) VALUES (174, 6);
INSERT IGNORE INTO app_productimage (product_id, image, date_added) VALUES (174, 'multiple/tu-quan-ao-canh-kinh-60cm-moho-astro-nhieu-mau-tu-don/tu-quan-ao-canh-kinh-60cm-moho-astro-nhieu-mau-tu-don_2.jpg', NOW());
INSERT IGNORE INTO app_productimage (product_id, image, date_added) VALUES (174, 'multiple/tu-quan-ao-canh-kinh-60cm-moho-astro-nhieu-mau-tu-don/tu-quan-ao-canh-kinh-60cm-moho-astro-nhieu-mau-tu-don_3.jpg', NOW());
INSERT IGNORE INTO app_productimage (product_id, image, date_added) VALUES (174, 'multiple/tu-quan-ao-canh-kinh-60cm-moho-astro-nhieu-mau-tu-don/tu-quan-ao-canh-kinh-60cm-moho-astro-nhieu-mau-tu-don_4.jpg', NOW());
INSERT IGNORE INTO app_productimage (product_id, image, date_added) VALUES (174, 'multiple/tu-quan-ao-canh-kinh-60cm-moho-astro-nhieu-mau-tu-don/tu-quan-ao-canh-kinh-60cm-moho-astro-nhieu-mau-tu-don_5.jpg', NOW());
REPLACE INTO app_product (id, name, price, sale_price, digital, image, description, material, size, origin, quality) VALUES (175, 'tủ quần áo cánh kính cao cấp 1m2 moho astro', 16990000.0, 14990000.0, 0, 'main/tu-quan-ao-canh-kinh-cao-cap-1m2-moho-astro_1.png', 'tủ quần áo cánh kính cao cấp 1m2 moho astro nổi bật với kiểu dáng tối giản nhưng vẫn đảm bảo công năng sử dụng. được hoàn thiện từ gỗ công nghiệp (mdf/mfc), sản phẩm mang lại sự chắc chắn và bền bỉ. thiết kế kích thước dài 120cm x rộng 60cm x cao 2m, đáp ứng nhu cầu sử dụng linh hoạt. giữ không gian gọn gàng. giúp tối ưu không gian lưu trữ.', 'gỗ công nghiệp (mdf/mfc)', 'dài 120cm x rộng 60cm x cao 2m', 'Việt Nam', 'Loại 1');
INSERT IGNORE INTO app_product_category (product_id, category_id) VALUES (175, 6);
INSERT IGNORE INTO app_productimage (product_id, image, date_added) VALUES (175, 'multiple/tu-quan-ao-canh-kinh-cao-cap-1m2-moho-astro/tu-quan-ao-canh-kinh-cao-cap-1m2-moho-astro_2.png', NOW());
INSERT IGNORE INTO app_productimage (product_id, image, date_added) VALUES (175, 'multiple/tu-quan-ao-canh-kinh-cao-cap-1m2-moho-astro/tu-quan-ao-canh-kinh-cao-cap-1m2-moho-astro_3.jpg', NOW());
INSERT IGNORE INTO app_productimage (product_id, image, date_added) VALUES (175, 'multiple/tu-quan-ao-canh-kinh-cao-cap-1m2-moho-astro/tu-quan-ao-canh-kinh-cao-cap-1m2-moho-astro_4.png', NOW());
INSERT IGNORE INTO app_productimage (product_id, image, date_added) VALUES (175, 'multiple/tu-quan-ao-canh-kinh-cao-cap-1m2-moho-astro/tu-quan-ao-canh-kinh-cao-cap-1m2-moho-astro_5.jpg', NOW());
REPLACE INTO app_product (id, name, price, sale_price, digital, image, description, material, size, origin, quality) VALUES (176, 'tủ quần áo cửa lùa vienna 1m2', 9290000.0, 7490000.0, 0, 'main/tu-quan-ao-cua-lua-vienna-1m2_1.png', 'tủ quần áo cửa lùa vienna 1m2 nổi bật với kiểu dáng tối giản nhưng vẫn đảm bảo công năng sử dụng. chất liệu gỗ công nghiệp (mdf/mfc) giúp sản phẩm chống cong vênh và dễ vệ sinh. với kích thước dài 120cm x rộng 60cm x cao 200cm, sản phẩm tối ưu diện tích hiệu quả. thiết kế nhiều ngăn tiện lợi. giúp tối ưu không gian lưu trữ.', 'gỗ công nghiệp (mdf/mfc)', 'dài 120cm x rộng 60cm x cao 200cm ', 'Việt Nam', 'Loại 1');
INSERT IGNORE INTO app_product_category (product_id, category_id) VALUES (176, 6);
INSERT IGNORE INTO app_productimage (product_id, image, date_added) VALUES (176, 'multiple/tu-quan-ao-cua-lua-vienna-1m2/tu-quan-ao-cua-lua-vienna-1m2_2.png', NOW());
INSERT IGNORE INTO app_productimage (product_id, image, date_added) VALUES (176, 'multiple/tu-quan-ao-cua-lua-vienna-1m2/tu-quan-ao-cua-lua-vienna-1m2_3.png', NOW());
INSERT IGNORE INTO app_productimage (product_id, image, date_added) VALUES (176, 'multiple/tu-quan-ao-cua-lua-vienna-1m2/tu-quan-ao-cua-lua-vienna-1m2_4.png', NOW());
INSERT IGNORE INTO app_productimage (product_id, image, date_added) VALUES (176, 'multiple/tu-quan-ao-cua-lua-vienna-1m2/tu-quan-ao-cua-lua-vienna-1m2_5.png', NOW());
REPLACE INTO app_product (id, name, price, sale_price, digital, image, description, material, size, origin, quality) VALUES (177, 'tủ quần áo đơn vline v3 các mẫu tủ đơn 60cm', 8990000.0, 6990000.0, 0, 'main/tu-quan-ao-don-vline-v3-cac-mau-tu-don-60cm_1.jpg', 'với thiết kế tinh tế, tủ quần áo đơn vline v3 các mẫu tủ đơn 60cm là lựa chọn lý tưởng cho mọi gia đình. được hoàn thiện từ gỗ công nghiệp (mdf/mfc), sản phẩm mang lại sự chắc chắn và bền bỉ. với kích thước dài 60cm x rộng 60cm x cao 200cm, sản phẩm tối ưu diện tích hiệu quả. giúp tối ưu không gian lưu trữ. giữ không gian gọn gàng.', 'gỗ công nghiệp (mdf/mfc)', 'dài 60cm x rộng 60cm x cao 200cm', 'Việt Nam', 'Loại 1');
INSERT IGNORE INTO app_product_category (product_id, category_id) VALUES (177, 6);
INSERT IGNORE INTO app_productimage (product_id, image, date_added) VALUES (177, 'multiple/tu-quan-ao-don-vline-v3-cac-mau-tu-don-60cm/tu-quan-ao-don-vline-v3-cac-mau-tu-don-60cm_2.jpg', NOW());
INSERT IGNORE INTO app_productimage (product_id, image, date_added) VALUES (177, 'multiple/tu-quan-ao-don-vline-v3-cac-mau-tu-don-60cm/tu-quan-ao-don-vline-v3-cac-mau-tu-don-60cm_3.jpg', NOW());
INSERT IGNORE INTO app_productimage (product_id, image, date_added) VALUES (177, 'multiple/tu-quan-ao-don-vline-v3-cac-mau-tu-don-60cm/tu-quan-ao-don-vline-v3-cac-mau-tu-don-60cm_4.jpg', NOW());
INSERT IGNORE INTO app_productimage (product_id, image, date_added) VALUES (177, 'multiple/tu-quan-ao-don-vline-v3-cac-mau-tu-don-60cm/tu-quan-ao-don-vline-v3-cac-mau-tu-don-60cm_5.jpg', NOW());
REPLACE INTO app_product (id, name, price, sale_price, digital, image, description, material, size, origin, quality) VALUES (178, 'tủ quần áo gỗ  moho hobro 301 2 cánh', 10990000.0, 9990000.0, 0, 'main/tu-quan-ao-go-moho-hobro-301-2-canh_1.jpg', 'với thiết kế tinh tế, tủ quần áo gỗ  moho hobro 301 2 cánh là lựa chọn lý tưởng cho mọi gia đình. sản phẩm sử dụng chất liệu gỗ công nghiệp (mdf/mfc), đảm bảo độ bền và tính thẩm mỹ cao. kích thước dài 100cm x rộng 60cm x cao 210cm, phù hợp với nhiều không gian. giữ không gian gọn gàng. thiết kế nhiều ngăn tiện lợi.', 'gỗ công nghiệp (mdf/mfc)', 'dài 100cm x rộng 60cm x cao 210cm', 'Việt Nam', 'Loại 1');
INSERT IGNORE INTO app_product_category (product_id, category_id) VALUES (178, 6);
INSERT IGNORE INTO app_productimage (product_id, image, date_added) VALUES (178, 'multiple/tu-quan-ao-go-moho-hobro-301-2-canh/tu-quan-ao-go-moho-hobro-301-2-canh_2.jpg', NOW());
INSERT IGNORE INTO app_productimage (product_id, image, date_added) VALUES (178, 'multiple/tu-quan-ao-go-moho-hobro-301-2-canh/tu-quan-ao-go-moho-hobro-301-2-canh_3.png', NOW());
INSERT IGNORE INTO app_productimage (product_id, image, date_added) VALUES (178, 'multiple/tu-quan-ao-go-moho-hobro-301-2-canh/tu-quan-ao-go-moho-hobro-301-2-canh_4.png', NOW());
INSERT IGNORE INTO app_productimage (product_id, image, date_added) VALUES (178, 'multiple/tu-quan-ao-go-moho-hobro-301-2-canh/tu-quan-ao-go-moho-hobro-301-2-canh_5.jpg', NOW());
REPLACE INTO app_product (id, name, price, sale_price, digital, image, description, material, size, origin, quality) VALUES (179, 'tủ quần áo gỗ 1m6 moho monza 4 cánh', 11990000.0, 8990000.0, 0, 'main/tu-quan-ao-go-1m6-moho-monza-4-canh_1.jpg', 'tủ quần áo gỗ 1m6 moho monza 4 cánh nổi bật với kiểu dáng tối giản nhưng vẫn đảm bảo công năng sử dụng. được hoàn thiện từ gỗ công nghiệp (mdf/mfc), sản phẩm mang lại sự chắc chắn và bền bỉ. kích thước dài 160 x rộng 60 x cao 200 cm, phù hợp với nhiều không gian. giữ không gian gọn gàng. giúp tối ưu không gian lưu trữ.', 'gỗ công nghiệp (mdf/mfc)', 'dài 160 x rộng 60 x cao 200 cm', 'Việt Nam', 'Loại 1');
INSERT IGNORE INTO app_product_category (product_id, category_id) VALUES (179, 6);
INSERT IGNORE INTO app_productimage (product_id, image, date_added) VALUES (179, 'multiple/tu-quan-ao-go-1m6-moho-monza-4-canh/tu-quan-ao-go-1m6-moho-monza-4-canh_2.jpg', NOW());
INSERT IGNORE INTO app_productimage (product_id, image, date_added) VALUES (179, 'multiple/tu-quan-ao-go-1m6-moho-monza-4-canh/tu-quan-ao-go-1m6-moho-monza-4-canh_3.jpg', NOW());
INSERT IGNORE INTO app_productimage (product_id, image, date_added) VALUES (179, 'multiple/tu-quan-ao-go-1m6-moho-monza-4-canh/tu-quan-ao-go-1m6-moho-monza-4-canh_4.jpg', NOW());
INSERT IGNORE INTO app_productimage (product_id, image, date_added) VALUES (179, 'multiple/tu-quan-ao-go-1m6-moho-monza-4-canh/tu-quan-ao-go-1m6-moho-monza-4-canh_5.jpg', NOW());
REPLACE INTO app_product (id, name, price, sale_price, digital, image, description, material, size, origin, quality) VALUES (180, 'tủ quần áo gỗ 2 cánh moho vienna 201 4 màu', 8190000.0, 6990000.0, 0, 'main/tu-quan-ao-go-2-canh-moho-vienna-201-4-mau_1.jpg', 'tủ quần áo gỗ 2 cánh moho vienna 201 4 màu nổi bật với kiểu dáng tối giản nhưng vẫn đảm bảo công năng sử dụng. được hoàn thiện từ gỗ tự nhiên câm xe, sản phẩm mang lại sự chắc chắn và bền bỉ. thiết kế kích thước dài 100cm x rộng 60cm x cao 2m1, đáp ứng nhu cầu sử dụng linh hoạt. giữ không gian gọn gàng. giúp tối ưu không gian lưu trữ.', 'gỗ tự nhiên câm xe', 'dài 100cm x rộng 60cm x cao 2m1 ', 'Việt Nam', 'Loại 1');
INSERT IGNORE INTO app_product_category (product_id, category_id) VALUES (180, 6);
INSERT IGNORE INTO app_productimage (product_id, image, date_added) VALUES (180, 'multiple/tu-quan-ao-go-2-canh-moho-vienna-201-4-mau/tu-quan-ao-go-2-canh-moho-vienna-201-4-mau_2.jpg', NOW());
INSERT IGNORE INTO app_productimage (product_id, image, date_added) VALUES (180, 'multiple/tu-quan-ao-go-2-canh-moho-vienna-201-4-mau/tu-quan-ao-go-2-canh-moho-vienna-201-4-mau_3.jpg', NOW());
INSERT IGNORE INTO app_productimage (product_id, image, date_added) VALUES (180, 'multiple/tu-quan-ao-go-2-canh-moho-vienna-201-4-mau/tu-quan-ao-go-2-canh-moho-vienna-201-4-mau_4.jpg', NOW());
INSERT IGNORE INTO app_productimage (product_id, image, date_added) VALUES (180, 'multiple/tu-quan-ao-go-2-canh-moho-vienna-201-4-mau/tu-quan-ao-go-2-canh-moho-vienna-201-4-mau_5.jpg', NOW());
REPLACE INTO app_product (id, name, price, sale_price, digital, image, description, material, size, origin, quality) VALUES (181, 'tủ quần áo gỗ hobro 301 kệ ngăn', 6190000.0, 5290000.0, 0, 'main/tu-quan-ao-go-hobro-301-ke-ngan_1.png', 'với thiết kế tinh tế, tủ quần áo gỗ hobro 301 kệ ngăn là lựa chọn lý tưởng cho mọi gia đình. được hoàn thiện từ gỗ công nghiệp (mdf/mfc), sản phẩm mang lại sự chắc chắn và bền bỉ. thiết kế kích thước dài 50cm x rộng 60cm x cao 210cm, đáp ứng nhu cầu sử dụng linh hoạt. giúp tối ưu không gian lưu trữ. thiết kế nhiều ngăn tiện lợi.', 'gỗ công nghiệp (mdf/mfc)', 'dài 50cm x rộng 60cm x cao 210cm', 'Việt Nam', 'Loại 1');
INSERT IGNORE INTO app_product_category (product_id, category_id) VALUES (181, 6);
INSERT IGNORE INTO app_productimage (product_id, image, date_added) VALUES (181, 'multiple/tu-quan-ao-go-hobro-301-ke-ngan/tu-quan-ao-go-hobro-301-ke-ngan_2.png', NOW());
INSERT IGNORE INTO app_productimage (product_id, image, date_added) VALUES (181, 'multiple/tu-quan-ao-go-hobro-301-ke-ngan/tu-quan-ao-go-hobro-301-ke-ngan_3.png', NOW());
INSERT IGNORE INTO app_productimage (product_id, image, date_added) VALUES (181, 'multiple/tu-quan-ao-go-hobro-301-ke-ngan/tu-quan-ao-go-hobro-301-ke-ngan_4.png', NOW());
INSERT IGNORE INTO app_productimage (product_id, image, date_added) VALUES (181, 'multiple/tu-quan-ao-go-hobro-301-ke-ngan/tu-quan-ao-go-hobro-301-ke-ngan_5.png', NOW());
REPLACE INTO app_product (id, name, price, sale_price, digital, image, description, material, size, origin, quality) VALUES (182, 'tủ quần áo gỗ hobro 301 thanh treo', 6190000.0, 5290000.0, 0, 'main/tu-quan-ao-go-hobro-301-thanh-treo_1.png', 'với thiết kế tinh tế, tủ quần áo gỗ hobro 301 thanh treo là lựa chọn lý tưởng cho mọi gia đình. được hoàn thiện từ gỗ công nghiệp (mdf/mfc), sản phẩm mang lại sự chắc chắn và bền bỉ. thiết kế kích thước dài 50cm x rộng 60cm x cao 210cm, đáp ứng nhu cầu sử dụng linh hoạt. giữ không gian gọn gàng. thiết kế nhiều ngăn tiện lợi.', 'gỗ công nghiệp (mdf/mfc)', 'dài 50cm x rộng 60cm x cao 210cm', 'Việt Nam', 'Loại 1');
INSERT IGNORE INTO app_product_category (product_id, category_id) VALUES (182, 6);
INSERT IGNORE INTO app_productimage (product_id, image, date_added) VALUES (182, 'multiple/tu-quan-ao-go-hobro-301-thanh-treo/tu-quan-ao-go-hobro-301-thanh-treo_2.png', NOW());
INSERT IGNORE INTO app_productimage (product_id, image, date_added) VALUES (182, 'multiple/tu-quan-ao-go-hobro-301-thanh-treo/tu-quan-ao-go-hobro-301-thanh-treo_3.png', NOW());
INSERT IGNORE INTO app_productimage (product_id, image, date_added) VALUES (182, 'multiple/tu-quan-ao-go-hobro-301-thanh-treo/tu-quan-ao-go-hobro-301-thanh-treo_4.png', NOW());
INSERT IGNORE INTO app_productimage (product_id, image, date_added) VALUES (182, 'multiple/tu-quan-ao-go-hobro-301-thanh-treo/tu-quan-ao-go-hobro-301-thanh-treo_5.png', NOW());
REPLACE INTO app_product (id, name, price, sale_price, digital, image, description, material, size, origin, quality) VALUES (183, 'tủ quần áo gỗ kệ ngăn moho vienna 201 4 màu', 4990000.0, 4490000.0, 0, 'main/tu-quan-ao-go-ke-ngan-moho-vienna-201-4-mau_1.jpg', 'với thiết kế tinh tế, tủ quần áo gỗ kệ ngăn moho vienna 201 4 màu là lựa chọn lý tưởng cho mọi gia đình. chất liệu gỗ công nghiệp (mdf/mfc) giúp sản phẩm chống cong vênh và dễ vệ sinh. kích thước dài 50cm x rộng 60cm x cao 2m1, phù hợp với nhiều không gian. thiết kế nhiều ngăn tiện lợi. giúp tối ưu không gian lưu trữ.', 'gỗ công nghiệp (mdf/mfc)', 'dài 50cm x rộng 60cm x cao 2m1 ', 'Việt Nam', 'Loại 1');
INSERT IGNORE INTO app_product_category (product_id, category_id) VALUES (183, 6);
INSERT IGNORE INTO app_productimage (product_id, image, date_added) VALUES (183, 'multiple/tu-quan-ao-go-ke-ngan-moho-vienna-201-4-mau/tu-quan-ao-go-ke-ngan-moho-vienna-201-4-mau_2.jpg', NOW());
INSERT IGNORE INTO app_productimage (product_id, image, date_added) VALUES (183, 'multiple/tu-quan-ao-go-ke-ngan-moho-vienna-201-4-mau/tu-quan-ao-go-ke-ngan-moho-vienna-201-4-mau_3.png', NOW());
INSERT IGNORE INTO app_productimage (product_id, image, date_added) VALUES (183, 'multiple/tu-quan-ao-go-ke-ngan-moho-vienna-201-4-mau/tu-quan-ao-go-ke-ngan-moho-vienna-201-4-mau_4.png', NOW());
INSERT IGNORE INTO app_productimage (product_id, image, date_added) VALUES (183, 'multiple/tu-quan-ao-go-ke-ngan-moho-vienna-201-4-mau/tu-quan-ao-go-ke-ngan-moho-vienna-201-4-mau_5.png', NOW());
REPLACE INTO app_product (id, name, price, sale_price, digital, image, description, material, size, origin, quality) VALUES (184, 'tủ quần áo gỗ kệ ngăn moho vienna tay nắm 201 4 màu', 4490000.0, 2999000.0, 0, 'main/tu-quan-ao-go-ke-ngan-moho-vienna-tay-nam-201-4-mau_1.jpg', 'với thiết kế tinh tế, tủ quần áo gỗ kệ ngăn moho vienna tay nắm 201 4 màu là lựa chọn lý tưởng cho mọi gia đình. chất liệu gỗ tự nhiên câm xe giúp sản phẩm chống cong vênh và dễ vệ sinh. thiết kế kích thước dài 50cm x rộng 60cm x cao 2m1, đáp ứng nhu cầu sử dụng linh hoạt. thiết kế nhiều ngăn tiện lợi. giữ không gian gọn gàng.', 'gỗ tự nhiên câm xe', 'dài 50cm x rộng 60cm x cao 2m1', 'Việt Nam', 'Loại 1');
INSERT IGNORE INTO app_product_category (product_id, category_id) VALUES (184, 6);
INSERT IGNORE INTO app_productimage (product_id, image, date_added) VALUES (184, 'multiple/tu-quan-ao-go-ke-ngan-moho-vienna-tay-nam-201-4-mau/tu-quan-ao-go-ke-ngan-moho-vienna-tay-nam-201-4-mau_2.jpg', NOW());
INSERT IGNORE INTO app_productimage (product_id, image, date_added) VALUES (184, 'multiple/tu-quan-ao-go-ke-ngan-moho-vienna-tay-nam-201-4-mau/tu-quan-ao-go-ke-ngan-moho-vienna-tay-nam-201-4-mau_3.jpg', NOW());
INSERT IGNORE INTO app_productimage (product_id, image, date_added) VALUES (184, 'multiple/tu-quan-ao-go-ke-ngan-moho-vienna-tay-nam-201-4-mau/tu-quan-ao-go-ke-ngan-moho-vienna-tay-nam-201-4-mau_4.jpg', NOW());
INSERT IGNORE INTO app_productimage (product_id, image, date_added) VALUES (184, 'multiple/tu-quan-ao-go-ke-ngan-moho-vienna-tay-nam-201-4-mau/tu-quan-ao-go-ke-ngan-moho-vienna-tay-nam-201-4-mau_5.jpg', NOW());
REPLACE INTO app_product (id, name, price, sale_price, digital, image, description, material, size, origin, quality) VALUES (185, 'tủ quần áo gỗ moho dalumd 2 cánh (1m2)', 8990000.0, 7490000.0, 0, 'main/tu-quan-ao-go-moho-dalumd-2-canh-1m2_1.jpg', 'tủ quần áo gỗ moho dalumd 2 cánh (1m2) mang phong cách hiện đại, phù hợp với không gian sống ngày nay. sản phẩm sử dụng chất liệu gỗ công nghiệp (mdf/mfc), đảm bảo độ bền và tính thẩm mỹ cao. với kích thước dài 120 x rộng 60 x cao 200 cm, sản phẩm tối ưu diện tích hiệu quả. giữ không gian gọn gàng. thiết kế nhiều ngăn tiện lợi.', 'gỗ công nghiệp (mdf/mfc)', 'dài 120 x rộng 60 x cao 200 cm', 'Việt Nam', 'Loại 1');
INSERT IGNORE INTO app_product_category (product_id, category_id) VALUES (185, 6);
INSERT IGNORE INTO app_productimage (product_id, image, date_added) VALUES (185, 'multiple/tu-quan-ao-go-moho-dalumd-2-canh-1m2/tu-quan-ao-go-moho-dalumd-2-canh-1m2_2.jpg', NOW());
INSERT IGNORE INTO app_productimage (product_id, image, date_added) VALUES (185, 'multiple/tu-quan-ao-go-moho-dalumd-2-canh-1m2/tu-quan-ao-go-moho-dalumd-2-canh-1m2_3.png', NOW());
INSERT IGNORE INTO app_productimage (product_id, image, date_added) VALUES (185, 'multiple/tu-quan-ao-go-moho-dalumd-2-canh-1m2/tu-quan-ao-go-moho-dalumd-2-canh-1m2_4.jpg', NOW());
INSERT IGNORE INTO app_productimage (product_id, image, date_added) VALUES (185, 'multiple/tu-quan-ao-go-moho-dalumd-2-canh-1m2/tu-quan-ao-go-moho-dalumd-2-canh-1m2_5.jpg', NOW());
REPLACE INTO app_product (id, name, price, sale_price, digital, image, description, material, size, origin, quality) VALUES (186, 'tủ quần áo gỗ moho dalumd 3 hộc kéo', 7490000.0, 5490000.0, 0, 'main/tu-quan-ao-go-moho-dalumd-3-hoc-keo_1.jpg', 'với thiết kế tinh tế, tủ quần áo gỗ moho dalumd 3 hộc kéo là lựa chọn lý tưởng cho mọi gia đình. chất liệu gỗ công nghiệp (mdf/mfc) giúp sản phẩm chống cong vênh và dễ vệ sinh. kích thước dài 120 x rộng 60 x cao 200 cm, phù hợp với nhiều không gian. giữ không gian gọn gàng. thiết kế nhiều ngăn tiện lợi.', 'gỗ công nghiệp (mdf/mfc)', 'dài 120 x rộng 60 x cao 200 cm', 'Việt Nam', 'Loại 1');
INSERT IGNORE INTO app_product_category (product_id, category_id) VALUES (186, 6);
INSERT IGNORE INTO app_productimage (product_id, image, date_added) VALUES (186, 'multiple/tu-quan-ao-go-moho-dalumd-3-hoc-keo/tu-quan-ao-go-moho-dalumd-3-hoc-keo_2.jpg', NOW());
INSERT IGNORE INTO app_productimage (product_id, image, date_added) VALUES (186, 'multiple/tu-quan-ao-go-moho-dalumd-3-hoc-keo/tu-quan-ao-go-moho-dalumd-3-hoc-keo_3.jpg', NOW());
INSERT IGNORE INTO app_productimage (product_id, image, date_added) VALUES (186, 'multiple/tu-quan-ao-go-moho-dalumd-3-hoc-keo/tu-quan-ao-go-moho-dalumd-3-hoc-keo_4.jpg', NOW());
INSERT IGNORE INTO app_productimage (product_id, image, date_added) VALUES (186, 'multiple/tu-quan-ao-go-moho-dalumd-3-hoc-keo/tu-quan-ao-go-moho-dalumd-3-hoc-keo_5.jpg', NOW());
REPLACE INTO app_product (id, name, price, sale_price, digital, image, description, material, size, origin, quality) VALUES (187, 'tủ quần áo gỗ moho dalumd ngăn kệ', 5190000.0, 4490000.0, 0, 'main/tu-quan-ao-go-moho-dalumd-ngan-ke_1.jpg', 'tủ quần áo gỗ moho dalumd ngăn kệ mang phong cách hiện đại, phù hợp với không gian sống ngày nay. chất liệu gỗ công nghiệp (mdf/mfc) giúp sản phẩm chống cong vênh và dễ vệ sinh. thiết kế kích thước dài 60 x rộng 60 x cao 200 cm, đáp ứng nhu cầu sử dụng linh hoạt. giúp tối ưu không gian lưu trữ. giữ không gian gọn gàng.', 'gỗ công nghiệp (mdf/mfc)', 'dài 60 x rộng 60 x cao 200 cm ', 'Việt Nam', 'Loại 1');
INSERT IGNORE INTO app_product_category (product_id, category_id) VALUES (187, 6);
INSERT IGNORE INTO app_productimage (product_id, image, date_added) VALUES (187, 'multiple/tu-quan-ao-go-moho-dalumd-ngan-ke/tu-quan-ao-go-moho-dalumd-ngan-ke_2.jpg', NOW());
INSERT IGNORE INTO app_productimage (product_id, image, date_added) VALUES (187, 'multiple/tu-quan-ao-go-moho-dalumd-ngan-ke/tu-quan-ao-go-moho-dalumd-ngan-ke_3.jpg', NOW());
INSERT IGNORE INTO app_productimage (product_id, image, date_added) VALUES (187, 'multiple/tu-quan-ao-go-moho-dalumd-ngan-ke/tu-quan-ao-go-moho-dalumd-ngan-ke_4.jpg', NOW());
INSERT IGNORE INTO app_productimage (product_id, image, date_added) VALUES (187, 'multiple/tu-quan-ao-go-moho-dalumd-ngan-ke/tu-quan-ao-go-moho-dalumd-ngan-ke_5.jpg', NOW());
REPLACE INTO app_product (id, name, price, sale_price, digital, image, description, material, size, origin, quality) VALUES (188, 'tủ quần áo gỗ moho dalumd thanh treo', 5190000.0, 4490000.0, 0, 'main/tu-quan-ao-go-moho-dalumd-thanh-treo_1.jpg', 'tủ quần áo gỗ moho dalumd thanh treo nổi bật với kiểu dáng tối giản nhưng vẫn đảm bảo công năng sử dụng. chất liệu gỗ công nghiệp (mdf/mfc) giúp sản phẩm chống cong vênh và dễ vệ sinh. kích thước dài 60 x rộng 60 x cao 200 cm, phù hợp với nhiều không gian. thiết kế nhiều ngăn tiện lợi. giúp tối ưu không gian lưu trữ.', 'gỗ công nghiệp (mdf/mfc)', 'dài 60 x rộng 60 x cao 200 cm ', 'Việt Nam', 'Loại 1');
INSERT IGNORE INTO app_product_category (product_id, category_id) VALUES (188, 6);
INSERT IGNORE INTO app_productimage (product_id, image, date_added) VALUES (188, 'multiple/tu-quan-ao-go-moho-dalumd-thanh-treo/tu-quan-ao-go-moho-dalumd-thanh-treo_2.jpg', NOW());
INSERT IGNORE INTO app_productimage (product_id, image, date_added) VALUES (188, 'multiple/tu-quan-ao-go-moho-dalumd-thanh-treo/tu-quan-ao-go-moho-dalumd-thanh-treo_3.jpg', NOW());
INSERT IGNORE INTO app_productimage (product_id, image, date_added) VALUES (188, 'multiple/tu-quan-ao-go-moho-dalumd-thanh-treo/tu-quan-ao-go-moho-dalumd-thanh-treo_4.jpg', NOW());
INSERT IGNORE INTO app_productimage (product_id, image, date_added) VALUES (188, 'multiple/tu-quan-ao-go-moho-dalumd-thanh-treo/tu-quan-ao-go-moho-dalumd-thanh-treo_5.jpg', NOW());
REPLACE INTO app_product (id, name, price, sale_price, digital, image, description, material, size, origin, quality) VALUES (189, 'tủ quần áo gỗ thanh treo moho vienna 201 4 màu', 4490000.0, 2499000.0, 0, 'main/tu-quan-ao-go-thanh-treo-moho-vienna-201-4-mau_2.png', 'với thiết kế tinh tế, tủ quần áo gỗ thanh treo moho vienna 201 4 màu là lựa chọn lý tưởng cho mọi gia đình. được hoàn thiện từ gỗ tự nhiên câm xe, sản phẩm mang lại sự chắc chắn và bền bỉ. thiết kế kích thước dài 50cm x rộng 60cm x cao 210cm, đáp ứng nhu cầu sử dụng linh hoạt. giữ không gian gọn gàng. thiết kế nhiều ngăn tiện lợi.', 'gỗ tự nhiên câm xe', 'dài 50cm x rộng 60cm x cao 210cm ', 'Việt Nam', 'Loại 1');
INSERT IGNORE INTO app_product_category (product_id, category_id) VALUES (189, 6);
INSERT IGNORE INTO app_productimage (product_id, image, date_added) VALUES (189, 'multiple/tu-quan-ao-go-thanh-treo-moho-vienna-201-4-mau/tu-quan-ao-go-thanh-treo-moho-vienna-201-4-mau_3.png', NOW());
INSERT IGNORE INTO app_productimage (product_id, image, date_added) VALUES (189, 'multiple/tu-quan-ao-go-thanh-treo-moho-vienna-201-4-mau/tu-quan-ao-go-thanh-treo-moho-vienna-201-4-mau_4.png', NOW());
INSERT IGNORE INTO app_productimage (product_id, image, date_added) VALUES (189, 'multiple/tu-quan-ao-go-thanh-treo-moho-vienna-201-4-mau/tu-quan-ao-go-thanh-treo-moho-vienna-201-4-mau_5.png', NOW());
INSERT IGNORE INTO app_productimage (product_id, image, date_added) VALUES (189, 'multiple/tu-quan-ao-go-thanh-treo-moho-vienna-201-4-mau/tu-quan-ao-go-thanh-treo-moho-vienna-201-4-mau_6.png', NOW());
REPLACE INTO app_product (id, name, price, sale_price, digital, image, description, material, size, origin, quality) VALUES (190, 'tủ quần áo gỗ thanh treo moho vienna tay nắm 201 4 màu', 4490000.0, 3299000.0, 0, 'main/tu-quan-ao-go-thanh-treo-moho-vienna-tay-nam-201-4-mau_1.jpg', 'tủ quần áo gỗ thanh treo moho vienna tay nắm 201 4 màu nổi bật với kiểu dáng tối giản nhưng vẫn đảm bảo công năng sử dụng. được hoàn thiện từ gỗ tự nhiên câm xe, sản phẩm mang lại sự chắc chắn và bền bỉ. kích thước dài 50cm x rộng 60cm x cao 2m1, phù hợp với nhiều không gian. giúp tối ưu không gian lưu trữ. thiết kế nhiều ngăn tiện lợi.', 'gỗ tự nhiên câm xe', 'dài 50cm x rộng 60cm x cao 2m1 ', 'Việt Nam', 'Loại 1');
INSERT IGNORE INTO app_product_category (product_id, category_id) VALUES (190, 6);
INSERT IGNORE INTO app_productimage (product_id, image, date_added) VALUES (190, 'multiple/tu-quan-ao-go-thanh-treo-moho-vienna-tay-nam-201-4-mau/tu-quan-ao-go-thanh-treo-moho-vienna-tay-nam-201-4-mau_2.jpg', NOW());
INSERT IGNORE INTO app_productimage (product_id, image, date_added) VALUES (190, 'multiple/tu-quan-ao-go-thanh-treo-moho-vienna-tay-nam-201-4-mau/tu-quan-ao-go-thanh-treo-moho-vienna-tay-nam-201-4-mau_3.jpg', NOW());
INSERT IGNORE INTO app_productimage (product_id, image, date_added) VALUES (190, 'multiple/tu-quan-ao-go-thanh-treo-moho-vienna-tay-nam-201-4-mau/tu-quan-ao-go-thanh-treo-moho-vienna-tay-nam-201-4-mau_4.jpg', NOW());
INSERT IGNORE INTO app_productimage (product_id, image, date_added) VALUES (190, 'multiple/tu-quan-ao-go-thanh-treo-moho-vienna-tay-nam-201-4-mau/tu-quan-ao-go-thanh-treo-moho-vienna-tay-nam-201-4-mau_5.jpg', NOW());
REPLACE INTO app_product (id, name, price, sale_price, digital, image, description, material, size, origin, quality) VALUES (191, 'tủ quần áo nóc moho vienna', 1590000.0, 1490000.0, 0, 'main/tu-quan-ao-noc-moho-vienna_1.png', 'với thiết kế tinh tế, tủ quần áo nóc moho vienna là lựa chọn lý tưởng cho mọi gia đình. sản phẩm sử dụng chất liệu gỗ tự nhiên câm xe, đảm bảo độ bền và tính thẩm mỹ cao. thiết kế kích thước tủ đơn: d50 x r60 x c40 (cm) | tủ 2 cánh: d100 x r60 x c40 (cm) | tủ 3 cánh: d150 x r60 x c40 (cm), đáp ứng nhu cầu sử dụng linh hoạt. thiết kế nhiều ngăn tiện lợi. giúp tối ưu không gian lưu trữ.', 'gỗ tự nhiên câm xe', 'tủ đơn: d50 x r60 x c40 (cm) | tủ 2 cánh: d100 x r60 x c40 (cm) | tủ 3 cánh: d150 x r60 x c40 (cm)', 'Việt Nam', 'Loại 1');
INSERT IGNORE INTO app_product_category (product_id, category_id) VALUES (191, 6);
INSERT IGNORE INTO app_productimage (product_id, image, date_added) VALUES (191, 'multiple/tu-quan-ao-noc-moho-vienna/tu-quan-ao-noc-moho-vienna_2.png', NOW());
INSERT IGNORE INTO app_productimage (product_id, image, date_added) VALUES (191, 'multiple/tu-quan-ao-noc-moho-vienna/tu-quan-ao-noc-moho-vienna_3.png', NOW());
INSERT IGNORE INTO app_productimage (product_id, image, date_added) VALUES (191, 'multiple/tu-quan-ao-noc-moho-vienna/tu-quan-ao-noc-moho-vienna_4.png', NOW());
INSERT IGNORE INTO app_productimage (product_id, image, date_added) VALUES (191, 'multiple/tu-quan-ao-noc-moho-vienna/tu-quan-ao-noc-moho-vienna_5.png', NOW());
REPLACE INTO app_product (id, name, price, sale_price, digital, image, description, material, size, origin, quality) VALUES (192, 'tủ quần áo ubeda ngăn kệ 201 có gương nhiều kích thước', 9980000.0, 6999000.0, 0, 'main/tu-quan-ao-ubeda-ngan-ke-201-co-guong-nhieu-kich-thuoc_1.png', 'tủ quần áo ubeda ngăn kệ 201 có gương nhiều kích thước mang phong cách hiện đại, phù hợp với không gian sống ngày nay. sản phẩm sử dụng chất liệu gỗ cao su, đảm bảo độ bền và tính thẩm mỹ cao. kích thước tủ quần áo 2 cánh 1m2: dài 120 x rộng 60 x cao 200 (cm) | 1 tủ ngăn kệ có gương: dài 60 x rộng 60 x cao 220, phù hợp với nhiều không gian. thiết kế nhiều ngăn tiện lợi. giúp tối ưu không gian lưu trữ.', 'gỗ cao su', 'tủ quần áo 2 cánh 1m2: dài 120 x rộng 60 x cao 200 (cm) | 1 tủ ngăn kệ có gương: dài 60 x rộng 60 x cao 220', 'Việt Nam', 'Loại 1');
INSERT IGNORE INTO app_product_category (product_id, category_id) VALUES (192, 6);
INSERT IGNORE INTO app_productimage (product_id, image, date_added) VALUES (192, 'multiple/tu-quan-ao-ubeda-ngan-ke-201-co-guong-nhieu-kich-thuoc/tu-quan-ao-ubeda-ngan-ke-201-co-guong-nhieu-kich-thuoc_2.png', NOW());
INSERT IGNORE INTO app_productimage (product_id, image, date_added) VALUES (192, 'multiple/tu-quan-ao-ubeda-ngan-ke-201-co-guong-nhieu-kich-thuoc/tu-quan-ao-ubeda-ngan-ke-201-co-guong-nhieu-kich-thuoc_3.png', NOW());
INSERT IGNORE INTO app_productimage (product_id, image, date_added) VALUES (192, 'multiple/tu-quan-ao-ubeda-ngan-ke-201-co-guong-nhieu-kich-thuoc/tu-quan-ao-ubeda-ngan-ke-201-co-guong-nhieu-kich-thuoc_4.png', NOW());
INSERT IGNORE INTO app_productimage (product_id, image, date_added) VALUES (192, 'multiple/tu-quan-ao-ubeda-ngan-ke-201-co-guong-nhieu-kich-thuoc/tu-quan-ao-ubeda-ngan-ke-201-co-guong-nhieu-kich-thuoc_5.png', NOW());
REPLACE INTO app_product (id, name, price, sale_price, digital, image, description, material, size, origin, quality) VALUES (193, 'tủ quần áo vienna tay nắm ver 1 h50', 3999000.0, 3240000.0, 0, 'main/tu-quan-ao-vienna-tay-nam-ver-1-h50_1.jpg', 'với thiết kế tinh tế, tủ quần áo vienna tay nắm ver 1 h50 là lựa chọn lý tưởng cho mọi gia đình. chất liệu gỗ tự nhiên câm xe giúp sản phẩm chống cong vênh và dễ vệ sinh. kích thước dài 120 x rộng 60 x cao 200 (cm), phù hợp với nhiều không gian. giữ không gian gọn gàng. thiết kế nhiều ngăn tiện lợi.', 'gỗ tự nhiên câm xe', 'dài 120 x rộng 60 x cao 200 (cm)', 'Việt Nam', 'Loại 1');
INSERT IGNORE INTO app_product_category (product_id, category_id) VALUES (193, 6);
INSERT IGNORE INTO app_productimage (product_id, image, date_added) VALUES (193, 'multiple/tu-quan-ao-vienna-tay-nam-ver-1-h50/tu-quan-ao-vienna-tay-nam-ver-1-h50_2.jpg', NOW());
INSERT IGNORE INTO app_productimage (product_id, image, date_added) VALUES (193, 'multiple/tu-quan-ao-vienna-tay-nam-ver-1-h50/tu-quan-ao-vienna-tay-nam-ver-1-h50_3.jpg', NOW());
INSERT IGNORE INTO app_productimage (product_id, image, date_added) VALUES (193, 'multiple/tu-quan-ao-vienna-tay-nam-ver-1-h50/tu-quan-ao-vienna-tay-nam-ver-1-h50_4.jpg', NOW());
SET FOREIGN_KEY_CHECKS = 1;