SET FOREIGN_KEY_CHECKS = 0;
USE sale_tmdt;
INSERT INTO app_category (id, name, slug, is_sub) VALUES (1, 'Sofa & Ghế', 'sofa-ghe', 0) ON DUPLICATE KEY UPDATE name=name;
INSERT INTO app_category (id, name, slug, is_sub) VALUES (2, 'Giường ngủ', 'giuong-ngu', 0) ON DUPLICATE KEY UPDATE name=name;
INSERT INTO app_category (id, name, slug, is_sub) VALUES (3, 'Tủ kệ', 'tu-ke', 0) ON DUPLICATE KEY UPDATE name=name;
INSERT INTO app_category (id, name, slug, is_sub) VALUES (4, 'Nệm', 'nem', 0) ON DUPLICATE KEY UPDATE name=name;
INSERT INTO app_category (id, name, slug, is_sub) VALUES (5, 'Nội thất khác', 'noi-that-khac', 0) ON DUPLICATE KEY UPDATE name=name;
INSERT INTO app_category (id, name, slug, is_sub) VALUES (6, 'Combo phòng ngủ', 'combo-phong-ngu', 0) ON DUPLICATE KEY UPDATE name=name;
INSERT INTO app_category (id, name, slug, is_sub) VALUES (7, 'Bàn ghế ăn', 'ban-ghe-an', 0) ON DUPLICATE KEY UPDATE name=name;
REPLACE INTO app_product (id, name, price, sale_price, digital, image, description, material, size, origin, quality) VALUES (1, 'Ghế Armchair Thư Giãn Kèm Đôn MOHO OLLY', 18480000, 9990000, 0, 'main/ghe-armchair-thu-gian-kem-don-moho-olly_1.png', 'Ưu điểm nổi bật Thiết kế thanh thoát cho không gian nhẹ nhàng OLLY không đi theo xu hướng ghế bành đồ sộ hay sofa đơn thiên về hình khối nặng.', 'Gỗ câm xe tự nhiên', 'Ghế armchair (ghế bành): D920xW500xH840 cm | Ghế đôn: D630xW630xH400 | - Vải: 100% polyester; trượt ', 'Việt Nam', 'Loại 1');
INSERT IGNORE INTO app_product_category (product_id, category_id) VALUES (1, 1);
INSERT IGNORE INTO app_productimage (product_id, image, date_added) VALUES (1, 'multiple/ghe-armchair-thu-gian-kem-don-moho-olly/ghe-armchair-thu-gian-kem-don-moho-olly_2.jpg', NOW());
INSERT IGNORE INTO app_productimage (product_id, image, date_added) VALUES (1, 'multiple/ghe-armchair-thu-gian-kem-don-moho-olly/ghe-armchair-thu-gian-kem-don-moho-olly_3.jpg', NOW());
INSERT IGNORE INTO app_productimage (product_id, image, date_added) VALUES (1, 'multiple/ghe-armchair-thu-gian-kem-don-moho-olly/ghe-armchair-thu-gian-kem-don-moho-olly_4.jpg', NOW());
INSERT IGNORE INTO app_productimage (product_id, image, date_added) VALUES (1, 'multiple/ghe-armchair-thu-gian-kem-don-moho-olly/ghe-armchair-thu-gian-kem-don-moho-olly_5.jpg', NOW());
REPLACE INTO app_product (id, name, price, sale_price, digital, image, description, material, size, origin, quality) VALUES (2, 'Giường Ngủ Bọc Vải Phong Cách Ý MOHO COMET', 16990000, 11990000, 0, 'main/giuong-ngu-boc-vai-phong-cach-y-moho-comet_1.png', 'Đặc điểm nổi bật Công nghệ Hybrid: Sự kết hợp giữa vải dệt Texture và da PU Mẫu giường bọc vải cao cấp này ghi điểm tuyệt đối nhờ cách phối trộn vật liệu thông minh, tối ưu cả về công năng lẫn thẩm mỹ: Bề mặt tiếp xúc chính: Sử dụng dòng vải dệt Texture cao cấp với kỹ thuật đan sợi Mélange.', 'Gỗ câm xe tự nhiên', '1m6: W2160xD2300xH1150H mm, | 1m8: W2360xD2300xH1150H mm | 1m6 : W2160xD2300xH1150H mm,', 'Việt Nam', 'Loại 1');
INSERT IGNORE INTO app_product_category (product_id, category_id) VALUES (2, 2);
INSERT IGNORE INTO app_productimage (product_id, image, date_added) VALUES (2, 'multiple/giuong-ngu-boc-vai-phong-cach-y-moho-comet/giuong-ngu-boc-vai-phong-cach-y-moho-comet_2.png', NOW());
INSERT IGNORE INTO app_productimage (product_id, image, date_added) VALUES (2, 'multiple/giuong-ngu-boc-vai-phong-cach-y-moho-comet/giuong-ngu-boc-vai-phong-cach-y-moho-comet_3.png', NOW());
INSERT IGNORE INTO app_productimage (product_id, image, date_added) VALUES (2, 'multiple/giuong-ngu-boc-vai-phong-cach-y-moho-comet/giuong-ngu-boc-vai-phong-cach-y-moho-comet_4.png', NOW());
INSERT IGNORE INTO app_productimage (product_id, image, date_added) VALUES (2, 'multiple/giuong-ngu-boc-vai-phong-cach-y-moho-comet/giuong-ngu-boc-vai-phong-cach-y-moho-comet_5.png', NOW());
REPLACE INTO app_product (id, name, price, sale_price, digital, image, description, material, size, origin, quality) VALUES (3, 'Giường Ngủ Bọc Da Cao Cấp Hiện Đại MOHO BLINK', 17490000, 13990000, 0, 'main/giuong-ngu-boc-da-cao-cap-hien-dai-moho-blink_1.png', 'Đặc điểm nổi bật Ngôn ngữ thiết kế Modern Modular: tối giản nhưng không lạnh lẽo.', 'MFC chuẩn CARB-P2 (*)', 'Giường 1m6: W1750 x L2355x H1120H mm | Giường 1m8:W1950 x L2355 x H1120H mm | Sự êm ái: Lớp đệm Mous', 'Việt Nam', 'Loại 1');
INSERT IGNORE INTO app_product_category (product_id, category_id) VALUES (3, 2);
INSERT IGNORE INTO app_productimage (product_id, image, date_added) VALUES (3, 'multiple/giuong-ngu-boc-da-cao-cap-hien-dai-moho-blink/giuong-ngu-boc-da-cao-cap-hien-dai-moho-blink_2.png', NOW());
INSERT IGNORE INTO app_productimage (product_id, image, date_added) VALUES (3, 'multiple/giuong-ngu-boc-da-cao-cap-hien-dai-moho-blink/giuong-ngu-boc-da-cao-cap-hien-dai-moho-blink_3.png', NOW());
INSERT IGNORE INTO app_productimage (product_id, image, date_added) VALUES (3, 'multiple/giuong-ngu-boc-da-cao-cap-hien-dai-moho-blink/giuong-ngu-boc-da-cao-cap-hien-dai-moho-blink_4.png', NOW());
INSERT IGNORE INTO app_productimage (product_id, image, date_added) VALUES (3, 'multiple/giuong-ngu-boc-da-cao-cap-hien-dai-moho-blink/giuong-ngu-boc-da-cao-cap-hien-dai-moho-blink_5.png', NOW());
REPLACE INTO app_product (id, name, price, sale_price, digital, image, description, material, size, origin, quality) VALUES (4, 'Combo Tủ Quần Áo Cánh Kính MOHO ASTRO - Nhiều kích thước', 27480000, 22990000, 0, 'main/combo-tu-quan-ao-canh-kinh-moho-astro-nhieu-kich-thuoc_1.png', 'Combo Tủ Quần Áo Cánh Kính ASTRO Giải Pháp Lưu Trữ Cao Cấp Cho Phòng Ngủ Hiện Đại Combo tủ quần áo kính ASTRO mang đến giải pháp lưu trữ cao cấp cho phòng ngủ hiện đại , kết hợp giữa cánh kính xám khói , khung nhôm sơn tĩnh điện và hệ đèn Led tạo hiệu ứng ánh sáng sang trọng.', 'MFC/MDF tiêu chuẩn CARB P2', 'Tủ đôi : Ngang 120cm x Sâu 60cm x Cao 200cm | Tủ đơn : Ngang 60cm x Rộng 60cm x Cao 200cm | - Thân t', 'Việt Nam', 'Loại 1');
INSERT IGNORE INTO app_product_category (product_id, category_id) VALUES (4, 3);
INSERT IGNORE INTO app_productimage (product_id, image, date_added) VALUES (4, 'multiple/combo-tu-quan-ao-canh-kinh-moho-astro-nhieu-kich-thuoc/combo-tu-quan-ao-canh-kinh-moho-astro-nhieu-kich-thuoc_2.png', NOW());
INSERT IGNORE INTO app_productimage (product_id, image, date_added) VALUES (4, 'multiple/combo-tu-quan-ao-canh-kinh-moho-astro-nhieu-kich-thuoc/combo-tu-quan-ao-canh-kinh-moho-astro-nhieu-kich-thuoc_3.png', NOW());
INSERT IGNORE INTO app_productimage (product_id, image, date_added) VALUES (4, 'multiple/combo-tu-quan-ao-canh-kinh-moho-astro-nhieu-kich-thuoc/combo-tu-quan-ao-canh-kinh-moho-astro-nhieu-kich-thuoc_4.png', NOW());
INSERT IGNORE INTO app_productimage (product_id, image, date_added) VALUES (4, 'multiple/combo-tu-quan-ao-canh-kinh-moho-astro-nhieu-kich-thuoc/combo-tu-quan-ao-canh-kinh-moho-astro-nhieu-kich-thuoc_5.png', NOW());
REPLACE INTO app_product (id, name, price, sale_price, digital, image, description, material, size, origin, quality) VALUES (5, 'Tủ Quần Áo Cánh Kính 60cm MOHO ASTRO - Nhiều mẫu tủ đơn', 10490000, 9490000, 0, 'main/tu-quan-ao-canh-kinh-60cm-moho-astro-nhieu-mau-tu-don_1.jpg', 'Tủ Đơn Cánh Kính MOHO ASTRO 60cm Giải Pháp Lưu Trữ Linh Hoạt Và Sang Trọng Tủ đơn cánh kính ASTRO là lựa chọn tối ưu cho không gian sống hiện đại, nơi tính thẩm mỹ và công năng được đặt lên hàng đầu.', 'MFC chuẩn CARB-P2 (*)', 'Kích thước : Sâu 60cm x Rộng 60cm x Cao 200cm | Thân tủ: Gỗ MFC phủ Melamine chuẩn CARB-P2 (*) | Lưn', 'Việt Nam', 'Loại 1');
INSERT IGNORE INTO app_product_category (product_id, category_id) VALUES (5, 3);
INSERT IGNORE INTO app_productimage (product_id, image, date_added) VALUES (5, 'multiple/tu-quan-ao-canh-kinh-60cm-moho-astro-nhieu-mau-tu-don/tu-quan-ao-canh-kinh-60cm-moho-astro-nhieu-mau-tu-don_2.jpg', NOW());
INSERT IGNORE INTO app_productimage (product_id, image, date_added) VALUES (5, 'multiple/tu-quan-ao-canh-kinh-60cm-moho-astro-nhieu-mau-tu-don/tu-quan-ao-canh-kinh-60cm-moho-astro-nhieu-mau-tu-don_3.jpg', NOW());
INSERT IGNORE INTO app_productimage (product_id, image, date_added) VALUES (5, 'multiple/tu-quan-ao-canh-kinh-60cm-moho-astro-nhieu-mau-tu-don/tu-quan-ao-canh-kinh-60cm-moho-astro-nhieu-mau-tu-don_4.jpg', NOW());
INSERT IGNORE INTO app_productimage (product_id, image, date_added) VALUES (5, 'multiple/tu-quan-ao-canh-kinh-60cm-moho-astro-nhieu-mau-tu-don/tu-quan-ao-canh-kinh-60cm-moho-astro-nhieu-mau-tu-don_5.jpg', NOW());
REPLACE INTO app_product (id, name, price, sale_price, digital, image, description, material, size, origin, quality) VALUES (6, 'Tủ Đầu Giường VIENNA (Màu gỗ phối trắng)', 1890000, 1690000, 0, 'main/tu-dau-giuong-vienna-mau-go-phoi-trang_1.png', 'Ưu điểm nổi bật Thiết kế tối giản, đường nét tinh tế, dễ kết hợp với nhiều phong cách nội thất và các mẫu giường ngủ của MOHO Phối màu trắng - vân gỗ sáng giúp không gian phòng ngủ thông thoáng và dịu mắt, theo chuẩn Bắc Ấu Kích thước gọn gàng, phù hợp với phòng ngủ chung cư và nhà phố hiện đại.', 'MFC chuẩn CARB-P2 (*)', 'Kích thước: W50 x D40 x H45 cm | Vật liệu: MFC chuẩn CARB-P2 (*)', 'Việt Nam', 'Loại 1');
INSERT IGNORE INTO app_product_category (product_id, category_id) VALUES (6, 2);
INSERT IGNORE INTO app_productimage (product_id, image, date_added) VALUES (6, 'multiple/tu-dau-giuong-vienna-mau-go-phoi-trang/tu-dau-giuong-vienna-mau-go-phoi-trang_2.jpg', NOW());
INSERT IGNORE INTO app_productimage (product_id, image, date_added) VALUES (6, 'multiple/tu-dau-giuong-vienna-mau-go-phoi-trang/tu-dau-giuong-vienna-mau-go-phoi-trang_3.jpg', NOW());
INSERT IGNORE INTO app_productimage (product_id, image, date_added) VALUES (6, 'multiple/tu-dau-giuong-vienna-mau-go-phoi-trang/tu-dau-giuong-vienna-mau-go-phoi-trang_4.jpg', NOW());
INSERT IGNORE INTO app_productimage (product_id, image, date_added) VALUES (6, 'multiple/tu-dau-giuong-vienna-mau-go-phoi-trang/tu-dau-giuong-vienna-mau-go-phoi-trang_5.jpg', NOW());
REPLACE INTO app_product (id, name, price, sale_price, digital, image, description, material, size, origin, quality) VALUES (7, 'Giường Ngủ Bọc Vải Cao Cấp MOHO BOND', 17490000, 13490000, 0, 'main/giuong-ngu-boc-vai-cao-cap-moho-bond_1.png', 'Ưu điểm nổi bật của giường ngủ bọc vải MOHO BOND Đầu giường êm ái, tạo điểm tựa thoải mái cho lưng khi ngồi Phần tựa đầu bọc nệm dày mang lại cảm giác dễ chịu khi ngồi đọc sách, xem phim hay làm việc nhẹ trên giường – một trải nghiệm rất êm ái trong không gian ngủ hiện đại.', 'Gỗ câm xe tự nhiên', '✅ ISO 105 - X12 - Bền màu khi ma sát: 4/5 (khô & ướt) | Size 1m8 : Rộng 200 × Dài 240 × Cao 115 cm |', 'Việt Nam', 'Loại 1');
INSERT IGNORE INTO app_product_category (product_id, category_id) VALUES (7, 2);
INSERT IGNORE INTO app_productimage (product_id, image, date_added) VALUES (7, 'multiple/giuong-ngu-boc-vai-cao-cap-moho-bond/giuong-ngu-boc-vai-cao-cap-moho-bond_2.jpg', NOW());
INSERT IGNORE INTO app_productimage (product_id, image, date_added) VALUES (7, 'multiple/giuong-ngu-boc-vai-cao-cap-moho-bond/giuong-ngu-boc-vai-cao-cap-moho-bond_3.jpg', NOW());
INSERT IGNORE INTO app_productimage (product_id, image, date_added) VALUES (7, 'multiple/giuong-ngu-boc-vai-cao-cap-moho-bond/giuong-ngu-boc-vai-cao-cap-moho-bond_4.jpg', NOW());
INSERT IGNORE INTO app_productimage (product_id, image, date_added) VALUES (7, 'multiple/giuong-ngu-boc-vai-cao-cap-moho-bond/giuong-ngu-boc-vai-cao-cap-moho-bond_5.jpg', NOW());
REPLACE INTO app_product (id, name, price, sale_price, digital, image, description, material, size, origin, quality) VALUES (8, 'Nệm Foam Moho Sleep Balance', 8990000, 7990000, 0, 'main/nem-foam-moho-sleep-balance_1.png', 'Ưu điểm nổi bật Mút hoạt tính siêu mềm 09 ILD – ôm sát và phân tán áp lực tốt Lõi foam cắt công nghệ đặc biệt – thoáng khí và nâng đỡ theo vùng Thiết kế chống trượt – ổn định khi sử dụng Vỏ bọc tháo rời – dễ vệ sinh tại nhà Cấu tạo & tính năng nổi bật 1.', 'Gỗ câm xe tự nhiên', 'Kích thước: R140/160/180 x D200 x C20 cm | Kích thước: 140/160/180 x 200 x 20 cm', 'Việt Nam', 'Loại 1');
INSERT IGNORE INTO app_product_category (product_id, category_id) VALUES (8, 4);
INSERT IGNORE INTO app_productimage (product_id, image, date_added) VALUES (8, 'multiple/nem-foam-moho-sleep-balance/nem-foam-moho-sleep-balance_2.png', NOW());
INSERT IGNORE INTO app_productimage (product_id, image, date_added) VALUES (8, 'multiple/nem-foam-moho-sleep-balance/nem-foam-moho-sleep-balance_3.png', NOW());
INSERT IGNORE INTO app_productimage (product_id, image, date_added) VALUES (8, 'multiple/nem-foam-moho-sleep-balance/nem-foam-moho-sleep-balance_4.png', NOW());
INSERT IGNORE INTO app_productimage (product_id, image, date_added) VALUES (8, 'multiple/nem-foam-moho-sleep-balance/nem-foam-moho-sleep-balance_5.png', NOW());
REPLACE INTO app_product (id, name, price, sale_price, digital, image, description, material, size, origin, quality) VALUES (9, 'Tủ Quần Áo Cánh Kính Cao Cấp 1m2 MOHO ASTRO', 16990000, 14990000, 0, 'main/tu-quan-ao-canh-kinh-cao-cap-1m2-moho-astro_1.png', 'Ưu điểm nổi bật • Cánh kính xám khói kết hợp khung nhôm đen sơn tĩnh điện - Vẻ đẹp sang trọng đầy cuốn hút Lớp kính cường lực xám khói tạo hiệu ứng phản chiếu nhẹ, giúp tủ trở thành điểm nhấn thẩm mỹ.', 'Gỗ câm xe tự nhiên', 'Kích thước : Ngang 120cm x Sâu 60cm x Cao 2m | - Thân tủ: Gỗ MFC phủ Melamine chuẩn CARB-P2 (*) | - ', 'Việt Nam', 'Loại 1');
INSERT IGNORE INTO app_product_category (product_id, category_id) VALUES (9, 3);
INSERT IGNORE INTO app_productimage (product_id, image, date_added) VALUES (9, 'multiple/tu-quan-ao-canh-kinh-cao-cap-1m2-moho-astro/tu-quan-ao-canh-kinh-cao-cap-1m2-moho-astro_2.png', NOW());
INSERT IGNORE INTO app_productimage (product_id, image, date_added) VALUES (9, 'multiple/tu-quan-ao-canh-kinh-cao-cap-1m2-moho-astro/tu-quan-ao-canh-kinh-cao-cap-1m2-moho-astro_3.jpg', NOW());
INSERT IGNORE INTO app_productimage (product_id, image, date_added) VALUES (9, 'multiple/tu-quan-ao-canh-kinh-cao-cap-1m2-moho-astro/tu-quan-ao-canh-kinh-cao-cap-1m2-moho-astro_4.png', NOW());
INSERT IGNORE INTO app_productimage (product_id, image, date_added) VALUES (9, 'multiple/tu-quan-ao-canh-kinh-cao-cap-1m2-moho-astro/tu-quan-ao-canh-kinh-cao-cap-1m2-moho-astro_5.jpg', NOW());
REPLACE INTO app_product (id, name, price, sale_price, digital, image, description, material, size, origin, quality) VALUES (10, 'Combo Tủ Quần Áo VLINE V3', 20980000, 15490000, 0, 'main/combo-tu-quan-ao-vline-v3_1.jpg', 'Đặc điểm nổi bật của các combo tủ quần áo VLINE Combo: Tủ 2 cánh + Tủ kệ ngăn Phù hợp cho: gia đình trẻ, phòng ngủ nhỏ 8–12m².', 'Gỗ công nghiệp MFC/ MDF phủ melamine chuẩn CARB P2', 'Tủ 2 cánh VLINE : Dài 120cm x Sâu 60cm x Cao 200cm | Tủ đơn VLINE :  Dài 60cm x Sâu 60cm x Cao 200cm', 'Việt Nam', 'Loại 1');
INSERT IGNORE INTO app_product_category (product_id, category_id) VALUES (10, 3);
INSERT IGNORE INTO app_productimage (product_id, image, date_added) VALUES (10, 'multiple/combo-tu-quan-ao-vline-v3/combo-tu-quan-ao-vline-v3_2.jpg', NOW());
INSERT IGNORE INTO app_productimage (product_id, image, date_added) VALUES (10, 'multiple/combo-tu-quan-ao-vline-v3/combo-tu-quan-ao-vline-v3_3.jpg', NOW());
INSERT IGNORE INTO app_productimage (product_id, image, date_added) VALUES (10, 'multiple/combo-tu-quan-ao-vline-v3/combo-tu-quan-ao-vline-v3_4.jpg', NOW());
INSERT IGNORE INTO app_productimage (product_id, image, date_added) VALUES (10, 'multiple/combo-tu-quan-ao-vline-v3/combo-tu-quan-ao-vline-v3_5.jpg', NOW());
REPLACE INTO app_product (id, name, price, sale_price, digital, image, description, material, size, origin, quality) VALUES (11, 'Tủ Quần Áo Đơn VLINE V3 - Các Mẫu Tủ Đơn 60cm', 8990000, 6990000, 0, 'main/tu-quan-ao-don-vline-v3-cac-mau-tu-don-60cm_1.jpg', 'Tủ Áo VLINE Module 60 cm Giải Pháp Lưu Trữ linh Hoạt Để Tối Ưu Không Gian Thuộc bộ sưu tập VLINE , các loại tủ quần áo module 60cm VLINE mang đến giải pháp lưu trữ hiện đại, linh hoạt cho không gian sống Việt.', 'Gỗ công nghiệp MFC/ MDF phủ melamine chuẩn CARB P2', 'Kích thước: Dài 60cm x Sâu 60cm x Cao 200cm | Chất liệu: Gỗ công nghiệp MFC/ MDF phủ melamine chuẩn ', 'Việt Nam', 'Loại 1');
INSERT IGNORE INTO app_product_category (product_id, category_id) VALUES (11, 3);
INSERT IGNORE INTO app_productimage (product_id, image, date_added) VALUES (11, 'multiple/tu-quan-ao-don-vline-v3-cac-mau-tu-don-60cm/tu-quan-ao-don-vline-v3-cac-mau-tu-don-60cm_2.jpg', NOW());
INSERT IGNORE INTO app_productimage (product_id, image, date_added) VALUES (11, 'multiple/tu-quan-ao-don-vline-v3-cac-mau-tu-don-60cm/tu-quan-ao-don-vline-v3-cac-mau-tu-don-60cm_3.jpg', NOW());
INSERT IGNORE INTO app_productimage (product_id, image, date_added) VALUES (11, 'multiple/tu-quan-ao-don-vline-v3-cac-mau-tu-don-60cm/tu-quan-ao-don-vline-v3-cac-mau-tu-don-60cm_4.jpg', NOW());
INSERT IGNORE INTO app_productimage (product_id, image, date_added) VALUES (11, 'multiple/tu-quan-ao-don-vline-v3-cac-mau-tu-don-60cm/tu-quan-ao-don-vline-v3-cac-mau-tu-don-60cm_5.jpg', NOW());
REPLACE INTO app_product (id, name, price, sale_price, digital, image, description, material, size, origin, quality) VALUES (12, 'Tủ Quần Áo 2 Cánh VLINE V3', 11990000, 9490000, 0, 'main/tu-quan-ao-2-canh-vline-v3_1.jpg', 'Đặc điểm nổi bật Hai lựa chọn màu sắc: Nâu trầm sang trọng và tự nhiên sáng tinh tế – dễ phối cùng nhiều phong cách nội thất.', 'Gỗ công nghiệp MFC/ MDF phủ melamine chuẩn CARB P2', 'Kích thước: Dài 120cm x Sâu 60cm x Cao 200cm | Chất liệu: Gỗ công nghiệp MFC/ MDF phủ melamine chuẩn', 'Việt Nam', 'Loại 1');
INSERT IGNORE INTO app_product_category (product_id, category_id) VALUES (12, 3);
INSERT IGNORE INTO app_productimage (product_id, image, date_added) VALUES (12, 'multiple/tu-quan-ao-2-canh-vline-v3/tu-quan-ao-2-canh-vline-v3_2.jpg', NOW());
INSERT IGNORE INTO app_productimage (product_id, image, date_added) VALUES (12, 'multiple/tu-quan-ao-2-canh-vline-v3/tu-quan-ao-2-canh-vline-v3_3.jpg', NOW());
INSERT IGNORE INTO app_productimage (product_id, image, date_added) VALUES (12, 'multiple/tu-quan-ao-2-canh-vline-v3/tu-quan-ao-2-canh-vline-v3_4.jpg', NOW());
INSERT IGNORE INTO app_productimage (product_id, image, date_added) VALUES (12, 'multiple/tu-quan-ao-2-canh-vline-v3/tu-quan-ao-2-canh-vline-v3_5.jpg', NOW());
REPLACE INTO app_product (id, name, price, sale_price, digital, image, description, material, size, origin, quality) VALUES (13, 'Bộ Nội Thất Phòng Khách MOHO DALUMD', 22070000, 13490000, 0, 'main/bo-noi-that-phong-khach-moho-dalumd_1.jpg', 'Ưu điểm nổi bật Đơn giản mà tinh tế: Loại bỏ chi tiết thừa, giữ lại điều cốt lõi – công năng và cảm xúc.', 'Gỗ công nghiệp MFC/ MDF phủ melamine chuẩn CARB P2', 'An toàn & bền vững: Gỗ đạt chuẩn CARB-P2 , giảm phát thải Formaldehyde.', 'Việt Nam', 'Loại 1');
INSERT IGNORE INTO app_product_category (product_id, category_id) VALUES (13, 5);
INSERT IGNORE INTO app_productimage (product_id, image, date_added) VALUES (13, 'multiple/bo-noi-that-phong-khach-moho-dalumd/bo-noi-that-phong-khach-moho-dalumd_2.jpg', NOW());
INSERT IGNORE INTO app_productimage (product_id, image, date_added) VALUES (13, 'multiple/bo-noi-that-phong-khach-moho-dalumd/bo-noi-that-phong-khach-moho-dalumd_3.jpg', NOW());
INSERT IGNORE INTO app_productimage (product_id, image, date_added) VALUES (13, 'multiple/bo-noi-that-phong-khach-moho-dalumd/bo-noi-that-phong-khach-moho-dalumd_4.jpg', NOW());
INSERT IGNORE INTO app_productimage (product_id, image, date_added) VALUES (13, 'multiple/bo-noi-that-phong-khach-moho-dalumd/bo-noi-that-phong-khach-moho-dalumd_5.jpg', NOW());
REPLACE INTO app_product (id, name, price, sale_price, digital, image, description, material, size, origin, quality) VALUES (14, 'Combo Phòng Ăn MOHO KOSTER Màu Nâu', 12350000, 8490000, 0, 'main/combo-phong-an-moho-koster-mau-nau_1.jpg', 'Ưu Điểm Nổi Bật Bộ sản phẩm gồm bàn ăn và 4 ghế đồng bộ, thiết kế gọn gàng và cân đối, phù hợp với căn hộ vừa và nhỏ Thiết kế Mid-Century thanh lịch: Tỷ lệ cân đối, chân bàn và ghế thu vát nhẹ giúp tổng thể thanh thoát, tinh tế và mang đậm dấu ấn thập niên 60.', 'Gỗ cao su và gỗ MFC/ MDF chuẩn CARB P2 (*)', 'COMBO gồm: 1 bàn ăn 1m4 và 4 ghế ăn | 1 Bàn Ăn (MFDTCDD01.B14): W1400 X D700 X H750 | 4 Ghế Ăn (MFDC', 'Việt Nam', 'Loại 1');
INSERT IGNORE INTO app_product_category (product_id, category_id) VALUES (14, 6);
INSERT IGNORE INTO app_productimage (product_id, image, date_added) VALUES (14, 'multiple/combo-phong-an-moho-koster-mau-nau/combo-phong-an-moho-koster-mau-nau_2.jpg', NOW());
INSERT IGNORE INTO app_productimage (product_id, image, date_added) VALUES (14, 'multiple/combo-phong-an-moho-koster-mau-nau/combo-phong-an-moho-koster-mau-nau_3.png', NOW());
INSERT IGNORE INTO app_productimage (product_id, image, date_added) VALUES (14, 'multiple/combo-phong-an-moho-koster-mau-nau/combo-phong-an-moho-koster-mau-nau_4.png', NOW());
INSERT IGNORE INTO app_productimage (product_id, image, date_added) VALUES (14, 'multiple/combo-phong-an-moho-koster-mau-nau/combo-phong-an-moho-koster-mau-nau_5.png', NOW());
REPLACE INTO app_product (id, name, price, sale_price, digital, image, description, material, size, origin, quality) VALUES (15, 'Combo Giường Tủ Quần Áo VLINE V3', 21980000, 16990000, 0, 'main/combo-giuong-tu-quan-ao-vline-v3_1.png', 'Đặc điểm nổi bật: Tủ 2 cánh VLINE đáp ứng nhu cầu lưu trữ cơ bản (treo – gấp) Giường thiết kế tối giản , giúp không gian trông thoáng và rộng hơn.', 'Gỗ công nghiệp MFC/ MDF phủ melamine chuẩn CARB P2', 'Tủ 2 cánh VLINE : Dài 120cm x Sâu 60cm x Cao 200cm | Tủ đơn VLINE :  Dài 60cm x Sâu 60cm x Cao 200cm', 'Việt Nam', 'Loại 1');
INSERT IGNORE INTO app_product_category (product_id, category_id) VALUES (15, 2);
INSERT IGNORE INTO app_productimage (product_id, image, date_added) VALUES (15, 'multiple/combo-giuong-tu-quan-ao-vline-v3/combo-giuong-tu-quan-ao-vline-v3_2.png', NOW());
INSERT IGNORE INTO app_productimage (product_id, image, date_added) VALUES (15, 'multiple/combo-giuong-tu-quan-ao-vline-v3/combo-giuong-tu-quan-ao-vline-v3_3.png', NOW());
INSERT IGNORE INTO app_productimage (product_id, image, date_added) VALUES (15, 'multiple/combo-giuong-tu-quan-ao-vline-v3/combo-giuong-tu-quan-ao-vline-v3_4.png', NOW());
INSERT IGNORE INTO app_productimage (product_id, image, date_added) VALUES (15, 'multiple/combo-giuong-tu-quan-ao-vline-v3/combo-giuong-tu-quan-ao-vline-v3_5.jpg', NOW());
REPLACE INTO app_product (id, name, price, sale_price, digital, image, description, material, size, origin, quality) VALUES (16, 'Tủ Đầu Giường Gỗ Tần Bì Cao Cấp SCARLET - MOHO Signature', 5990000, 4990000, 0, 'main/tu-dau-giuong-go-tan-bi-cao-cap-scarlet-moho-signature_1.jpg', 'Ưu điểm nổi bật của tủ đầu giường SCARLET Thiết kế vuông vức – nhỏ gọn hiện đại Kích thước lý tưởng, dễ dàng đặt cạnh giường ngủ trong mọi loại không gian: căn hộ, nhà phố hay phòng ngủ tối giản.', 'Mặt top: MDF phủ veneer Thân & chân: Gỗ tự nhiên Ash Hộc kéo: Gỗ PB phủ Melamin chống ẩm', 'Kích thước: Dài 55 × Rộng 55 × Cao 50 (cm) | Kích thước: Dài 55 × Rộng 55 × Cao 50 (cm)', 'Việt Nam', 'Loại 1');
INSERT IGNORE INTO app_product_category (product_id, category_id) VALUES (16, 2);
INSERT IGNORE INTO app_productimage (product_id, image, date_added) VALUES (16, 'multiple/tu-dau-giuong-go-tan-bi-cao-cap-scarlet-moho-signature/tu-dau-giuong-go-tan-bi-cao-cap-scarlet-moho-signature_2.jpg', NOW());
INSERT IGNORE INTO app_productimage (product_id, image, date_added) VALUES (16, 'multiple/tu-dau-giuong-go-tan-bi-cao-cap-scarlet-moho-signature/tu-dau-giuong-go-tan-bi-cao-cap-scarlet-moho-signature_3.jpg', NOW());
INSERT IGNORE INTO app_productimage (product_id, image, date_added) VALUES (16, 'multiple/tu-dau-giuong-go-tan-bi-cao-cap-scarlet-moho-signature/tu-dau-giuong-go-tan-bi-cao-cap-scarlet-moho-signature_4.jpg', NOW());
INSERT IGNORE INTO app_productimage (product_id, image, date_added) VALUES (16, 'multiple/tu-dau-giuong-go-tan-bi-cao-cap-scarlet-moho-signature/tu-dau-giuong-go-tan-bi-cao-cap-scarlet-moho-signature_5.jpg', NOW());
REPLACE INTO app_product (id, name, price, sale_price, digital, image, description, material, size, origin, quality) VALUES (17, 'Combo Phòng Ngủ SCARLET - MOHO Signature', 25980000, 21990000, 0, 'main/combo-phong-ngu-scarlet-moho-signature_1.jpg', 'Đặc điểm nổi bật SCARLET chính là sự kết hợp hoàn hảo giữa thiết kế Ý đương đại – chất liệu cao cấp – công năng thông minh – và phong cách sống sang trọng .', 'Gỗ công nghiệp MFC/ MDF phủ melamine chuẩn CARB P2', '- Giường ngủ : D173 × R212 × C90 cm | - Tủ quần áo : D180 × R60 × C210 cm | - Tủ đầu giường : D55 × ', 'Việt Nam', 'Loại 1');
INSERT IGNORE INTO app_product_category (product_id, category_id) VALUES (17, 6);
INSERT IGNORE INTO app_productimage (product_id, image, date_added) VALUES (17, 'multiple/combo-phong-ngu-scarlet-moho-signature/combo-phong-ngu-scarlet-moho-signature_2.jpg', NOW());
INSERT IGNORE INTO app_productimage (product_id, image, date_added) VALUES (17, 'multiple/combo-phong-ngu-scarlet-moho-signature/combo-phong-ngu-scarlet-moho-signature_3.jpg', NOW());
INSERT IGNORE INTO app_productimage (product_id, image, date_added) VALUES (17, 'multiple/combo-phong-ngu-scarlet-moho-signature/combo-phong-ngu-scarlet-moho-signature_4.jpg', NOW());
INSERT IGNORE INTO app_productimage (product_id, image, date_added) VALUES (17, 'multiple/combo-phong-ngu-scarlet-moho-signature/combo-phong-ngu-scarlet-moho-signature_5.jpg', NOW());
REPLACE INTO app_product (id, name, price, sale_price, digital, image, description, material, size, origin, quality) VALUES (18, 'Giường Ngủ Bọc Vải 1m6 SCARLET - MOHO Signature', 19990000, 17990000, 0, 'main/giuong-ngu-boc-vai-1m6-scarlet-moho-signature_1.jpg', 'Đặc điểm nổi bật Đầu giường bọc vải cao cấp tích hợp ngăn đựng tiện lợi : Thiết kế thông minh giúp bạn cất giữ sách báo, tạp chí hoặc tablet ngay trong tầm tay, vừa tiện lợi vừa tạo điểm nhấn độc đáo Khung gỗ Ash tự nhiên : Bền chắc, an toàn sức khỏe, thân thiện môi trường, nổi bật với vân gỗ sang trọng.', 'Gỗ câm xe tự nhiên', 'Hệ 3 thanh giằng kim loại tăng cường : Gồm 3 thanh giằng kim loại kết hợp cùng 6 chân đỡ, giúp giườn', 'Việt Nam', 'Loại 1');
INSERT IGNORE INTO app_product_category (product_id, category_id) VALUES (18, 2);
INSERT IGNORE INTO app_productimage (product_id, image, date_added) VALUES (18, 'multiple/giuong-ngu-boc-vai-1m6-scarlet-moho-signature/giuong-ngu-boc-vai-1m6-scarlet-moho-signature_2.jpg', NOW());
INSERT IGNORE INTO app_productimage (product_id, image, date_added) VALUES (18, 'multiple/giuong-ngu-boc-vai-1m6-scarlet-moho-signature/giuong-ngu-boc-vai-1m6-scarlet-moho-signature_3.jpg', NOW());
INSERT IGNORE INTO app_productimage (product_id, image, date_added) VALUES (18, 'multiple/giuong-ngu-boc-vai-1m6-scarlet-moho-signature/giuong-ngu-boc-vai-1m6-scarlet-moho-signature_4.jpg', NOW());
INSERT IGNORE INTO app_productimage (product_id, image, date_added) VALUES (18, 'multiple/giuong-ngu-boc-vai-1m6-scarlet-moho-signature/giuong-ngu-boc-vai-1m6-scarlet-moho-signature_5.jpg', NOW());
REPLACE INTO app_product (id, name, price, sale_price, digital, image, description, material, size, origin, quality) VALUES (19, 'Bộ Bàn Ghế Ăn 4 Ghế Gỗ Tự Nhiên PLANK', 21950000, 15990000, 0, 'main/bo-ban-ghe-an-4-ghe-go-tu-nhien-plank_1.jpg', 'Bộ bàn ăn 4 chỗ - 6 gỗ tự nhiên PLANK Tối giản, tinh tế, vừa vặn cho căn hộ Bạn đang tìm một bộ bàn ghế ăn vừa đẹp, vừa bền, vừa dễ ứng dụng trong không gian hiện đại? Bộ bàn ghế ăn PLANK từ nội thất MOHO mang đến lựa chọn linh hoạt: bàn + 4 ghế , hoặc bàn + 1 ghế băng + 2 ghế đơn .', 'Gỗ câm xe tự nhiên', 'Kích thước bàn : Dài 160 x Rộng 80 x Cao 75 cm', 'Việt Nam', 'Loại 1');
INSERT IGNORE INTO app_product_category (product_id, category_id) VALUES (19, 7);
INSERT IGNORE INTO app_productimage (product_id, image, date_added) VALUES (19, 'multiple/bo-ban-ghe-an-4-ghe-go-tu-nhien-plank/bo-ban-ghe-an-4-ghe-go-tu-nhien-plank_2.jpg', NOW());
INSERT IGNORE INTO app_productimage (product_id, image, date_added) VALUES (19, 'multiple/bo-ban-ghe-an-4-ghe-go-tu-nhien-plank/bo-ban-ghe-an-4-ghe-go-tu-nhien-plank_3.jpg', NOW());
INSERT IGNORE INTO app_productimage (product_id, image, date_added) VALUES (19, 'multiple/bo-ban-ghe-an-4-ghe-go-tu-nhien-plank/bo-ban-ghe-an-4-ghe-go-tu-nhien-plank_4.jpg', NOW());
INSERT IGNORE INTO app_productimage (product_id, image, date_added) VALUES (19, 'multiple/bo-ban-ghe-an-4-ghe-go-tu-nhien-plank/bo-ban-ghe-an-4-ghe-go-tu-nhien-plank_5.jpg', NOW());
REPLACE INTO app_product (id, name, price, sale_price, digital, image, description, material, size, origin, quality) VALUES (20, 'Bộ Bàn Ăn 6 Ghế Gỗ Tự Nhiên PLANK', 27930000, 19490000, 0, 'main/bo-ban-an-6-ghe-go-tu-nhien-plank_1.jpg', 'Bộ bàn ghế ăn PLANK 6–8 chỗ Thiết kế tối giản, kết nối tinh tế Bạn đang tìm kiếm một bộ bàn ghế ăn thật sự khác biệt – vừa tối ưu công năng, vừa nâng tầm thẩm mỹ cho không gian sống? Bộ bàn ăn PLANK 6–8 chỗ chính là lựa chọn dành cho những ai yêu thích phong cách tối giản Bắc Âu , chú trọng chất lượng sống và cảm xúc sử dụng .', 'Gỗ cao su tự nhiên, veneer sồi trắng, đệm vải polyester cao cấp (LYH - FINGAL)', 'Kích thước bàn : Dài 160 x Rộng 80 x Cao 75 cm | Kích thước ghế băng : Dài 140 x Rộng 37 x Cao 45 cm', 'Việt Nam', 'Loại 1');
INSERT IGNORE INTO app_product_category (product_id, category_id) VALUES (20, 7);
INSERT IGNORE INTO app_productimage (product_id, image, date_added) VALUES (20, 'multiple/bo-ban-an-6-ghe-go-tu-nhien-plank/bo-ban-an-6-ghe-go-tu-nhien-plank_2.jpg', NOW());
INSERT IGNORE INTO app_productimage (product_id, image, date_added) VALUES (20, 'multiple/bo-ban-an-6-ghe-go-tu-nhien-plank/bo-ban-an-6-ghe-go-tu-nhien-plank_3.jpg', NOW());
INSERT IGNORE INTO app_productimage (product_id, image, date_added) VALUES (20, 'multiple/bo-ban-an-6-ghe-go-tu-nhien-plank/bo-ban-an-6-ghe-go-tu-nhien-plank_4.jpg', NOW());
INSERT IGNORE INTO app_productimage (product_id, image, date_added) VALUES (20, 'multiple/bo-ban-an-6-ghe-go-tu-nhien-plank/bo-ban-an-6-ghe-go-tu-nhien-plank_5.jpg', NOW());
SET FOREIGN_KEY_CHECKS = 1;